address	real_len	shape	module	name	trimmed_bytes
00a00940	12	call-then-ret	CGraphicBankStateBlock	CGraphicBankStateBlock::CreateCRC	6a608d410450e805000000c3
00c8db20	12	call-then-ret	_Dest_val<std::allocator<NCreatureHitNotification::CFlash>,NCreatureHitNotification	_Dest_val<std::allocator<NCreatureHitNotification::CFlash>,NCreatureHitNotification::CFlash>	8bc16a008bcae8a5feffffc3
006ca8b0	13	call-then-ret	SetStaticCast<NUISystem	SetStaticCast<NUISystem::CComponent>	8b41048b115052e8140a0000c3
009c7b70	13	call-then-ret	_global	ConstructString	6aff5251e8e7feffff83c40cc3
00a39c20	13	call-then-ret	CWADFile	CWADFile::GetLength	8b41088b490450e81426f9ffc3
00beb540	13	call-then-ret	_global	operator_new	518b0dc4ba4301e8c413e7ffc3
00c0dec0	13	call-then-ret	operator&&<NScript::CPredicate_And<NScript::CPredicate_And<NScript::CPredicate_And<NScript::CPredicate_And<NScript::CIsThingAlive,NScript::CIsThingAlive>,NScript::CIsThingAlive>,NScript::CIsThingAlive>,NScript::CIsThingAlive>,NScript	operator&&<NScript::CPredicate_And<NScript::CPredicate_And<NScript::CPredicate_And<NScript::CPredicate_And<NScript::CIsThingAlive,NScript::CIsThingAlive>,NScript::CIsThingAlive>,NScript::CIsThingAlive>,NScript::CIsThingAlive>,NScript::CIsThingAlive>	56528bf1e877feffff8bc65ec3
00c0def0	13	call-then-ret	operator&&<NScript::CPredicate_And<NScript::CPredicate_And<NScript::CPredicate_And<NScript::CPredicate_And<NScript::CIsThingAlive,NScript::CIsThingAlive>,NScript::CIsThingAlive>,NScript::CIsThingAlive>,NScript::CIsThingAlive>,NScript	operator&&<NScript::CPredicate_And<NScript::CPredicate_And<NScript::CPredicate_And<NScript::CPredicate_And<NScript::CIsThingAlive,NScript::CIsThingAlive>,NScript::CIsThingAlive>,NScript::CIsThingAlive>,NScript::CIsThingAlive>,NScript::CIsThingAlive>	56528bf1e807ffffff8bc65ec3
00c0df00	13	call-then-ret	operator&&<NScript::CPredicate_And<NScript::CPredicate_And<NScript::CPredicate_And<NScript::CPredicate_And<NScript::CIsThingAlive,NScript::CIsThingAlive>,NScript::CIsThingAlive>,NScript::CIsThingAlive>,NScript::CIsThingAlive>,NScript	operator&&<NScript::CPredicate_And<NScript::CPredicate_And<NScript::CPredicate_And<NScript::CPredicate_And<NScript::CIsThingAlive,NScript::CIsThingAlive>,NScript::CIsThingAlive>,NScript::CIsThingAlive>,NScript::CIsThingAlive>,NScript::CIsThingAlive>	56528bf1e8a7feffff8bc65ec3
00c0df10	13	call-then-ret	operator&&<NScript::CPredicate_And<NScript::CPredicate_And<NScript::CPredicate_And<NScript::CPredicate_And<NScript::CIsThingAlive,NScript::CIsThingAlive>,NScript::CIsThingAlive>,NScript::CIsThingAlive>,NScript::CIsThingAlive>,NScript	operator&&<NScript::CPredicate_And<NScript::CPredicate_And<NScript::CPredicate_And<NScript::CPredicate_And<NScript::CIsThingAlive,NScript::CIsThingAlive>,NScript::CIsThingAlive>,NScript::CIsThingAlive>,NScript::CIsThingAlive>,NScript::CIsThingAlive>	56528bf1e8e7feffff8bc65ec3
00c36210	13	call-then-ret	CTCInventoryAbilities	AddLearnedExpression	8d41445083c14ce884f60000c3
00c38b10	15	call-then-ret	CComponent	GetCurrentState	518d04245083c10ce8d307000059c3
0049e200	17	call-then-ret	CWorld	GetChecksum	8b4950e8280308008b0dbc893b0103c1c3
008424d0	17	call-then-ret	CCreatureAction_LookThroughWindow	CCreatureAction_LookThroughWindow::PerformAction	6a006a10e85704e5ff8bc8e8e020dfffc3
009a76a0	17	call-then-ret	CUserProfileManager	GetAutoSaveFileName	5668d4a73c018bf1e87340ffff8bc65ec3
00c1d7d0	17	call-then-ret	CScriptModuleSelfTerminateBase	IsFinished	568bf1e8e81100008b4e202bc88bc15ec3
00c969b0	17	call-then-ret	_Cons_val<std	_Cons_val<std::allocator<CCharString>,CCharString,char_const_(&)[5]>	83f801740b518d0c825150e840feffffc3
004c7e70	18	call-then-ret	_global	operator_new	8bc18b0dfc893b018b490450e80fc92300c3
009bf5e0	18	call-then-ret	CDisplayManager	CopyBackBufferToTexture	568d412c8d714c5056e862fdffff8bc65ec3
00657280	19	call-then-ret	CAIStateGroup_BuyFromSeller	BoughtSomething	568bf18b0da0863b01e83af5dbff89462c5ec3
00908de0	19	call-then-ret	CCombatSequence_BattleCharge	?OnStart@CCombatSequence_BattleCharge@@UAEXXZ	568bf18b0da0863b01e8dad9b0ff8946285ec3
00946630	19	call-then-ret	CAIStateGroup_LightWorkCandle	CAIStateGroup_LightWorkCandle::ShouldBeLit	e86b69fbff8b481ce8834cd7fff6d81bc040c3
0096f030	19	call-then-ret	CAIStateGroup_MinionBehaviourSad	?CleanupLeaf@CAIStateGroup_MinionBehaviourSad@@UAEXXZ	568bf18b4e246a14e863bbdcffc6463c005ec3
009f73a0	19	call-then-ret	_global	operator_new	558bec51894dfc8b4dfce8a1feffff8be55dc3
00c1eb10	19	call-then-ret	_global	operator_new	c70104342b01518b490483c12ce8ce000000c3
004874d0	20	call-then-ret	CPlayer	IsFirstPersonTargeting	e80bc71a0083f8167503b001c383f8190f94c0c3
0092bf30	20	call-then-ret	CAIStateGroup_MinionWander	CAIStateGroup_MinionWander::IsRunnable	8b41048b48188b4964e8c212b9ff84c00f95c0c3
0068c6d0	13	call-then-retN	CInputProcessHeroInformationScreens	CInputProcessHeroInformationScreens::ProcessInput	8b44240450e8b6b3ffffc20800
005e9a60	14	call-then-retN	_Dest_val<std::allocator<NCreatureHitNotification::CFlash>,NCreatureHitNotification	_Dest_val<std::allocator<NCreatureHitNotification::CFlash>,NCreatureHitNotification::CFlash>	8b4c24046a01e81501eeffc20400
0076e5d0	17	call-then-retN	vector<EWeaponClass	_Umove<EWeaponClass*>	8b5424048d41605052e8f2feffffc20400
00c35af0	17	call-then-retN	_global	operator_new	8b4424088b4c240450e852d40000c20800
00c35b10	17	call-then-retN	_global	operator_new	8b4424088b4c240450e8c2d40000c20800
00996970	18	call-then-retN	_Cons_val<std::allocator<std::pair<unsigned_long,CAnimationEntry>_>,std::pair<unsigned_long,CAnimationEntry>,std	_Cons_val<std::allocator<std::pair<unsigned_long,CAnimationEntry>_>,std::pair<unsigned_long,CAnimationEntry>,std::pair<unsigned_long,class_CAnimationEntry>&>	8b44240850518b4c240ce861fbffffc20800
0098f350	19	call-then-retN	_Cons_val<std::allocator<std::pair<unsigned_long,CAnimationEntry>_>,std::pair<unsigned_long,CAnimationEntry>,std	_Cons_val<std::allocator<std::pair<unsigned_long,CAnimationEntry>_>,std::pair<unsigned_long,CAnimationEntry>,std::pair<unsigned_long,class_CAnimationEntry>&>	8b4424045150b970c83b01e890fdffffc20400
009ff8b0	19	call-then-retN	CGraphicDataBank	CGraphicDataBank::NotifyBankSize	8b4424045081c1e0010000e8601f0000c20800
00a4eae0	19	call-then-retN	CRegion	SetMiniMapRegionExitTextOffsetY	8b4424045083c120e823580000d94014c20400
00c0aee0	20	call-then-retN	_global	ConstructString	8b4424086a10508b44240c50e87fffffffc20800
00c0af00	20	call-then-retN	_global	ConstructString	8b4424086a08508b44240c50e85fffffffc20800
00c3a950	20	call-then-retN	_global	ConstructString	8b4424088b542404506a0052e80f0cfdffc20800
00f35b10	20	call-then-retN	CWorldMap	AllocateMapThingUID	8b4424048b1150ff520c8bc8e8ff1dd8ffc20400
009f76c0	19	ebp-frame	CNavBlockedQuadTreeNode	AddToIndexTable	558bec51894dfc8b45fc8b0083c0088be55dc3
00917300	3	empty-stub	CAIStateGroup_IdleAtHome	CAIStateGroup_IdleAtHome::InitStateGroup	c20800
00c465b0	9	other	CIsThingAlive	operator()	8b410483c104ff6028
007445d0	13	other	CTCPhysicsBase	GetAirResistance	8b4134d94028d80d008e2301c3
00784b20	13	other	CRenderTarget	DetachTarget	8b412c85c07405e984fbffffc3
0085b8a0	13	other	CCreatureActionHeroJump	CCreatureActionHeroJump::IsPreventingNormalMovement	8b411c8b5110403bc20f9cc0c3
008b0640	13	other	CCombatSequenceBase	Stop	33c088410489410c8b01ff6048
00c06050	13	other	_global	operator_new	8b44240850ff155401440159c3
00c60fe0	13	other	CShaderRenderManager	OnPostViewportChanged	8189680300000000008033c0c3
00c623f0	14	other	_List_const_iterator<std::_List_val<CVsyncCallbackTimer::CPendingQuery	operator--	8b4424048b088b51048b02c20400
009f3220	15	other	CComponent	CanMove	8bc18b0a8b52048908895004c20400
009fc430	15	other	CResourceBank	FrameEnd	ff413033c089413cff416c894178c3
00a23c20	15	other	C3DMeshLODInfo	C3DMeshLODInfo::CanAbortResourceLoad	8b4c240433c083f9010f9fc0c20400
00bb6dc0	15	other	CEngineInternalPrimitiveParticleDecalGroup	CEngineInternalPrimitiveParticleDecalGroup::PrimTypeMatchesGroup	8b4c240433c083f9190f94c0c20400
00c21e90	15	other	CIsThingAlive	operator()	8b812802000081c128020000ff6024
00c21ea0	15	other	CIsThingAlive	operator()	8b812802000081c128020000ff6020
00c8df60	15	other	CEditWorld	DrawGetWorldMap	8b411c85c074048b0490c383c8ffc3
00ca3b10	15	other	_global	FtoL	51dd442408db1c248b042459c20800
006cb5f0	17	other	CGroundNavigatorExternalInterface	CGroundNavigatorExternalInterface::IsPlayer	8b41048a501033c980fa020f94c18ac1c3
007e35f0	17	other	CScriptGameResourceObjectScriptedThingBase	AskHeroQuestion	8b410c85c074078bc88b01ff603cc20400
00c25790	17	other	CTCGatherPointBuilding	Init	d941048b098b442404d958048908c20400
007febf0	18	other	CTCUserActionPointBase	IsActionPointFree	8b410c568b711033d23bc60f95c28ac25ec3
00bfd390	18	other	CEngineWaterBackgroundSubPatch	CEngineWaterBackgroundSubPatch::CanRelocateData	8b41048a505c33c984d20f94c18ac1c20400
00bfddb0	18	other	CLandscapeLayerMesh	CLandscapeLayerMesh::CanRelocateData	8b41408a505c33c984d20f94c18ac1c20400
00c2a620	18	other	CTCPhysicsNavigator	EnableNavigator	8bc18a4c2404c70078412b01884804c20400
00c9cb40	18	other	CTopologySizeGrid	Hora	8b48100faf4c240403ca8b108b048ac20400
00922fa0	19	other	CAIStateGroup_ServeFood	CAIStateGroup_ServeFood::InitStateGroup	83c8ffc741140000000089411c894144c20800
009a0ea0	19	other	CStreamingFontBank	CStreamingFontBank::GetFontMaxHeight	518b4104db410485c07d06d805b4dc220159c3
00c3b690	19	other	CWADFile	Close	8bc18b0d00c93901890833c9894804894808c3
00abc370	20	other	C3DMeshFileGroupChunk	GetList	8b51348d41308b082bd1c1fa0385d276028bc1c3
00688a60	13	tail-jmp	CInputProcessTargetLockRightStickTargetSelect	CInputProcessTargetLockRightStickTargetSelect::AddToInterface	32c0884128884129e903f0ffff
0096a250	13	tail-jmp	CAIStateGroup_WhisperRetreat	CAIStateGroup_WhisperRetreat::Initialise	33c089412889412ce9c335fbff
009fc540	13	tail-jmp	CResourceList	CResourceList::HandleFailedAllocation	c744240400000000e923fcffff
008b06e0	17	tail-jmp	CCombatSequenceGeneric	CCombatSequenceGeneric::GetFramesToPredictTargetPosition	db05505537018b4128d84860e97fe33400
00caf070	19	tail-jmp	CRenderManager2D	AddLineToDrawBuffer	85c9740883c104e934ffffff33c9e92dffffff
009fc520	20	tail-jmp	CInputProcessGameBase	AddToInterface	8b442404894128c744240400000000e9dcfcffff
00c10140	13	vtable-call	CDataOutputStream	WriteCBYTE	8b018d54240452ff5044c20400
004853e9	17	vtable-call	CEngineInternalPrimitiveBase	AddChildPrimitive	558bec515733c08d7dffaa8a45ff5fc9c3
00c10120	17	vtable-call	CIsThingAlive	operator()	8b411083c1108d54240452ff5044c20400
009e9f90	18	vtable-call	_global	SetToDisplayText	a138aa3c0185c074088b10518bc8ff5214c3
00c10100	18	vtable-call	CScriptBase	Activate	568bf18b06ff50188b56108d4e105eff6218
006cdae0	19	vtable-call	CGroundNavigatorExternalInterface	CGroundNavigatorExternalInterface::PeekNavigatorMaxSpeed	8b49048b5424048b0152ff903c010000c20400
00e1cac0	19	vtable-call	CSpawnedFunc1<NScript::CQ_WizardBattleScript	SuspendableProcess	568bf18b463c8b4e3850ff5634c64605015ec3
004aaa40	20	vtable-call	CScriptThing	?GetAngleXY@CScriptThing@@UBEMXZ	8b490485c97507d905dcde2201c38b01ff5028c3
