0	0133fbb8	<nonfunc>
1	006e7c90	`vector_deleting_destructor'
2	0099a400	?Validate@CBaseObject@@UBEXXZ
3	0133fc08	<nonfunc>
4	006e7d50	`vector_deleting_destructor'
5	0088de00	?Error@CGameScriptInterface@@UBEXABVCCharString@@00K@Z
6	006e7d20	?TraceMessage@CGameScriptInterface@@UBEXABVCCharString@@@Z
7	006e72a0	?Validate@CGameScriptInterface@@UBEXXZ
8	0088e0f0	?SetDebugCameraType@CGameScriptInterface@@UBEXJ@Z
9	008a0c60	?DeactivateBoastUi@CGameScriptInterface@@UBEXXZ
10	0088e100	?IsXbox@CGameScriptInterface@@UBE_NXZ
11	006e7410	?NewScriptFrame@CGameScriptInterface@@UBEXXZ
12	0089b5b0	?StartScriptingEntity@CGameScriptInterface@@UAE_NABVCScriptThing@@AAVCScriptGameResourceObjectScriptedThingBase@@W4EScriptAIPriority@@@Z
13	008960c0	?IsEntityUnderScriptedControl@CGameScriptInterface@@UBE_NABVCScriptThing@@@Z
14	006e71b0	?IsActiveThreadTerminating@CGameScriptInterface@@UBE_NXZ
15	0088e2a0	?IsLevelLoaded@CGameScriptInterface@@UBE_NABVCCharString@@@Z
16	0088e300	?IsRegionLoaded@CGameScriptInterface@@UBE_NABVCCharString@@@Z
17	00890550	?IsRegionLoadedAndPreloaded@CGameScriptInterface@@UBE_NABVCCharString@@@Z
18	00891db0	?IsRegionDefLoaded@CGameScriptInterface@@UBE_NABVCCharString@@@Z
19	0088e340	?GetRegionName@CGameScriptInterface@@UBEABVCCharString@@XZ
20	008931b0	?MsgIsLevelLoaded@CGameScriptInterface@@UBE_NABVCCharString@@@Z
21	00893240	?MsgIsLevelUnloaded@CGameScriptInterface@@UBE_NABVCCharString@@@Z
22	0089ac10	?MsgOnLevelLoaded@CGameScriptInterface@@UBE_NAAV?$list@VCCharString@@V?$allocator@VCCharString@@@std@@@std@@@Z
23	0089ac80	?MsgOnLevelUnloaded@CGameScriptInterface@@UBE_NAAV?$list@VCCharString@@V?$allocator@VCCharString@@@std@@@std@@@Z
24	008932d0	?MsgIsRegionLoaded@CGameScriptInterface@@UBE_NABVCCharString@@@Z
25	00893360	?MsgIsRegionUnloaded@CGameScriptInterface@@UBE_NABVCCharString@@@Z
26	008933f0	?MsgOnRegionLoaded@CGameScriptInterface@@UBE_NAAVCCharString@@@Z
27	00893470	?MsgOnRegionUnloaded@CGameScriptInterface@@UBE_NAAVCCharString@@@Z
28	008934f0	?MsgOnRegionPreunload@CGameScriptInterface@@UBE_NAAVCCharString@@@Z
29	00893570	?MsgOnQuestCompleted@CGameScriptInterface@@UBE_NABVCCharString@@@Z
30	00893610	?MsgOnAnyQuestCompleted@CGameScriptInterface@@UBE_NAAVCCharString@@@Z
31	00893690	?MsgOnQuestFailed@CGameScriptInterface@@UBE_NABVCCharString@@@Z
32	00893730	?MsgOnQuestCompletedBeforeScreenShown@CGameScriptInterface@@UBE_NABVCCharString@@@Z
33	008937d0	?MsgOnQuestFailedBeforeScreenShown@CGameScriptInterface@@UBE_NABVCCharString@@@Z
34	00893870	?MsgOnQuestAccepted@CGameScriptInterface@@UBE_NAAVCCharString@@@Z
35	008938f0	?MsgOnFeatAccepted@CGameScriptInterface@@UBE_NAAJ@Z
36	00893960	?MsgIsBoastMade@CGameScriptInterface@@UBE_NJ@Z
37	008939d0	?MsgOnBoastMade@CGameScriptInterface@@UBE_NAAJAAVCCharString@@@Z
38	008a9ae0	?MsgOnBoastsMade@CGameScriptInterface@@UBE_NAAV?$vector@U?$pair@JVCCharString@@@std@@V?$allocator@U?$pair@JVCCharString@@@std@@@2@@std@@@Z
39	00893a50	?RemoveBoastMessage@CGameScriptInterface@@UBEXXZ
40	0089ad90	?IsQuestStartScreenActive@CGameScriptInterface@@UBE_NAAVCCharString@@@Z
41	0089ae30	?MsgOnLeavingQuestStartScreen@CGameScriptInterface@@UBE_NAAVCCharString@@@Z
42	00893ab0	?MsgOnLeavingExperienceSpendingScreen@CGameScriptInterface@@UBE_NXZ
43	00894300	?MsgIsQuestionAnsweredYesOrNo@CGameScriptInterface@@UBEJXZ
44	00894370	?MsgIsGameInfoClickedPast@CGameScriptInterface@@UBE_NXZ
45	008943c0	?MsgIsTutorialClickedPast@CGameScriptInterface@@UBE_NXZ
46	00894440	?MsgIsActionModeButtonPressed@CGameScriptInterface@@UBE_NXZ
47	00893b00	?MsgOnExpressionPerformed@CGameScriptInterface@@UBE_NAAVCCharString@@@Z
48	00893ba0	?MsgIsCutSceneSkipped@CGameScriptInterface@@UBE_NXZ
49	0089af30	?RemoveAllCutSceneSkippedMessages@CGameScriptInterface@@UBEXXZ
50	00893c00	?MsgOnHeroHairTypeChanged@CGameScriptInterface@@UBE_NW4EClothingCoversArea@@AAVCCharString@@@Z
51	00893d80	?MsgOnHeroUsedTeleporter@CGameScriptInterface@@UBE_NAAVCCharString@@@Z
52	00893e20	?MsgOnHeroUsedGuildSeal@CGameScriptInterface@@UBE_NXZ
53	00893e70	?MsgOnGameSavedManually@CGameScriptInterface@@UBE_NXZ
54	00893ec0	?MsgOnHeroSlept@CGameScriptInterface@@UBE_NAA_N@Z
55	00893f30	?MsgOnHeroFiredRangedWeapon@CGameScriptInterface@@UBE_NXZ
56	00893f80	?MsgOnHeroCastSpell@CGameScriptInterface@@UBE_NAAW4EHeroAbility@@@Z
57	00893ff0	?MsgOnHeroPickedPocket@CGameScriptInterface@@UBE_NAAVCScriptThing@@@Z
58	00894080	?MsgOnHeroPickedLock@CGameScriptInterface@@UBE_NAAVCScriptThing@@@Z
59	00894110	?MsgOnFishingGameFinished@CGameScriptInterface@@UBE_NAAVCScriptThing@@@Z
60	008941a0	?MsgOnTavernGameFinished@CGameScriptInterface@@UBE_NABVCScriptThing@@@Z
61	00894250	?MsgOnHeroRewardedWithItemsFrom@CGameScriptInterface@@UBE_NAAVCCharString@@@Z
62	008942c0	?MsgOnChestOpeningCancelled@CGameScriptInterface@@UBE_NXZ
63	0088e380	?DontPopulateNextLoadedRegion@CGameScriptInterface@@UBEXXZ
64	0088e390	?GetWanderingPopulationScriptDefNameInCurrentRegion@CGameScriptInterface@@UBEXAAVCCharString@@@Z
65	00891e30	?GetWanderingPopulationScriptDefNameInRegion@CGameScriptInterface@@UBEXABVCCharString@@AAV2@@Z
66	00891ea0	?IsHeroAllowedHenchmenInCurrentRegion@CGameScriptInterface@@UBE_NXZ
67	00891ef0	?IsHeroAllowedHenchmenInRegion@CGameScriptInterface@@UBE_NABVCCharString@@@Z
68	006e7460	?PostAddScriptedEntities@CGameScriptInterface@@UBEXXZ
69	008905b0	?IsPlayerHoldingUnsheatheRangedWeaponButton@CGameScriptInterface@@UBE_NXZ
70	008905e0	?IsPlayerHoldingLockTargetButton@CGameScriptInterface@@UBE_NXZ
71	00890610	?IsPlayerHoldingFireRangedWeaponButton@CGameScriptInterface@@UBE_NXZ
72	00890640	?IsPlayerHoldingFirstPersonTargetingButton@CGameScriptInterface@@UBE_NXZ
73	00890670	?IsHeroInProjectileWeaponMode@CGameScriptInterface@@UBE_NXZ
74	00891ca0	?GetHero@CGameScriptInterface@@UAEAAVCScriptThing@@XZ
75	0089a490	?GetHeroTargetedThing@CGameScriptInterface@@UBE?AVCScriptThing@@XZ
76	008a7d60	?GetThingWithScriptName@CGameScriptInterface@@UBE?AVCScriptThing@@ABVCCharString@@@Z
77	008930f0	?GetThingWithScriptName@CGameScriptInterface@@UBE?AVCScriptThing@@ABVCCharString@@0@Z
78	008a7e00	?GetRandomThingWithScriptName@CGameScriptInterface@@UBE?AVCScriptThing@@ABVCCharString@@@Z
79	008a8570	?GetAllThingsWithScriptName@CGameScriptInterface@@UBEJABVCCharString@@AAV?$vector@VCScriptThing@@V?$allocator@VCScriptThing@@@std@@@std@@@Z
80	008a86c0	?GetAllCreaturesInAreaWithScriptName@CGameScriptInterface@@UBEJABVCCharString@@ABVC3DVector@@MAAV?$vector@VCScriptThing@@V?$allocator@VCScriptThing@@@std@@@std@@@Z
81	0089a510	?GetNearestWithScriptName@CGameScriptInterface@@UBE?AVCScriptThing@@ABV2@ABVCCharString@@@Z
82	0089a6e0	?GetFurthestWithScriptName@CGameScriptInterface@@UBE?AVCScriptThing@@ABV2@ABVCCharString@@@Z
83	008a9c40	?GetAllThingsWithDefNameByDistanceFrom@CGameScriptInterface@@UBEJABVCScriptThing@@ABVCCharString@@AAV?$vector@VCScriptThing@@V?$allocator@VCScriptThing@@@std@@@std@@@Z
84	008a8890	?GetAllThingsWithDefName@CGameScriptInterface@@UBEJABVCCharString@@AAV?$vector@VCScriptThing@@V?$allocator@VCScriptThing@@@std@@@std@@@Z
85	0089a880	?GetNearestWithDefName@CGameScriptInterface@@UBE?AVCScriptThing@@ABV2@ABVCCharString@@@Z
86	0089aa70	?GetFurthestWithDefName@CGameScriptInterface@@UBE?AVCScriptThing@@ABV2@ABVCCharString@@@Z
87	00891d50	?GetThingWithUID@CGameScriptInterface@@UBE?AVCScriptThing@@_K@Z
88	008a89d0	?GetAllCreaturesExcludingHero@CGameScriptInterface@@UBEJAAV?$vector@VCScriptThing@@V?$allocator@VCScriptThing@@@std@@@std@@@Z
89	008a8af0	?GetAllThingsInLevel@CGameScriptInterface@@UBEJABVCCharString@@AAV?$vector@VCScriptThing@@V?$allocator@VCScriptThing@@@std@@@std@@@Z
90	0088e260	?IsThingWithThisUIDAlive@CGameScriptInterface@@UBE_N_K@Z
91	006e79e0	?RegisterTimer@CGameScriptInterface@@UAEJXZ
92	006e7690	?DeregisterTimer@CGameScriptInterface@@UAEXJ@Z
93	006e76e0	?SetTimer@CGameScriptInterface@@UAEXJJ@Z
94	006e7710	?GetTimer@CGameScriptInterface@@UBEJJ@Z
95	008a9100	?CreateCreature@CGameScriptInterface@@UBE?AVCScriptThing@@ABVCCharString@@ABVC3DVector@@0_N@Z
96	0089f300	?CreateCreatureNearby@CGameScriptInterface@@UBE?AVCScriptThing@@ABVCCharString@@ABVC3DVector@@M0_N@Z
97	00894500	?CreateCreatureOnEntity@CGameScriptInterface@@UBE?AVCScriptThing@@ABVCCharString@@ABV2@0@Z
98	0089f4a0	?TurnCreatureInto@CGameScriptInterface@@UBE?AVCScriptThing@@ABV2@ABVCCharString@@@Z
99	006e7d30	?SetCreatureCreationDelayFrames@CGameScriptInterface@@UAEXJ@Z
100	006e7d40	?ResetCreatureCreationDelayFrames@CGameScriptInterface@@UAEXXZ
101	00894950	?CreateObject@CGameScriptInterface@@UBE?AVCScriptThing@@ABVCCharString@@ABVC3DVector@@M0@Z
102	00894820	?CreateObject@CGameScriptInterface@@UBE?AVCScriptThing@@ABVCCharString@@ABVC3DVector@@0@Z
103	008946e0	?CreateObjectOnEntity@CGameScriptInterface@@UBE?AVCScriptThing@@ABVCCharString@@ABV2@0@Z
104	0089f9e0	?CreateEffect@CGameScriptInterface@@UBE?AVCScriptThing@@ABVCCharString@@ABVC3DVector@@0M_N2@Z
105	0089f910	?CreateEffect@CGameScriptInterface@@UBE?AVCScriptThing@@ABVCCharString@@ABV2@00_N2@Z
106	0089faa0	?CreateLight@CGameScriptInterface@@UBE?AVCScriptThing@@ABVC3DVector@@ABVCRGBColour@@ABVCCharString@@MM_N@Z
107	0089fbb0	?CreateExperienceOrb@CGameScriptInterface@@UBE?AVCScriptThing@@ABVC3DVector@@J@Z
108	0089fc80	?CreateExplosion@CGameScriptInterface@@UBE?AVCScriptThing@@ABVCCharString@@ABVC3DVector@@PBV4@V3@@Z
109	0089fd20	?CreatePhysicalBarrier@CGameScriptInterface@@UBE?AVCScriptThing@@MABVC3DVector@@PBV3@VCCharString@@@Z
110	0089fda0	?CreateRumble@CGameScriptInterface@@UBE?AVCScriptThing@@ABVC3DVector@@MMVCCharString@@@Z
111	00892df0	?ClearAllRumbles@CGameScriptInterface@@UBEXXZ
112	008910d0	?RemoveThing@CGameScriptInterface@@UBEXABVCScriptThing@@_N1@Z
113	00892810	?ShowOnScreenMessage@CGameScriptInterface@@UBEXABVC2DVector@@ABVCCharString@@ABVCRGBColour@@1@Z
114	008927b0	?ShowOnScreenMessage@CGameScriptInterface@@UBEXABVCCharString@@00M@Z
115	00892780	?ShowOnScreenMessage@CGameScriptInterface@@UBEXABVCCharString@@M@Z
116	00892850	?AddScreenMessage@CGameScriptInterface@@UBEXABVCCharString@@W4ETextGroupSelectionMethod@@@Z
117	0089e4c0	?AddScreenTitleMessage@CGameScriptInterface@@UBEXABVCCharString@@M_N@Z
118	0089e540	?GiveHeroYesNoQuestion@CGameScriptInterface@@UBEXABVCCharString@@000_N@Z
119	008929d0	?DisplayGameInfo@CGameScriptInterface@@UBEXABVCCharString@@@Z
120	00892a80	?DisplayGameInfoText@CGameScriptInterface@@UBEXABVCWideString@@@Z
121	00892b30	?IsSafeToDisplayGameInfo@CGameScriptInterface@@UBE_NXZ
122	0089e710	?DisplayTutorial@CGameScriptInterface@@UBE_NW4ETutorialCategory@@@Z
123	0088f3e0	?IsTutorialSystemEnabled@CGameScriptInterface@@UBE_NXZ
124	0088e130	?GiveHeroWeapon@CGameScriptInterface@@UBEXABVCCharString@@_N@Z
125	008902e0	?GiveHeroObject@CGameScriptInterface@@UBEXABVCCharString@@J_N@Z
126	00898b30	?SetWeaponAsHerosActiveWeapon@CGameScriptInterface@@UBEXABVCCharString@@@Z
127	00898bb0	?GiveHeroItem@CGameScriptInterface@@UBEXABVCScriptThing@@@Z
128	00898c40	?GiveHeroItemsFromContainer@CGameScriptInterface@@UBE_NABVCScriptThing@@_N@Z
129	00898db0	?TakeObjectFromHero@CGameScriptInterface@@UBEXABVCCharString@@@Z
130	00898f40	?GiveHeroGold@CGameScriptInterface@@UBEXJ@Z
131	00898fa0	?GetHeroGold@CGameScriptInterface@@UBEJXZ
132	00899000	?GiveHeroExperience@CGameScriptInterface@@UBEXJ@Z
133	00899060	?SetHeroAbleToGainExperience@CGameScriptInterface@@UBEX_N@Z
134	008916a0	?SheatheHeroWeapons@CGameScriptInterface@@UBEXXZ
135	00898340	?SetHeroWillAsUsable@CGameScriptInterface@@UBEX_N@Z
136	00898410	?SetHeroWeaponsAsUsable@CGameScriptInterface@@UBEX_N@Z
137	008984e0	?SetWeaponOutCrimeEnabled@CGameScriptInterface@@UBEX_N@Z
138	00898540	?SetGuardsIgnoreCrimes@CGameScriptInterface@@UBEX_N@Z
139	00898600	?RemoveAllHeroWeapons@CGameScriptInterface@@UBEXXZ
140	008985a0	?IsReportedOrUnreportedCrimeKnown@CGameScriptInterface@@UBE_NABVCScriptThing@@@Z
141	008986d0	?ConfiscateAllHeroItems@CGameScriptInterface@@UBEXXZ
142	008987e0	?ConfiscateAllHeroWeapons@CGameScriptInterface@@UBEXXZ
143	00898840	?ConfiscateItemsOfTypeFromHero@CGameScriptInterface@@UBEXABVCCharString@@@Z
144	00898940	?ReturnAllConfiscatedItemsToHero@CGameScriptInterface@@UBEXXZ
145	00898a50	?GiveHeroTutorial@CGameScriptInterface@@UBE_NW4ETutorialCategory@@@Z
146	00897fa0	?MakeHeroCarryItemInHand@CGameScriptInterface@@UBEXABVCScriptThing@@_N1@Z
147	00897e10	?MakeHeroCarryItemInHand@CGameScriptInterface@@UBEXABVCCharString@@@Z
148	008981c0	?AddTattooToHero@CGameScriptInterface@@UBEXABVCCharString@@@Z
149	0088fcc0	?GiveHeroAbility@CGameScriptInterface@@UBEXW4EHeroAbility@@_N@Z
150	00899b10	?IsPlayerZTargetingThing@CGameScriptInterface@@UBE_NABVCScriptThing@@@Z
151	00899ba0	?IsPlayerCreatureBlocking@CGameScriptInterface@@UBE_NXZ
152	00899c10	?IsPlayerCreatureReadyToFireProjectileWeapon@CGameScriptInterface@@UBE_NAAM@Z
153	00899c90	?GetPlayerCreatureCombatMultiplier@CGameScriptInterface@@UBEJXZ
154	00899cf0	?GetPlayerCreatureCombatMultiplierRunningNumHits@CGameScriptInterface@@UBEJXZ
155	00899d50	?ResetPlayerCreatureCombatMultiplier@CGameScriptInterface@@UBEXXZ
156	00899db0	?IsPlayerCreatureFlourishEnabled@CGameScriptInterface@@UBE_NXZ
157	00899e10	?SetPlayerCreatureOnlyTarget@CGameScriptInterface@@UBEXABVCScriptThing@@@Z
158	00899e90	?ResetPlayerCreatureOnlyTarget@CGameScriptInterface@@UBEXXZ
159	0088e150	?RespawnHero@CGameScriptInterface@@UBEX_N@Z
160	00899ef0	?GiveHeroMorality@CGameScriptInterface@@UBEXM@Z
161	00899f90	?GetHeroMorality@CGameScriptInterface@@UBEMXZ
162	0089a000	?GetHeroMoralityCategory@CGameScriptInterface@@UBE?AW4EMorality@@XZ
163	0089a070	?ChangeHeroMoralityDueToTheft@CGameScriptInterface@@UBEXXZ
164	0089a0e0	?ChangeHeroMoralityDueToPicklock@CGameScriptInterface@@UBEXXZ
165	008990c0	?GiveHeroRenownPoints@CGameScriptInterface@@UBEXJ@Z
166	00899140	?GetHeroRenownLevel@CGameScriptInterface@@UBEJXZ
167	008991a0	?IsHeroRenownLevelFull@CGameScriptInterface@@UBE_NXZ
168	00899220	?IncreaseHeroRenownLevel@CGameScriptInterface@@UBEXXZ
169	00899390	?GetHeroStrengthLevel@CGameScriptInterface@@UBEJXZ
170	00899400	?GetHeroSkillLevel@CGameScriptInterface@@UBEJXZ
171	00899470	?GetHeroWillLevel@CGameScriptInterface@@UBEJXZ
172	00899290	?GetHeroStatLevel@CGameScriptInterface@@UBEJW4EHeroTrainableStatType@@@Z
173	00899310	?GetHeroStatMax@CGameScriptInterface@@UBEJW4EHeroTrainableStatType@@@Z
174	008994e0	?SetHeroAge@CGameScriptInterface@@UBEXM@Z
175	00899560	?GetHeroAge@CGameScriptInterface@@UBEMXZ
176	008995d0	?SetHeroAsTeenager@CGameScriptInterface@@UBEX_N@Z
177	00899680	?SetHeroAsApprentice@CGameScriptInterface@@UBEX_N@Z
178	00899700	?GetDistanceHeroCanBeHeardFrom@CGameScriptInterface@@UBEMXZ
179	00899770	?GetHeroRoughExperienceLevel@CGameScriptInterface@@UBEJXZ
180	008997e0	?GetHeroExperienceAvailableToSpend@CGameScriptInterface@@UBEJXZ
181	00899850	?GetHeroFatness@CGameScriptInterface@@UBEMXZ
182	008998c0	?GetHeroScariness@CGameScriptInterface@@UBEMXZ
183	00899930	?GetHeroAttractiveness@CGameScriptInterface@@UBEMXZ
184	008999a0	?GetHeroWillEnergyLevel@CGameScriptInterface@@UBEMXZ
185	00899a10	?SetHeroWillEnergyLevel@CGameScriptInterface@@UBEXM@Z
186	00899a90	?SetHeroWillEnergyAsAbleToRefill@CGameScriptInterface@@UBEX_N@Z
187	00897190	?GetNumberOfItemsOfTypeInInventory@CGameScriptInterface@@UBEJABVCCharString@@@Z
188	00897220	?IsObjectInThingsPossession@CGameScriptInterface@@UBE_NABVCCharString@@ABVCScriptThing@@@Z
189	00898e60	?IsHeroHandLampLit@CGameScriptInterface@@UBE_NXZ
190	00898ec0	?SetHeroHandLampAsLit@CGameScriptInterface@@UBEX_N@Z
191	0089b2b0	?IsWearingClothingItem@CGameScriptInterface@@UBE_NABVCScriptThing@@ABVCCharString@@@Z
192	0089b330	?IsHeroNaked@CGameScriptInterface@@UBE_NXZ
193	0089b390	?RemoveHeroClothing@CGameScriptInterface@@UBEXXZ
194	0089b3f0	?SetHeroAsWearing@CGameScriptInterface@@UBEXABVCCharString@@@Z
195	0089b450	?ChangeHeroHairstyle@CGameScriptInterface@@UBEXABVCCharString@@@Z
196	0089b4d0	?RemoveHeroHairstyle@CGameScriptInterface@@UBEXXZ
197	0089b530	?IsWearingHairstyle@CGameScriptInterface@@UBE_NAAVCScriptThing@@ABVCCharString@@@Z
198	008973a0	?IsPlayerCarryingItemOfType@CGameScriptInterface@@UBE_NABVCCharString@@@Z
199	00897480	?IsPlayerWieldingWeapon@CGameScriptInterface@@UBE_NXZ
200	008974f0	?IsEntityWieldingWeapon@CGameScriptInterface@@UBE_NABVCScriptThing@@@Z
201	00890220	?IsEntityWieldingMeleeWeapon@CGameScriptInterface@@UBE_NABVCScriptThing@@@Z
202	00890250	?IsEntityWieldingRangedWeapon@CGameScriptInterface@@UBE_NABVCScriptThing@@@Z
203	00897560	?GetPreviouslyWieldedMeleeWeaponName@CGameScriptInterface@@UBE_NAAVCCharString@@@Z
204	00897630	?GetPreviouslyWieldedRangedWeaponName@CGameScriptInterface@@UBE_NAAVCCharString@@@Z
205	00890280	?IsEntityAbleToAttack@CGameScriptInterface@@UBE_NABVCScriptThing@@@Z
206	008976f0	?EntityGetThingInPrimarySlot@CGameScriptInterface@@UBE?AVCScriptThing@@ABV2@@Z
207	008977f0	?ApplyHeroPenaltyForDeath@CGameScriptInterface@@UBEXXZ
208	0088e110	?GiveHeroTitle@CGameScriptInterface@@UBEXABVCCharString@@@Z
209	00897880	?GetHeroTitle@CGameScriptInterface@@UBE?AW4EHeroTitle@@XZ
210	00894dd0	?EntitySetAsMarryable@CGameScriptInterface@@UBEXABVCScriptThing@@_N@Z
211	008978e0	?EntitySetAsAbleToRegionFollowWhenMarried@CGameScriptInterface@@UBEXABVCScriptThing@@_N@Z
212	00897940	?EntityForceMarriageToHero@CGameScriptInterface@@UBEXABVCScriptThing@@_N@Z
213	008979c0	?IsEntityMarriedToHero@CGameScriptInterface@@UBE_NABVCScriptThing@@@Z
214	00897a30	?IsEntityMarriable@CGameScriptInterface@@UBE_NABVCScriptThing@@@Z
215	00897aa0	?GetHeroHasMarried@CGameScriptInterface@@UBE_NXZ
216	00897b10	?GetHeroHasCurrentMarriage@CGameScriptInterface@@UBE_NXZ
217	00897b70	?GetHeroHasDivorcedMarriage@CGameScriptInterface@@UBE_NXZ
218	00897bd0	?GetHeroHasChildren@CGameScriptInterface@@UBE_NXZ
219	00897c30	?GetHeroHasMurderedWife@CGameScriptInterface@@UBE_NXZ
220	008902b0	?IsHeroChild@CGameScriptInterface@@UBE_NXZ
221	008a0820	?CancelHeroTeleportEffects@CGameScriptInterface@@UBEXXZ
222	00897c90	?GetNumberOfTimesHeroHasHadSex@CGameScriptInterface@@UBEJXZ
223	00897cf0	?SetNumberOfTimesHeroHasHadSex@CGameScriptInterface@@UBEXJ@Z
224	00897d50	?SetHeroAsHavingHadSex@CGameScriptInterface@@UBEX_N@Z
225	00897db0	?SetHeroAsHavingHadGaySex@CGameScriptInterface@@UBEX_N@Z
226	00898ac0	?GiveThingHeroRewardItem@CGameScriptInterface@@UBEXABVCScriptThing@@ABVCCharString@@1@Z
227	0088de10	?GiveThingItemInHand@CGameScriptInterface@@UBEXABVCScriptThing@@ABVCCharString@@_N@Z
228	00895190	?GiveThingItemInSlot@CGameScriptInterface@@UBEXABVCScriptThing@@ABVCCharString@@1@Z
229	0088fc60	?GiveHeroExpression@CGameScriptInterface@@UBEXABVCCharString@@J_N@Z
230	0088fc90	?HeroHasExpression@CGameScriptInterface@@UBE_NABVCCharString@@@Z
231	008953a0	?IsHeroPerformingExpression@CGameScriptInterface@@UBE_NABVCCharString@@@Z
232	00895430	?IsDPadButtonHeldForExpression@CGameScriptInterface@@UBE_NABVCCharString@@@Z
233	008954a0	?EntityFollowThing@CGameScriptInterface@@UBEXABVCScriptThing@@0M_N@Z
234	008a7980	?EntityStopFollowing@CGameScriptInterface@@UBEXABVCScriptThing@@@Z
235	008a80f0	?GetFollowingEntityList@CGameScriptInterface@@UBE_NABVCScriptThing@@AAV?$vector@VCScriptThing@@V?$allocator@VCScriptThing@@@std@@@std@@@Z
236	008a8260	?GetHeroSummonedCreaturesList@CGameScriptInterface@@UBE_NAAV?$vector@VCScriptThing@@V?$allocator@VCScriptThing@@@std@@@std@@@Z
237	008a8440	?GetPerceivingHeroEntityList@CGameScriptInterface@@UBE_NAAV?$vector@VCScriptThing@@V?$allocator@VCScriptThing@@@std@@@std@@@Z
238	008955c0	?IsEntityFollowingHero@CGameScriptInterface@@UBE_NABVCScriptThing@@@Z
239	0088de90	?EntitySetAsAllowedToFollowHero@CGameScriptInterface@@UBEXABVCScriptThing@@_N@Z
240	0088ded0	?EntitySetAsAllowedToChangeRegionFollowingState@CGameScriptInterface@@UBEXABVCScriptThing@@_N@Z
241	0088df20	?EntitySetAsRespondingToFollowAndWaitExpressions@CGameScriptInterface@@UBEXABVCScriptThing@@_N@Z
242	00895650	?EntitySetAsMirroringHeroEnemyRelationsWhileFollowing@CGameScriptInterface@@UBEXABVCScriptThing@@_N@Z
243	008a7a70	?TeleportAllFollowersToHeroPosition@CGameScriptInterface@@UBEXXZ
244	008956b0	?EntityTeleportToHeroPosition@CGameScriptInterface@@UBEXABVCScriptThing@@@Z
245	008957c0	?SendEntityEvent@CGameScriptInterface@@UBEXW4EEventType@NEntityEvents@@ABVCScriptThing@@1PAVCThing@@@Z
246	0088df60	?GetWaterHeightAtPosition@CGameScriptInterface@@UBEMABVC3DVector@@@Z
247	008958f0	?IsFishingSpotEnabled@CGameScriptInterface@@UBE_NABVCScriptThing@@@Z
248	00895950	?DisableFishingSpot@CGameScriptInterface@@UBEXABVCScriptThing@@@Z
249	008959b0	?UpdateFishWeight@CGameScriptInterface@@UBEXABVCScriptThing@@@Z
250	00895a10	?GetBestFishWeight@CGameScriptInterface@@UBEMABVCCharString@@@Z
251	00895a90	?HeroGoFishing@CGameScriptInterface@@UBEX_N@Z
252	00895b00	?GetHeroFishingLevel@CGameScriptInterface@@UBEJXZ
253	0088df80	?HeroGoDigging@CGameScriptInterface@@UBEXXZ
254	0088dfa0	?HeroStopDigging@CGameScriptInterface@@UBEXXZ
255	00895b60	?HeroPlayOracleMinigame@CGameScriptInterface@@UBEXXZ
256	00895bc0	?IsHeroPlayingOracleMinigame@CGameScriptInterface@@UBE_NXZ
257	00895c30	?HasHeroWonOracleMinigame@CGameScriptInterface@@UBE_NXZ
258	00895c90	?HeroPlayFireheartMinigame@CGameScriptInterface@@UBEXXZ
259	00895cf0	?HeroQuitFireheartMinigame@CGameScriptInterface@@UBEXXZ
260	00895d50	?HasHeroForceQuitFireheartMinigame@CGameScriptInterface@@UBE_NXZ
261	00890370	?GetHeroHealth@CGameScriptInterface@@UBEMXZ
262	008903a0	?GetHeroHealthMax@CGameScriptInterface@@UBEMXZ
263	008903d0	?GetHeroHealthPercentage@CGameScriptInterface@@UBEMXZ
264	0089a150	?GetHeroWillEnergy@CGameScriptInterface@@UBEJXZ
265	0089a1b0	?GetHeroWillEnergyMax@CGameScriptInterface@@UBEJXZ
266	0089a210	?GetHeroWillEnergyPercentage@CGameScriptInterface@@UBEJXZ
267	00891720	?ChangeHeroHealthBy@CGameScriptInterface@@UBEXM_N0@Z
268	00890400	?GetHealth@CGameScriptInterface@@UBEMABVCScriptThing@@@Z
269	00890430	?ModifyThingHealth@CGameScriptInterface@@UBEXABVCScriptThing@@M_N@Z
270	0088e1c0	?EntitySetMaxHealth@CGameScriptInterface@@UBEXABVCScriptThing@@M_N@Z
271	0089a270	?SetThingAsKilled@CGameScriptInterface@@UBEXABVCScriptThing@@@Z
272	008917f0	?GiveHeroNewQuestObjective@CGameScriptInterface@@UBEXABVCCharString@@K@Z
273	00891800	?TellHeroQuestObjectiveCompleted@CGameScriptInterface@@UBEXK@Z
274	00891810	?TellHeroQuestObjectiveFailed@CGameScriptInterface@@UBEXK@Z
275	00891820	?AddQuestRegion@CGameScriptInterface@@UBEXABVCCharString@@0@Z
276	00891860	?SetQuestWorldMapOffset@CGameScriptInterface@@UBEXABVCCharString@@ABVC2DCoordI@@@Z
277	00891870	?IsHeroOnQuest@CGameScriptInterface@@UBE_NXZ
278	008918c0	?HeroReceiveMessageFromGuildMaster@CGameScriptInterface@@UBEXABVCCharString@@0_N1@Z
279	0088e200	?SetGuildMasterMessages@CGameScriptInterface@@UBEX_N@Z
280	00892e80	?ActivateQuest@CGameScriptInterface@@UBEXABVCCharString@@@Z
281	00892ea0	?ActivateMultipleQuests@CGameScriptInterface@@UBEXABV?$CArray@VCCharString@@@@@Z
282	00892ec0	?ActivateQuestWithoutLoadingResources@CGameScriptInterface@@UBEXABVCCharString@@@Z
283	00892ee0	?ActivateMultipleQuestsWithoutLoadingResources@CGameScriptInterface@@UBEXABV?$CArray@VCCharString@@@@@Z
284	00892f00	?DeactivateQuest@CGameScriptInterface@@UBEXABVCCharString@@K@Z
285	00892f10	?DeactivateQuestLater@CGameScriptInterface@@UBEXABVCCharString@@K@Z
286	00892f20	?PrepareQuestsWhenFinalQuestIsActivated@CGameScriptInterface@@UBEXABVCCharString@@@Z
287	00892f30	?PrepareQuestsWhenFinalQuestIsCompleted@CGameScriptInterface@@UBEXXZ
288	00892f40	?IsQuestActive@CGameScriptInterface@@UBE_NABVCCharString@@@Z
289	00892f50	?IsQuestRegistered@CGameScriptInterface@@UBE_NABVCCharString@@@Z
290	00892f60	?IsQuestCompleted@CGameScriptInterface@@UBE_NABVCCharString@@@Z
291	00892f70	?IsQuestFailed@CGameScriptInterface@@UBE_NABVCCharString@@@Z
292	00892f80	?SetQuestAsCompleted@CGameScriptInterface@@UBEXABVCCharString@@_N11@Z
293	00892fd0	?SetQuestAsFailed@CGameScriptInterface@@UBEXABVCCharString@@_NABVCWideString@@1@Z
294	00893020	?SetQuestAsPersistent@CGameScriptInterface@@UBEXABVCCharString@@_N@Z
295	00893030	?GetExclusiveQuestScriptName@CGameScriptInterface@@UBEABVCCharString@@XZ
296	008913f0	?AddQuestCard@CGameScriptInterface@@UBEXABVCCharString@@0_N1@Z
297	00891490	?RemoveQuestCardFromGuild@CGameScriptInterface@@UBEXABVCCharString@@@Z
298	008914e0	?RemoveQuestCardFromHero@CGameScriptInterface@@UBEXABVCCharString@@@Z
299	008968c0	?GiveHeroQuestCardDirectly@CGameScriptInterface@@UBEXABVCCharString@@0_N@Z
300	00896a30	?SetQuestCardObjective@CGameScriptInterface@@UBEXABVCCharString@@000@Z
301	008914f0	?SetQuestCardGoldReward@CGameScriptInterface@@UBEXABVCCharString@@J@Z
302	00891500	?SetQuestCardRenownReward@CGameScriptInterface@@UBEXABVCCharString@@J@Z
303	00891510	?RemoveAllAvailableQuestCardsFromGuild@CGameScriptInterface@@UBEXXZ
304	00891520	?FailAllActiveQuests@CGameScriptInterface@@UBEXXZ
305	00891530	?GetAllActiveQuestInfo@CGameScriptInterface@@UBEXAAV?$vector@VCCharString@@V?$allocator@VCCharString@@@std@@@std@@0@Z
306	00891540	?AddFeatCard@CGameScriptInterface@@UBEXJABVCCharString@@0@Z
307	00893060	?AddBoast@CGameScriptInterface@@UBEXABVCCharString@@JJJ_N0J@Z
308	00891580	?RemoveBoast@CGameScriptInterface@@UBEXJABVCCharString@@@Z
309	008915b0	?SetBoastAsFailed@CGameScriptInterface@@UBEXJABVCCharString@@@Z
310	008915e0	?SetBoastAsCompleted@CGameScriptInterface@@UBEXJABVCCharString@@@Z
311	00891550	?IsBoastTaken@CGameScriptInterface@@UBE_NJABVCCharString@@@Z
312	0088fe00	?AddLogBookEntry@CGameScriptInterface@@UBEXABVCWideString@@00W4ECategory@CHeroLogBookEntry@CHeroLogBook@@@Z
313	00896b60	?KickOffQuestStartScreen@CGameScriptInterface@@UBEXABVCCharString@@_N1@Z
314	00896d20	?KickOffDeathScreen@CGameScriptInterface@@UBEXXZ
315	00896df0	?KickOffCreditsScreen@CGameScriptInterface@@UBEXAAVCCharString@@@Z
316	00896e60	?SetPreferredQuickAccessItem@CGameScriptInterface@@UBEXABVCCharString@@JJ@Z
317	00896ee0	?GetDeathRecoveryMarkerName@CGameScriptInterface@@UBE?AVCCharString@@XZ
318	00896f60	?SetDeathRecoveryMarkerName@CGameScriptInterface@@UBEXABVCCharString@@@Z
319	00896fd0	?ResetDeathRecoveryMarkerNameToDefault@CGameScriptInterface@@UBEXXZ
320	00897030	?IsToFailQuestOnDeath@CGameScriptInterface@@UBE_NXZ
321	00897090	?SetWhetherToFailQuestOnDeath@CGameScriptInterface@@UBEX_N@Z
322	008970f0	?ResetWhetherToFailQuestOnDeathToDefault@CGameScriptInterface@@UBEXXZ
323	00891610	?GetMostRecentValidUsedTarget@CGameScriptInterface@@UBE?AVCScriptThing@@XZ
324	00891680	?GetMostRecentValidUsedTargetName@CGameScriptInterface@@UBE?AVCCharString@@XZ
325	00891920	?DisplayQuestInfo@CGameScriptInterface@@UBEX_N@Z
326	00891940	?SetQuestInfoName@CGameScriptInterface@@UBEXPBD@Z
327	00891a00	?SetQuestInfoText@CGameScriptInterface@@UBEXPBD@Z
328	00891ac0	?AddQuestInfoBar@CGameScriptInterface@@UBEJMMABVCRGBColour@@0ABVCCharString@@1M@Z
329	00891ad0	?AddQuestInfoBarHealth@CGameScriptInterface@@UBEJABVCScriptThing@@ABVCRGBColour@@ABVCCharString@@M@Z
330	00891b20	?AddQuestInfoTimer@CGameScriptInterface@@UBEJABVCTimer@@ABVCCharString@@M@Z
331	00891b40	?AddQuestInfoCounter@CGameScriptInterface@@UBEJABVCCharString@@JM@Z
332	00891b30	?AddQuestInfoCounter@CGameScriptInterface@@UBEJABVCCounter@@ABVCCharString@@M@Z
333	00891b50	?AddQuestInfoCounterList@CGameScriptInterface@@UBEJABVCCharString@@JM@Z
334	00891b70	?AddQuestInfoTick@CGameScriptInterface@@UBEJW4EGameAction@@_NM@Z
335	00891b60	?AddQuestInfoTick@CGameScriptInterface@@UBEJABVCCharString@@_NM@Z
336	00891b80	?UpdateQuestInfoBar@CGameScriptInterface@@UBEXJMMM@Z
337	00891ba0	?ChangeQuestInfoBarColour@CGameScriptInterface@@UBEXJABVCRGBColour@@0@Z
338	00891bb0	?UpdateQuestInfoTimer@CGameScriptInterface@@UBEXJM@Z
339	00891bd0	?UpdateQuestInfoCounter@CGameScriptInterface@@UBEXJJJ@Z
340	00891be0	?UpdateQuestInfoCounterList@CGameScriptInterface@@UBEXJJJ@Z
341	00891bf0	?UpdateQuestInfoTick@CGameScriptInterface@@UBEXJ_N@Z
342	00891c10	?RemoveQuestInfoElement@CGameScriptInterface@@UBEXJ@Z
343	00891c30	?RemoveAllQuestInfoElements@CGameScriptInterface@@UBEXXZ
344	0088e210	?DisplayTime@CGameScriptInterface@@UBEX_N@Z
345	00891c40	?DisplayMoneyBag@CGameScriptInterface@@UBEX_N@Z
346	00891c60	?DisplayMiniGameInfo@CGameScriptInterface@@UBEX_NW4EMiniGameType@@@Z
347	00891c80	?UpdateMiniGameInfoBar@CGameScriptInterface@@UBEXM@Z
348	0088e220	?IsEntityPickPocketable@CGameScriptInterface@@UBE_NABVCScriptThing@@@Z
349	0089a2d0	?IsEntityPickLockable@CGameScriptInterface@@UBE_NABVCScriptThing@@@Z
350	0089a330	?IsEntityStealable@CGameScriptInterface@@UBE_NABVCScriptThing@@@Z
351	00890470	?EntitySetAsPickPocketed@CGameScriptInterface@@UBEXABVCScriptThing@@@Z
352	0089a390	?EntitySetAsPickLocked@CGameScriptInterface@@UBEXABVCScriptThing@@@Z
353	008904e0	?EntitySetAsStolen@CGameScriptInterface@@UBEXABVCScriptThing@@@Z
354	00891f50	?MiniMapAddMarker@CGameScriptInterface@@UBEXABVCScriptThing@@ABVCCharString@@@Z
355	00891fa0	?MiniMapSetMarkerGraphic@CGameScriptInterface@@UBEXABVCScriptThing@@ABVCCharString@@@Z
356	00891ff0	?MiniMapRemoveMarker@CGameScriptInterface@@UBEXABVCScriptThing@@@Z
357	00892030	?MiniMapRemoveAllMarkers@CGameScriptInterface@@UBEXXZ
358	0088e3d0	?MiniMapAllowRouteBetweenRegions@CGameScriptInterface@@UBEXABVCCharString@@0_N@Z
359	0088e400	?MiniMapSetAsEnabled@CGameScriptInterface@@UBEX_N@Z
360	0088e410	?EntitySetAsHiddenOnMiniMap@CGameScriptInterface@@UBEXABVCScriptThing@@_N@Z
361	00892050	?SetHUDEnabled@CGameScriptInterface@@UBEX_N@Z
362	00892070	?TextEntryExists@CGameScriptInterface@@UBE_NABVCCharString@@@Z
363	008920c0	?GetValidTextEntryNameWithAttitude@CGameScriptInterface@@UBE?AVCCharString@@ABVCScriptThing@@ABV2@@Z
364	0088e440	?SetThingHasInformation@CGameScriptInterface@@UBEXABVCScriptThing@@_N11@Z
365	0088e480	?ClearThingHasInformation@CGameScriptInterface@@UBEXABVCScriptThing@@@Z
366	0089b050	?EntitySetWillBeUsingNarrator@CGameScriptInterface@@UBEXABVCScriptThing@@ABVCCharString@@@Z
367	0089b0b0	?EntityResetAsPureAINarrator@CGameScriptInterface@@UBEXABVCScriptThing@@@Z
368	008906c0	?AddNewConversation@CGameScriptInterface@@UBEJABVCScriptThing@@_N1@Z
369	00890710	?AddPersonToConversation@CGameScriptInterface@@UBEXJABVCScriptThing@@@Z
370	00890750	?AddLineToConversation@CGameScriptInterface@@UBEXJABVCCharString@@_NABVCScriptThing@@2@Z
371	008907c0	?RemoveConversation@CGameScriptInterface@@UBEXJ_N@Z
372	008907d0	?IsConversationActive@CGameScriptInterface@@UBE_NJ@Z
373	0088f890	?PlayAVIMovie@CGameScriptInterface@@UBEXABVCCharString@@@Z
374	0089b110	?StartMovieSequence@CGameScriptInterface@@UAEXABVCCharString@@AAVCScriptGameResourceObjectMovieBase@@@Z
375	0088e500	?FixMovieSequenceCamera@CGameScriptInterface@@UBEX_N@Z
376	008907e0	?FadeScreenOutUntilNextCallToFadeScreenIn@CGameScriptInterface@@UAEXMM@Z
377	00890820	?FadeScreenOut@CGameScriptInterface@@UAE_NMMVCRGBColour@@@Z
378	0088e4c0	?FadeScreenIn@CGameScriptInterface@@UAEXXZ
379	0088e4d0	?IsScreenFadingOut@CGameScriptInterface@@UBE_NXZ
380	0088e4f0	?Pause@CGameScriptInterface@@UBEXM@Z
381	0088e520	?EndCutFade@CGameScriptInterface@@UAEXXZ
382	006e7290	?EndLetterBox@CGameScriptInterface@@MAEXXZ
383	00890ab0	?PauseAllNonScriptedEntities@CGameScriptInterface@@UAEX_N@Z
384	00890b00	?PauseAllEntities@CGameScriptInterface@@UAEX_N@Z
385	0088e910	?SetAllowScreenFadingOnNextRegionChange@CGameScriptInterface@@UAEX_N@Z
386	0088e920	?SetAllowScreenFadingIfAlreadyFaded@CGameScriptInterface@@UAEX_N@Z
387	00890b50	?SetToKeepHeroAbilitiesDuringCutscenes@CGameScriptInterface@@UBEX_N@Z
388	0088e930	?SetToDisplayTutorialsDuringCutscenes@CGameScriptInterface@@UBEX_N@Z
389	0089d600	?SetCutsceneMode@CGameScriptInterface@@UBEX_N0@Z
390	00892270	?IsInCutscene@CGameScriptInterface@@UBE_NXZ
391	00892280	?SetCutsceneSkippable@CGameScriptInterface@@UBEX_N@Z
392	008922a0	?SetCutsceneSkippableWhilePaused@CGameScriptInterface@@UBEX_N@Z
393	008922c0	?SetCutsceneActionMode@CGameScriptInterface@@UBEX_NABVCCharString@@@Z
394	00890b70	?PreloadNewScene@CGameScriptInterface@@UBEXM@Z
395	0088e950	?StartProgressDisplay@CGameScriptInterface@@UBEXXZ
396	0088e970	?StopProgressDisplay@CGameScriptInterface@@UBEXXZ
397	008922d0	?SetScreenMessagesEnabled@CGameScriptInterface@@UBEX_N@Z
398	0088e980	?IsHeroControlledByPlayer@CGameScriptInterface@@UBE_NXZ
399	0088e9e0	?IsInMovieSequence@CGameScriptInterface@@UBE_NXZ
400	0089d690	?CancelAbilitiesForCutscene@CGameScriptInterface@@UBEXXZ
401	0089d6f0	?ResumeAbilitiesForCutscene@CGameScriptInterface@@UBEXXZ
402	0089d750	?CancelUsingAbility@CGameScriptInterface@@UBEXW4EHeroAbility@@@Z
403	0089d7c0	?SetAbilityAvailability@CGameScriptInterface@@UBEXW4EHeroAbility@@_N@Z
404	00890b90	?SetEnvironmentalEffectsAlwaysUpdate@CGameScriptInterface@@UBEX_N@Z
405	00894ec0	?SetDeadCreaturesAndExperienceOrbsAndDropBagsAsHidden@CGameScriptInterface@@UBEX_N@Z
406	00894490	?RemoveDeadCreature@CGameScriptInterface@@UBEXABVCCharString@@@Z
407	0088ec90	?CameraSetCameraPreloadFlag@CGameScriptInterface@@UBEX_N@Z
408	00892b50	?CameraCircleAroundThing@CGameScriptInterface@@UBEXABVCScriptThing@@ABVC3DVector@@M@Z
409	00892c20	?CameraCircleAroundPos@CGameScriptInterface@@UBEXABVC3DVector@@0M@Z
410	00892410	?CameraMoveToPosAndLookAtPos@CGameScriptInterface@@UBEXABVC3DVector@@0M@Z
411	008924b0	?CameraMoveToPosAndLookAtThing@CGameScriptInterface@@UBEXABVC3DVector@@ABVCScriptThing@@M@Z
412	008926d0	?CameraMoveBetweenLookingAt@CGameScriptInterface@@UBEXABVC3DVector@@0ABVCScriptThing@@MM@Z
413	00892530	?CameraMoveBetweenLookingAt@CGameScriptInterface@@UBEXABVC3DVector@@00MM@Z
414	00892610	?CameraMoveBetweenLookFromAndLookTo@CGameScriptInterface@@UBEXABVC3DVector@@000M@Z
415	0089e190	?CameraUseCameraPoint@CGameScriptInterface@@UBEXABVCScriptThing@@PBVC3DVector@@PBVCRightHandedSet@@MJJ@Z
416	00892380	?CameraUseCameraPoint@CGameScriptInterface@@UBEXABVCCharString@@PBVC3DVector@@PBVCRightHandedSet@@MJJ@Z
417	00891070	?CameraUseCameraPoint@CGameScriptInterface@@UBEXABVCScriptThing@@0MJJ@Z
418	008922f0	?CameraUseCameraPoint@CGameScriptInterface@@UBEXABVCCharString@@ABVCScriptThing@@MJJ@Z
419	0088edc0	?CameraDoConversation@CGameScriptInterface@@UBEXABVCScriptThing@@0W4ECameraOp@@_N@Z
420	00890ff0	?CameraDefault@CGameScriptInterface@@UAEXXZ
421	00890fc0	?CameraResetToViewBehindHero@CGameScriptInterface@@UAEXM@Z
422	0088ecc0	?IsCameraInScriptedMode@CGameScriptInterface@@UBE_NXZ
423	0088eda0	?CameraUseScreenEffect@CGameScriptInterface@@UBEXMMM@Z
424	0088edb0	?CameraCancelScreenEffect@CGameScriptInterface@@UBEXXZ
425	006e7300	?IsCameraPosOnScreen@CGameScriptInterface@@UBE_NABVC3DVector@@@Z
426	006e7340	?GetGameAngleXY@CGameScriptInterface@@UBEMXZ
427	0088ed20	?CameraEarthquakeIntensityAtPos@CGameScriptInterface@@UBEXABVC3DVector@@MM@Z
428	0088ece0	?CameraShake@CGameScriptInterface@@UBEXMM@Z
429	00895db0	?OpenDoor@CGameScriptInterface@@UBEXABVCScriptThing@@@Z
430	00895de0	?CloseDoor@CGameScriptInterface@@UBEXABVCScriptThing@@@Z
431	0088dfd0	?OpenHouseDoors@CGameScriptInterface@@UBEXABVCScriptThing@@@Z
432	0088e000	?CloseHouseDoors@CGameScriptInterface@@UBEXABVCScriptThing@@@Z
433	00895e10	?JamDoor@CGameScriptInterface@@UBEXABVCScriptThing@@@Z
434	00895e70	?SetDoorTriggerType@CGameScriptInterface@@UBEXABVCScriptThing@@W4EDoorTriggerType@@@Z
435	0088e030	?OverrideAutomaticHouseLocking@CGameScriptInterface@@UBEXABVCScriptThing@@_N@Z
436	00895ed0	?SetHouseOwnedByPlayer@CGameScriptInterface@@UBEXABVCScriptThing@@_N1@Z
437	00896000	?SetBuyableHouseAsScripted@CGameScriptInterface@@UBEXABVCScriptThing@@_N@Z
438	00896330	?IsChestOpen@CGameScriptInterface@@UBE_NABVCScriptThing@@@Z
439	00896390	?OpenChest@CGameScriptInterface@@UBE_NABVCScriptThing@@_N@Z
440	00896660	?CloseChest@CGameScriptInterface@@UBEXABVCScriptThing@@@Z
441	008966c0	?GetNumberOfKeysNeededToUnlockChest@CGameScriptInterface@@UBEJABVCScriptThing@@AAVCCharString@@@Z
442	00896730	?DisplayLockedChestMessage@CGameScriptInterface@@UBEXABVCScriptThing@@@Z
443	00896790	?SetTrophyAsMountable@CGameScriptInterface@@UBEXABVCScriptThing@@_N@Z
444	00896060	?SetVillageLimbo@CGameScriptInterface@@UBEXABVCScriptThing@@_N@Z
445	0088fd90	?SetCreatureNotReload@CGameScriptInterface@@UBEXABVCScriptThing@@@Z
446	00896210	?IsSleepingTime@CGameScriptInterface@@UBE_NABVCScriptThing@@@Z
447	00896270	?EnableGuards@CGameScriptInterface@@UBEXABVCScriptThing@@_N@Z
448	008962d0	?EnableVillagerDefTypes@CGameScriptInterface@@UBEXABVCScriptThing@@_NABVCCharString@@@Z
449	00896120	?TryToRespawnDefNamed@CGameScriptInterface@@UBE?AVCScriptThing@@ABV2@ABVCCharString@@ABVC3DVector@@@Z
450	008961b0	?ClearHeroEnemyOfGuards@CGameScriptInterface@@UBEXABVCScriptThing@@@Z
451	008967f0	?SetThingAsUsable@CGameScriptInterface@@UBEXABVCScriptThing@@_N@Z
452	00892e30	?SetThingHomeBuilding@CGameScriptInterface@@UBEXABVCScriptThing@@0@Z
453	0089fe20	?SetVillageAttitude@CGameScriptInterface@@UBEXABVCScriptThing@@W4EScriptVillageAttitude@@@Z
454	0089feb0	?AddCrimeCommitted@CGameScriptInterface@@UBEXABVCScriptThing@@W4ECrime@@_NPBV2@3W4EOpinionPostDeedType@@@Z
455	008a0260	?GiveThingBestEnemyTarget@CGameScriptInterface@@UBEXABVCScriptThing@@0@Z
456	008a03f0	?ClearThingBestEnemyTarget@CGameScriptInterface@@UBEXABVCScriptThing@@@Z
457	0088fd00	?EntitySetInLimbo@CGameScriptInterface@@UBEXABVCScriptThing@@_N1@Z
458	0088fd60	?IsEntityInLimbo@CGameScriptInterface@@UBE_NABVCScriptThing@@@Z
459	0089df70	?EntityGetShotStrikePos@CGameScriptInterface@@UBE_NABVCScriptThing@@AAVC3DVector@@@Z
460	00890e80	?EntitySetNegateAllHits@CGameScriptInterface@@UBEXABVCScriptThing@@_N@Z
461	00890ec0	?EntitySetEvadeAllHits@CGameScriptInterface@@UBEXABVCScriptThing@@_N@Z
462	00890f00	?EntitySetAbleToBeEngagedInCombat@CGameScriptInterface@@UBEXABVCScriptThing@@_N@Z
463	0089dff0	?EntitySetAlwaysBlockAttacksFromThing@CGameScriptInterface@@UBEXABVCScriptThing@@0_N@Z
464	008a8eb0	?EntitySetAttackThingImmediately@CGameScriptInterface@@UBEXABVCScriptThing@@0_N1@Z
465	0089e080	?EntitySetCombatType@CGameScriptInterface@@UBEXABVCScriptThing@@ABVCCharString@@@Z
466	00890f40	?EntityResetCombatTypeToDefault@CGameScriptInterface@@UBEXABVCScriptThing@@@Z
467	0089e130	?EntitySetMaxNumberOfAttackers@CGameScriptInterface@@UBEXABVCScriptThing@@J@Z
468	0088ec70	?EntityClearMaxNumberOfAttackers@CGameScriptInterface@@UBEXABVCScriptThing@@@Z
469	00890690	?EntityAttachToScript@CGameScriptInterface@@UBEXABVCScriptThing@@ABVCCharString@@@Z
470	0089aff0	?EntitySetCombatAbility@CGameScriptInterface@@UBEXABVCScriptThing@@M@Z
471	008a04c0	?EntitySetRangedTarget@CGameScriptInterface@@UBEXABVCScriptThing@@0@Z
472	008a0540	?EntityClearRangedTarget@CGameScriptInterface@@UBEXABVCScriptThing@@@Z
473	008a05a0	?EntitySetTargetable@CGameScriptInterface@@UBEXABVCScriptThing@@_N@Z
474	008a0600	?EntitySetTargetingType@CGameScriptInterface@@UBEXABVCScriptThing@@W4ETargetingType@@@Z
475	008a0660	?EntitySetTargetingValidTargetWithoutLOS@CGameScriptInterface@@UBEXABVCScriptThing@@_N@Z
476	0088e540	?EntityTeleportToThing@CGameScriptInterface@@UBEXABVCScriptThing@@0_N@Z
477	0089b780	?EntityTeleportToPosition@CGameScriptInterface@@UBEXABVCScriptThing@@ABVC3DVector@@M_N2@Z
478	0089bdf0	?EntitySetFacingAngle@CGameScriptInterface@@UBEXABVCScriptThing@@M_N@Z
479	0088e620	?EntitySetFacingAngleTowardsThing@CGameScriptInterface@@UBEXABVCScriptThing@@0_N@Z
480	0089bf80	?EntitySetPerceptionVariables@CGameScriptInterface@@UBEXABVCScriptThing@@MMM@Z
481	0088e5a0	?SetThingPersistent@CGameScriptInterface@@UBEXABVCScriptThing@@_N@Z
482	0089bb30	?EntitySetThingAsWantingMoney@CGameScriptInterface@@UBEXABVCScriptThing@@J@Z
483	008a0200	?EntitySetAppearanceMorphSeed@CGameScriptInterface@@UBEXABVCScriptThing@@J@Z
484	008a0b10	?SetEntityAsRegionFollowing@CGameScriptInterface@@UBEXABVCScriptThing@@0_N@Z
485	0088f670	?SetEntityAsFollowingHeroThroughTeleporters@CGameScriptInterface@@UBEXABVCScriptThing@@_N@Z
486	008a0bc0	?EntitySetAppearanceSeed@CGameScriptInterface@@UBEXABVCScriptThing@@K@Z
487	008a0c10	?EntityGetAppearanceSeed@CGameScriptInterface@@UBEXABVCScriptThing@@AAK@Z
488	008a00e0	?EntitySetAsForSale@CGameScriptInterface@@UBEXABVCScriptThing@@_N@Z
489	008a0140	?EntitySetStockItemPrice@CGameScriptInterface@@UBEXABVCScriptThing@@J@Z
490	008a01a0	?EntityGetStockItemPrice@CGameScriptInterface@@UBEJABVCScriptThing@@@Z
491	0089bbc0	?EntityPlayObjectAnimation@CGameScriptInterface@@UBEXABVCScriptThing@@ABVCCharString@@_N@Z
492	0088e750	?EntitySetMaxRunningSpeed@CGameScriptInterface@@UBEXABVCScriptThing@@M@Z
493	0088e7b0	?EntitySetMaxWalkingSpeed@CGameScriptInterface@@UBEXABVCScriptThing@@M@Z
494	0088e810	?EntityResetMaxRunningSpeed@CGameScriptInterface@@UBEXABVCScriptThing@@@Z
495	0088e870	?EntityResetMaxWalkingSpeed@CGameScriptInterface@@UBEXABVCScriptThing@@@Z
496	0089d3a0	?EntityAttachToVillage@CGameScriptInterface@@UBEXABVCScriptThing@@0@Z
497	008a8c60	?EntitySetAsSittingOnFloor@CGameScriptInterface@@UBEXABVCScriptThing@@_N@Z
498	0089d420	?EntitySetAsHavingBoundHands@CGameScriptInterface@@UBEXAAVCScriptThing@@_N@Z
499	0088e8d0	?EntitySetAsRemoveAllMovementBlockingModes@CGameScriptInterface@@UBEXAAVCScriptThing@@@Z
500	0089d4c0	?EntitySetAsScared@CGameScriptInterface@@UBEXABVCScriptThing@@_N@Z
501	0089d560	?EntitySetAsDrunk@CGameScriptInterface@@UBEXAAVCScriptThing@@_N@Z
502	0089d830	?EntityForceToLookAtThing@CGameScriptInterface@@UBEXABVCScriptThing@@0@Z
503	0089d8b0	?EntityForceToLookAtCamera@CGameScriptInterface@@UBEXABVCScriptThing@@_N@Z
504	0089d910	?EntityForceToLookAtNothing@CGameScriptInterface@@UBEXABVCScriptThing@@@Z
505	0089d970	?EntityResetForceToLookAt@CGameScriptInterface@@UBEXABVCScriptThing@@@Z
506	0088e5f0	?EntitySetShotAccuracyPercentage@CGameScriptInterface@@UBEXABVCScriptThing@@J@Z
507	00892220	?EntityGetStandingOnThing@CGameScriptInterface@@UBE?AVCScriptThing@@ABV2@@Z
508	0089bc50	?EntityGetStandingInsideBuilding@CGameScriptInterface@@UBE?AVCScriptThing@@ABV2@@Z
509	0089d9d0	?EntityDropGenericBox@CGameScriptInterface@@UBEXABVCScriptThing@@@Z
510	00890ba0	?EntitySheatheWeapons@CGameScriptInterface@@UBEXABVCScriptThing@@_N@Z
511	00890c10	?EntityUnsheatheWeapons@CGameScriptInterface@@UBEXABVCScriptThing@@_N@Z
512	00890c80	?EntityUnsheatheMeleeWeapon@CGameScriptInterface@@UBEXABVCScriptThing@@_N@Z
513	00890d80	?EntityUnsheatheRangedWeapon@CGameScriptInterface@@UBEXABVCScriptThing@@_N@Z
514	0089da70	?EntitySetAlpha@CGameScriptInterface@@UBEXABVCScriptThing@@M_N@Z
515	0088e9f0	?EntitySetAsDrawable@CGameScriptInterface@@UBEXABVCScriptThing@@_N@Z
516	0088ea20	?EntitySetCutsceneBehaviour@CGameScriptInterface@@UBEXABVCScriptThing@@W4ECutsceneBehaviour@@@Z
517	0088ea50	?EntityGetSex@CGameScriptInterface@@UBE?AW4ESex@@ABVCScriptThing@@@Z
518	0089dbb0	?EntitySetAsAbleToWalkThroughSolidObjects@CGameScriptInterface@@UBEXABVCScriptThing@@_N@Z
519	0088ea90	?EntitySetAsRespondToHit@CGameScriptInterface@@UBEXABVCScriptThing@@_N@Z
520	0088ead0	?EntitySetAsDamageable@CGameScriptInterface@@UBEXABVCScriptThing@@_N@Z
521	0088eb30	?EntitySetAsKillable@CGameScriptInterface@@UBEXABVCScriptThing@@_N1@Z
522	0089dc10	?EntitySetAsLocked@CGameScriptInterface@@UBEXABVCScriptThing@@_N@Z
523	008a8e40	?EntityDecapitate@CGameScriptInterface@@UBEXABVCScriptThing@@@Z
524	0089dc70	?EntityGiveGold@CGameScriptInterface@@UBEXABVCScriptThing@@J@Z
525	0089dcd0	?EntitySetAllowBossPhaseChanges@CGameScriptInterface@@UBEXABVCScriptThing@@_N@Z
526	0089dd30	?EntityGetBossPhase@CGameScriptInterface@@UBEJABVCScriptThing@@@Z
527	0089dd90	?EntitySetBossPhase@CGameScriptInterface@@UBEXABVCScriptThing@@J@Z
528	0089ddf0	?EntityResetCreatureMode@CGameScriptInterface@@UBEXABVCScriptThing@@@Z
529	00895010	?EntitySetAsReceivingEvents@CGameScriptInterface@@UBE_NABVCScriptThing@@_N@Z
530	0088ebc0	?EntitySetAsToAddToComboMultiplierWhenHit@CGameScriptInterface@@UBEXABVCScriptThing@@_N@Z
531	0088ebf0	?EntitySetAsToAddToStatChangesWhenHit@CGameScriptInterface@@UBEXABVCScriptThing@@_N@Z
532	0089de50	?EntityLeaveCombatStance@CGameScriptInterface@@UBEXABVCScriptThing@@@Z
533	0088ec20	?EntitySetAsUseMovementInActions@CGameScriptInterface@@UBEXABVCScriptThing@@_N@Z
534	0089deb0	?EntitySetAsDisplayingEmoteIcon@CGameScriptInterface@@UBEXABVCScriptThing@@_N@Z
535	00891120	?EntitySetAsCollidableToThings@CGameScriptInterface@@UBEXABVCScriptThing@@_N@Z
536	0088f4d0	?EntityEnableGravity@CGameScriptInterface@@UBEXABVCScriptThing@@_N@Z
537	008a06c0	?EntitySetLightAsOn@CGameScriptInterface@@UBEXABVCScriptThing@@_N@Z
538	008a0720	?EntityFadeOut@CGameScriptInterface@@UBEXABVCScriptThing@@M@Z
539	008a07c0	?EntityFadeIn@CGameScriptInterface@@UBEXABVCScriptThing@@M@Z
540	0088f500	?EntityBeginLoadingAnimation@CGameScriptInterface@@UBEXABVCScriptThing@@ABVCCharString@@@Z
541	0088f530	?EntityBeginLoadingBasicAnimations@CGameScriptInterface@@UBEXABVCScriptThing@@@Z
542	008a9320	?EntityCastForcePush@CGameScriptInterface@@UBE_NABVCScriptThing@@_N@Z
543	0088f560	?EntityCastLightningAtTarget@CGameScriptInterface@@UBEXABVCScriptThing@@0@Z
544	00894aa0	?BeginLoadingMesh@CGameScriptInterface@@UBEXABVCCharString@@@Z
545	008a93a0	?EntityWillTeleportToArea@CGameScriptInterface@@UBE_NABVCScriptThing@@VC3DVector@@MM@Z
546	008a08a0	?EntityStartScreamerSuperAttackThing@CGameScriptInterface@@UBEXABVCScriptThing@@0@Z
547	008a0950	?EntityEndScreamerSuperAttackThing@CGameScriptInterface@@UBEXABVCScriptThing@@@Z
548	0088ec60	?SetHeroGuideToShowQuestCardsWhenSpokenTo@CGameScriptInterface@@UAEX_N@Z
549	0089df10	?SetLightColour@CGameScriptInterface@@UBEXABVCScriptThing@@ABVCRGBColour@@@Z
550	008a9020	?CreatureGeneratorSetFamily@CGameScriptInterface@@UBEXABVCScriptThing@@ABVCCharString@@@Z
551	0089e8e0	?CreatureGeneratorTrigger@CGameScriptInterface@@UBEXABVCScriptThing@@@Z
552	0089e950	?CreatureGeneratorSetAlwaysCreateCreaturesOnTrigger@CGameScriptInterface@@UBEXABVCScriptThing@@_N@Z
553	0089e9c0	?CreatureGeneratorIsDepleted@CGameScriptInterface@@UBE_NABVCScriptThing@@@Z
554	0089ea30	?CreatureGeneratorIsDestroyed@CGameScriptInterface@@UBE_NABVCScriptThing@@@Z
555	0089eaa0	?CreatureGeneratorSetGeneratedCreatureScriptName@CGameScriptInterface@@UBEXABVCScriptThing@@ABVCCharString@@@Z
556	0089eb10	?CreatureGeneratorSetNumTriggers@CGameScriptInterface@@UBEXABVCScriptThing@@J@Z
557	0089eb80	?CreatureGeneratorGetNumGeneratedCreatures@CGameScriptInterface@@UBEJABVCScriptThing@@@Z
558	0089ebf0	?CreatureGeneratorAreAllCreaturesAlive@CGameScriptInterface@@UBE_NABVCScriptThing@@@Z
559	0089ec60	?CreatureGeneratorAddTriggerer@CGameScriptInterface@@UBEXABVCScriptThing@@0@Z
560	0089ecc0	?CreatureGeneratorRemoveTriggerer@CGameScriptInterface@@UBEXABVCScriptThing@@0@Z
561	0089ed20	?SetCreatureGeneratorEnabled@CGameScriptInterface@@UBEXABVCScriptThing@@_N@Z
562	00892cf0	?SetCreatureGeneratorsEnabled@CGameScriptInterface@@UBEXABVCCharString@@_N@Z
563	00892d70	?SetCreatureGeneratorsEnabledDuringScript@CGameScriptInterface@@UBEXABVCCharString@@_N@Z
564	0088f400	?SetCreatureGeneratorsCreatureGroupAsEnabled@CGameScriptInterface@@UBEXW4ECreatureGroup@@_N@Z
565	00892d80	?IsCreatureGenerationEnabledForRegion@CGameScriptInterface@@UBE_NABVCCharString@@@Z
566	0089ed80	?IsCreatureFlying@CGameScriptInterface@@UBE_NABVCScriptThing@@@Z
567	0089ee00	?SetTeleporterAsActive@CGameScriptInterface@@UBEXABVCScriptThing@@_N@Z
568	0089ee60	?IsTeleporterActive@CGameScriptInterface@@UBE_NABVCScriptThing@@@Z
569	0088f410	?SetTeleportingAsActive@CGameScriptInterface@@UBEX_N@Z
570	0088f420	?IsTeleportingActive@CGameScriptInterface@@UBE_NXZ
571	0089eec0	?SetRegionExitAsActive@CGameScriptInterface@@UBEXABVCScriptThing@@_N@Z
572	0089ef00	?SetRegionEntranceAsActive@CGameScriptInterface@@UBEXABVCScriptThing@@_N@Z
573	0088f430	?SetRegionTextDisplayAsActive@CGameScriptInterface@@UBEX_N@Z
574	0088f440	?SetHeroSleepingAsEnabled@CGameScriptInterface@@UBEX_N@Z
575	0088f450	?IsHeroSleepingEnabled@CGameScriptInterface@@UBE_NXZ
576	0088f460	?SetExperienceSpendingAsEnabled@CGameScriptInterface@@UBEX_N@Z
577	0089ef30	?SetMoralityChangingAsEnabled@CGameScriptInterface@@UBEX_N@Z
578	0088f470	?SetSummonerDeathExplosionAffectsHero@CGameScriptInterface@@UBEX_N@Z
579	0089ef90	?GetNearestEnabledDiggingSpot@CGameScriptInterface@@UBE?AVCScriptThing@@ABV2@@Z
580	0089f1e0	?IsDiggingSpotEnabled@CGameScriptInterface@@UBE_NABVCScriptThing@@@Z
581	0089f240	?IsDiggingSpotHidden@CGameScriptInterface@@UBE_NABVCScriptThing@@@Z
582	0089f2a0	?SetDiggingSpotAsHidden@CGameScriptInterface@@UBEXABVCScriptThing@@_N@Z
583	006e7920	?CheckForCameraMessage@CGameScriptInterface@@UBE_NABVCCharString@@@Z
584	006e7820	?WaitForCameraMessage@CGameScriptInterface@@UBEXABVCCharString@@@Z
585	008a9610	?SetThingAsConscious@CGameScriptInterface@@UBEXABVCScriptThing@@_NABVCCharString@@@Z
586	0089bcd0	?SetFireToThing@CGameScriptInterface@@UBEXABVCScriptThing@@@Z
587	0089bd30	?ExtinguishFiresOnThing@CGameScriptInterface@@UBEXABVCScriptThing@@@Z
588	0089bd90	?IsThingOnFire@CGameScriptInterface@@UBE_NABVCScriptThing@@@Z
589	0089e780	?AddItemToContainer@CGameScriptInterface@@UBEXABVCScriptThing@@ABVCCharString@@@Z
590	0089e810	?RemoveItemFromContainer@CGameScriptInterface@@UBEXABVCScriptThing@@ABVCCharString@@@Z
591	0089e880	?EntitySetDeathContainerAsEnabled@CGameScriptInterface@@UBEXABVCScriptThing@@_N@Z
592	008a8f20	?GetItemDefNamesFromContainer@CGameScriptInterface@@UBEXABVCScriptThing@@AAV?$vector@VCCharString@@V?$allocator@VCCharString@@@std@@@std@@@Z
593	00894b90	?SetCreatureBrain@CGameScriptInterface@@UBEXABVCScriptThing@@ABVCCharString@@@Z
594	0088f6b0	?EntitySetStategroupEnabled@CGameScriptInterface@@UBEXABVCScriptThing@@ABVCCharString@@_N@Z
595	0088f6e0	?EntitySetAllStategroupsEnabled@CGameScriptInterface@@UBEXABVCScriptThing@@_N@Z
596	0088f710	?EntitySetCombatEnabled@CGameScriptInterface@@UBEXABVCScriptThing@@_N@Z
597	0088f7d0	?EntitySetSleepEnabled@CGameScriptInterface@@UBEXABVCScriptThing@@_N@Z
598	0088f810	?EntitySetOpinionReactionsEnabled@CGameScriptInterface@@UBEXABVCScriptThing@@_N@Z
599	0088f850	?EntitySetDeedReactionsEnabled@CGameScriptInterface@@UBEXABVCScriptThing@@_N@Z
600	008a0cb0	?DebugGetAllTextEntriesForTargetedThing@CGameScriptInterface@@UBEXAAV?$set@KU?$less@K@std@@V?$allocator@K@2@@std@@@Z
601	0089c000	?EntitySetThingAsEnemyOfThing@CGameScriptInterface@@UBEXABVCScriptThing@@0@Z
602	0089c080	?EntityUnsetThingAsEnemyOfThing@CGameScriptInterface@@UBEXABVCScriptThing@@0@Z
603	008a7ec0	?EntitySetThingAsAllyOfThing@CGameScriptInterface@@UBEXABVCScriptThing@@0@Z
604	008a7ee0	?EntityUnsetThingAsAllyOfThing@CGameScriptInterface@@UBEXABVCScriptThing@@0@Z
605	0089c190	?EntitySetInFaction@CGameScriptInterface@@UBEXABVCScriptThing@@ABVCCharString@@@Z
606	00890870	?SetFactionAsAlliedToFaction@CGameScriptInterface@@UBEXABVCCharString@@0@Z
607	008908c0	?SetFactionAsNeutralToFaction@CGameScriptInterface@@UBEXABVCCharString@@0@Z
608	00890910	?SetFactionAsEnemyToFaction@CGameScriptInterface@@UBEXABVCCharString@@0@Z
609	0088e6f0	?AreEntitiesEnemies@CGameScriptInterface@@UBE_NABVCScriptThing@@0@Z
610	00890960	?GetNextInOpinionAttitudeGraph@CGameScriptInterface@@UBE?AW4EOpinionAttitudeType@@W42@@Z
611	00890970	?GetOpinionAttitudeAsString@CGameScriptInterface@@UBEXW4EOpinionAttitudeType@@AAVCCharString@@@Z
612	00890990	?EntityGetOpinionAttitudeToPlayer@CGameScriptInterface@@UBE?AW4EOpinionAttitudeType@@ABVCScriptThing@@@Z
613	008909c0	?EntityGetOpinionAttitudeToPlayerAsString@CGameScriptInterface@@UBEXABVCScriptThing@@AAVCCharString@@@Z
614	008909f0	?EntityGetOpinionOfPlayer@CGameScriptInterface@@UBEMABVCScriptThing@@W4EOpinion@@@Z
615	0089c240	?EntitySetOpinionReactionMask@CGameScriptInterface@@UBEXABVCScriptThing@@ABVCCharString@@@Z
616	0089c1f0	?EntitySetOpinionReactionMask@CGameScriptInterface@@UBEXABVCScriptThing@@J@Z
617	0089c2e0	?EntitySetOpinionDeedMask@CGameScriptInterface@@UBEXABVCScriptThing@@ABVCCharString@@@Z
618	0089c290	?EntitySetOpinionDeedMask@CGameScriptInterface@@UBEXABVCScriptThing@@J@Z
619	0089c330	?EntitySetOpinionDeedTypeEnabled@CGameScriptInterface@@UBEXABVCScriptThing@@W4EOpinionDeedType@@_N@Z
620	0089c380	?EntitySetOpinionAttitudeEnabled@CGameScriptInterface@@UBEXABVCScriptThing@@W4EOpinionAttitudeType@@_N@Z
621	0089c3d0	?EntitySetOpinionReactionEnabled@CGameScriptInterface@@UBEXABVCScriptThing@@W4EOpinionReactionType@@_N@Z
622	0089c470	?EntitySetPersonalityOverride@CGameScriptInterface@@UBEXABVCScriptThing@@J@Z
623	0089c420	?EntitySetPersonalityOverride@CGameScriptInterface@@UBEXABVCScriptThing@@ABVCCharString@@@Z
624	0089c4c0	?EntityClearPersonalityOverride@CGameScriptInterface@@UBEXABVCScriptThing@@@Z
625	00890a50	?EntitySetAsOpinionSource@CGameScriptInterface@@UBEXABVCScriptThing@@J@Z
626	00890a20	?EntitySetAsOpinionSource@CGameScriptInterface@@UBEXABVCScriptThing@@ABVCCharString@@@Z
627	00890a80	?EntityUnsetAsOpinionSource@CGameScriptInterface@@UBEXABVCScriptThing@@_N@Z
628	00894e60	?OpinionSourceSetAsExclusive@CGameScriptInterface@@UBEXABVCScriptThing@@_N@Z
629	0089c510	?OpinionSourceSetAsAttentionGrabbing@CGameScriptInterface@@UBEXABVCScriptThing@@_N@Z
630	0089c560	?EntityPostOpinionDeedToAll@CGameScriptInterface@@UBEXABVCScriptThing@@W4EOpinionDeedType@@@Z
631	0089c670	?EntityPostOpinionDeedToRecipient@CGameScriptInterface@@UBEXABVCScriptThing@@W4EOpinionDeedType@@0@Z
632	0089c710	?EntityPostOpinionDeedToRecipientVillage@CGameScriptInterface@@UBEXABVCScriptThing@@W4EOpinionDeedType@@0@Z
633	0089c7b0	?EntityPostOpinionDeedKeepSearchingForWitnesses@CGameScriptInterface@@UBEJABVCScriptThing@@W4EOpinionDeedType@@0@Z
634	0089c850	?RemoveOpinionDeedStillSearchingForWitnesses@CGameScriptInterface@@UBEXABVCScriptThing@@J@Z
635	0089c8a0	?IsDeedWitnessed@CGameScriptInterface@@UBE_NJ@Z
636	0089cd10	?CanThingBe_Seen_ByOtherThing@CGameScriptInterface@@UBE_NABVCScriptThing@@0@Z
637	0089cd30	?CanThingBe_NearlySeen_ByOtherThing@CGameScriptInterface@@UBE_NABVCScriptThing@@0@Z
638	0089cd50	?CanThingBe_Smelled_ByOtherThing@CGameScriptInterface@@UBE_NABVCScriptThing@@0@Z
639	0089cd70	?CanThingBe_Heard_ByOtherThing@CGameScriptInterface@@UBE_NABVCScriptThing@@0@Z
640	0089ce70	?IsThingAwareOfOtherThingInAnyWay@CGameScriptInterface@@UBE_NABVCScriptThing@@0@Z
641	0089d0e0	?EntitySetAsAwareOfThing@CGameScriptInterface@@UBEXABVCScriptThing@@0@Z
642	0089d160	?EntitySetSoundRadius@CGameScriptInterface@@UBEXABVCScriptThing@@M@Z
643	0089d1c0	?EntitySetSmellRadius@CGameScriptInterface@@UBEXABVCScriptThing@@M@Z
644	0089d220	?EntitySetSightRadius@CGameScriptInterface@@UBEXABVCScriptThing@@M@Z
645	0089d280	?EntitySetExtendedSightRadius@CGameScriptInterface@@UBEXABVCScriptThing@@M@Z
646	0089d2e0	?EntitySetGiveUpChaseRadius@CGameScriptInterface@@UBEXABVCScriptThing@@M@Z
647	0089d340	?EntityGetHearingRadius@CGameScriptInterface@@UBEMABVCScriptThing@@@Z
648	00895090	?ManuallyTriggerTrap@CGameScriptInterface@@UBE_NABVCScriptThing@@@Z
649	008950e0	?ManuallyResetTrap@CGameScriptInterface@@UBE_NABVCScriptThing@@@Z
650	0088fdc0	?SetTimeOfDay@CGameScriptInterface@@UBEXM@Z
651	0088fe30	?GetTimeOfDay@CGameScriptInterface@@UBEJXZ
652	0088fe80	?SetTimeAsStopped@CGameScriptInterface@@UBEX_NAAJ@Z
653	0088fe90	?FastForwardTimeTo@CGameScriptInterface@@UBEXMM@Z
654	0088fe40	?IsTimeOfDayBetween@CGameScriptInterface@@UBE_NJJ@Z
655	0088fe50	?GetDayOfWeek@CGameScriptInterface@@UBEJXZ
656	0088fe70	?GetDayCount@CGameScriptInterface@@UBEJXZ
657	0088e070	?GetWorldFrame@CGameScriptInterface@@UBEJXZ
658	0088e080	?GetConstantFPS@CGameScriptInterface@@UBEJXZ
659	00891880	?GetActiveQuestName@CGameScriptInterface@@UBE?AVCCharString@@XZ
660	0088fee0	?TransitionToTheme@CGameScriptInterface@@UBEXABVCCharString@@M@Z
661	0088ff10	?ResetToDefaultTheme@CGameScriptInterface@@UBEXM@Z
662	0088ff30	?TransitionToThemeAllInternals@CGameScriptInterface@@UBEXABVCCharString@@M@Z
663	0088ff80	?ResetToDefaultThemeAllInternals@CGameScriptInterface@@UBEXM@Z
664	0088ffb0	?TransitionToThemeExternals@CGameScriptInterface@@UBEXABVCCharString@@M@Z
665	0088fff0	?ResetToDefaultThemeExternals@CGameScriptInterface@@UBEXM@Z
666	00890010	?SetEnvironmentThemeWeightAllChannels@CGameScriptInterface@@UBEXABVCCharString@@M@Z
667	00890040	?SetEnvironmentThemeWeightAllInternals@CGameScriptInterface@@UBEXABVCCharString@@M@Z
668	00890090	?SetEnvironmentThemeWeightExternals@CGameScriptInterface@@UBEXABVCCharString@@M@Z
669	0088e0b0	?SetSoundThemesAsEnabledForRegion@CGameScriptInterface@@UBEXABVCCharString@@_N@Z
670	0088e090	?SetAllSoundsAsMuted@CGameScriptInterface@@UBEX_N@Z
671	00890110	?RadialBlurFadeTo@CGameScriptInterface@@UBEPAXMMMMMMM@Z
672	008900d0	?RadialBlurFadeTo@CGameScriptInterface@@UBEPAXMVC3DVector@@M0MMM@Z
673	00890150	?RadialBlurFadeOut@CGameScriptInterface@@UBEXMPAX@Z
674	00890170	?IsRadialBlurFadeActive@CGameScriptInterface@@UBE_NXZ
675	00890180	?CancelRadialBlurFade@CGameScriptInterface@@UBEXXZ
676	008901a0	?RadialBlurSetCenterWorldPos@CGameScriptInterface@@UBEXPAXABVC3DVector@@@Z
677	008901c0	?DisplacementMonochromeEffectColourFadeTo@CGameScriptInterface@@UBEPAXMABVCRGBFloatColour@@@Z
678	008901e0	?DisplacementMonochromeEffectColourFadeOut@CGameScriptInterface@@UBEXMPAX@Z
679	008a9880	?ScreenFilterFadeTo@CGameScriptInterface@@UBEPAXMMMMMABVCRGBFloatColour@@ABV?$vector@UCScreenFilterSThingByPass@@V?$allocator@UCScreenFilterSThingByPass@@@std@@@std@@@Z
680	00890200	?ScreenFilterFadeOut@CGameScriptInterface@@UBEXMPAX@Z
681	008a99f0	?SetThingAndCarriedItemsNotAffectedByScreenFilter@CGameScriptInterface@@UBEXAAVCScriptThing@@PAX@Z
682	00897150	?UnSetThingAndCarriedItemsNotAffectedByScreenFilter@CGameScriptInterface@@UBEXAAVCScriptThing@@@Z
683	00894bf0	?IsGiftRomantic@CGameScriptInterface@@UBE_NABVCCharString@@@Z
684	00894c90	?IsGiftFriendly@CGameScriptInterface@@UBE_NABVCCharString@@@Z
685	00894d30	?IsGiftOffensive@CGameScriptInterface@@UBE_NABVCCharString@@@Z
686	008a0e80	?IsThingABed@CGameScriptInterface@@UBE_NABVCScriptThing@@@Z
687	008a0eb0	?IsThingAChest@CGameScriptInterface@@UBE_NABVCScriptThing@@@Z
688	008a0ee0	?IsThingADoor@CGameScriptInterface@@UBE_NABVCScriptThing@@@Z
689	008a0f10	?IsThingSmashable@CGameScriptInterface@@UBE_NABVCScriptThing@@@Z
690	008a0f40	?IsThingSearchable@CGameScriptInterface@@UBE_NABVCScriptThing@@@Z
691	0088f480	?ApplyScriptBrush@CGameScriptInterface@@UBEXABVCCharString@@@Z
692	0088f4a0	?EnableDecals@CGameScriptInterface@@UBEX_N@Z
693	008a09b0	?PlayCriteriaSoundOnThing@CGameScriptInterface@@UBEKABVCScriptThing@@ABVCCharString@@@Z
694	008a0a20	?PlaySoundOnThing@CGameScriptInterface@@UBEKABVCScriptThing@@ABVCCharString@@@Z
695	00891170	?PlaySoundAtPos@CGameScriptInterface@@UBEKABVC3DVector@@ABVCCharString@@@Z
696	0088f570	?Play2DSound@CGameScriptInterface@@UBEKABVCCharString@@@Z
697	0088f610	?IsSoundPlaying@CGameScriptInterface@@UBE_NK@Z
698	0088f620	?EnableSounds@CGameScriptInterface@@UBEX_N@Z
699	0088f660	?StopSound@CGameScriptInterface@@UBEXK@Z
700	00891220	?OverrideMusic@CGameScriptInterface@@UBEXW4EMusicSetType@@_N1@Z
701	008912a0	?StopOverrideMusic@CGameScriptInterface@@UBEX_N@Z
702	00891310	?CacheMusicSet@CGameScriptInterface@@UBEXW4EMusicSetType@@@Z
703	00891320	?EnableDangerMusic@CGameScriptInterface@@UBEX_N@Z
704	00891330	?IsDangerMusicEnabled@CGameScriptInterface@@UBE_NXZ
705	0088f8d0	?StartCountdownTimer@CGameScriptInterface@@UBEXM@Z
706	0088f900	?GetCountdownTimer@CGameScriptInterface@@UBEMXZ
707	0088f910	?AutoSaveCheckPoint@CGameScriptInterface@@UBEXXZ
708	0088f920	?AutoSaveQuestStart@CGameScriptInterface@@UBEXXZ
709	0088f930	?AutoSave@CGameScriptInterface@@UBEXXZ
710	0088f940	?SetSavingAsEnabled@CGameScriptInterface@@UBEX_N@Z
711	0088f950	?IsSavingEnabled@CGameScriptInterface@@UBE_NXZ
712	0088f960	?SetSaveGameMarkerPos@CGameScriptInterface@@UBEXABVC3DVector@@@Z
713	0088f970	?ResetToFrontEnd@CGameScriptInterface@@UBEXXZ
714	0088f980	?SetGuildSealRecallLocation@CGameScriptInterface@@UBEXABVC3DVector@@M@Z
715	0088f9b0	?GetGuildSealRecallPos@CGameScriptInterface@@UBE?AVC3DVector@@XZ
716	0088f9e0	?GetGuildSealRecallAngleXY@CGameScriptInterface@@UBEMXZ
717	008a0f70	?SetReadableObjectText@CGameScriptInterface@@UBEXABVCScriptThing@@ABVCWideString@@@Z
718	008a0fd0	?SetReadableObjectTextTag@CGameScriptInterface@@UBEXABVCScriptThing@@ABVCCharString@@@Z
719	00891340	?GetFormattedString@CGameScriptInterface@@UBE?AVCWideString@@ABVCCharString@@ABV?$vector@VCWideString@@V?$allocator@VCWideString@@@std@@@std@@@Z
720	008913a0	?GetTextString@CGameScriptInterface@@UBE?AVCWideString@@ABVCCharString@@@Z
721	008a9db0	?AddRumourCategory@CGameScriptInterface@@UBEXABVCCharString@@@Z
722	008a9dd0	?AddNewRumourToCategory@CGameScriptInterface@@UBEXABVCCharString@@0@Z
723	008a9e00	?RemoveRumourCategory@CGameScriptInterface@@UBEXABVCCharString@@@Z
724	008a96c0	?SetCategoryActivity@CGameScriptInterface@@UBEXABVCCharString@@_N@Z
725	008a9e30	?AddGossipVillage@CGameScriptInterface@@UBEXABVCCharString@@0@Z
726	008a9e60	?AddGossipFactionToCategory@CGameScriptInterface@@UBEXABVCCharString@@0@Z
727	008a97d0	?SetIsGossipForPlayer@CGameScriptInterface@@UAEXVCCharString@@_N@Z
728	008a96f0	?SetIsGossipForPlayer@CGameScriptInterface@@UBEXABVCCharString@@_N@Z
729	008a1040	?UpdateOnlineScore_Archery@CGameScriptInterface@@UBEXM@Z
730	008a10c0	?UpdateOnlineScore_ChickenKick@CGameScriptInterface@@UBEXM@Z
731	008a1140	?UpdateOnlineScore_ChapelOrTemple@CGameScriptInterface@@UBEXM@Z
732	008a11c0	?UpdateOnlineScore_FishingCompo@CGameScriptInterface@@UBEXM@Z
733	008a1240	?UpdateScore_FishingCompetition@CGameScriptInterface@@UBEXM@Z
734	008a1590	?GetBestTimePairs@CGameScriptInterface@@UBEMXZ
735	008a15f0	?GetBestTimeSorting@CGameScriptInterface@@UBEMXZ
736	008a1650	?GetBestScoreBlackjack@CGameScriptInterface@@UBEJXZ
737	008a16b0	?GetBestScoreCoinGolfOakVale@CGameScriptInterface@@UBEJXZ
738	008a1710	?GetBestScoreCoinGolfSnowSpire@CGameScriptInterface@@UBEJXZ
739	008a1770	?GetBestScoreShoveHaPenny@CGameScriptInterface@@UBEJXZ
740	008a17d0	?GetBestTimeGuessTheAddition@CGameScriptInterface@@UBEMXZ
741	008913c0	?IsHeroInTavernGame@CGameScriptInterface@@UBE_NXZ
742	008a12a0	?GetNumHousesOwned@CGameScriptInterface@@UBEJXZ
743	008a1300	?StartSneaking@CGameScriptInterface@@UBEXXZ
744	008a1360	?GetStealDuration@CGameScriptInterface@@UBEJABVCScriptThing@@@Z
745	008a1830	?SetUseableByHero@CGameScriptInterface@@UBEXABVCScriptThing@@_N@Z
746	008a18f0	?SetOwnedByHero@CGameScriptInterface@@UBEXABVCScriptThing@@_N@Z
747	008a1890	?SetTavernTableAvailableForUse@CGameScriptInterface@@UBEXABVCScriptThing@@_N@Z
748	008a1950	?SetIsThingTurncoatable@CGameScriptInterface@@UBEXABVCScriptThing@@_N@Z
749	0088f9f0	?SetIsThingForcePushable@CGameScriptInterface@@UBEXABVCScriptThing@@_N@Z
750	0088fa20	?SetIsThingLightningable@CGameScriptInterface@@UBEXABVCScriptThing@@_N@Z
751	0088fa50	?SetIsThingEpicSpellable@CGameScriptInterface@@UBEXABVCScriptThing@@_N@Z
752	008a19b0	?IsThingTurncoated@CGameScriptInterface@@UBE_NABVCScriptThing@@@Z
753	008a1a10	?AddCreatureScriptedMode@CGameScriptInterface@@UBEXABVCScriptThing@@ABVCCharString@@@Z
754	008a1ab0	?RemoveCreatureScriptedMode@CGameScriptInterface@@UBEXABVCScriptThing@@@Z
755	008a7f60	?ForceShipsVisible@CGameScriptInterface@@UBEXXZ
756	008a1b10	?GetSleepingPositionAndOrientationFromBed@CGameScriptInterface@@UAE_NABVCScriptThing@@0AAVC3DVector@@1@Z
757	008a1bf0	?SetBedAvailability@CGameScriptInterface@@UAEXABVCScriptThing@@_N@Z
758	008a1c50	?RepopulateVillage@CGameScriptInterface@@UBEXABVCScriptThing@@@Z
759	008a8010	?SmashAllWindowsWithinRadiusOfPoint@CGameScriptInterface@@UAEXABVC3DVector@@M@Z
760	008a1cc0	?SetResidency@CGameScriptInterface@@UAE?AVCScriptThing@@ABV2@_N@Z
761	008a1e50	?SetThankingPhrase@CGameScriptInterface@@UAEXVCScriptThing@@K@Z
762	008a1f30	?GetThankingPhrase@CGameScriptInterface@@UAEKVCScriptThing@@@Z
763	008a2020	?ResetThankingPhrase@CGameScriptInterface@@UAEXVCScriptThing@@@Z
764	008a2100	?SetIgnoringPhrase@CGameScriptInterface@@UAEXVCScriptThing@@K@Z
765	008a21e0	?GetIgnoringPhrase@CGameScriptInterface@@UAEKVCScriptThing@@@Z
766	008a22d0	?ResetIgnoringPhrase@CGameScriptInterface@@UAEXVCScriptThing@@@Z
767	008a23b0	?SetWanderCentrePoint@CGameScriptInterface@@UAEXVCScriptThing@@VC3DVector@@@Z
768	008a24c0	?GetWanderCentrePoint@CGameScriptInterface@@UAE?AVC3DVector@@VCScriptThing@@@Z
769	008a2590	?ResetWanderCentrePoint@CGameScriptInterface@@UAEXVCScriptThing@@@Z
770	008a2690	?SetWanderMinDistance@CGameScriptInterface@@UAEXVCScriptThing@@M@Z
771	008a2770	?GetWanderMinDistance@CGameScriptInterface@@UAEMVCScriptThing@@@Z
772	008a2870	?ResetWanderMinDistance@CGameScriptInterface@@UAEXVCScriptThing@@@Z
773	008a2950	?SetWanderMaxDistance@CGameScriptInterface@@UAEXVCScriptThing@@M@Z
774	008a2a30	?GetWanderMaxDistance@CGameScriptInterface@@UAEMVCScriptThing@@@Z
775	008a2b30	?ResetWanderMaxDistance@CGameScriptInterface@@UAEXVCScriptThing@@@Z
776	008a2c10	?SetGossipCounter@CGameScriptInterface@@UAEXVCScriptThing@@J@Z
777	008a2cf0	?GetGossipCounter@CGameScriptInterface@@UAEJVCScriptThing@@@Z
778	008a2de0	?ResetGossipCounter@CGameScriptInterface@@UAEXVCScriptThing@@@Z
779	008a2ec0	?SetMaxGossipPhrase@CGameScriptInterface@@UAEXVCScriptThing@@J@Z
780	008a2fa0	?GetMaxGossipPhrase@CGameScriptInterface@@UAEJVCScriptThing@@@Z
781	008a3090	?ResetMaxGossipPhrase@CGameScriptInterface@@UAEXVCScriptThing@@@Z
782	008a3170	?SetWarningPhrase@CGameScriptInterface@@UAEXVCScriptThing@@K@Z
783	008a3250	?GetWarningPhrase@CGameScriptInterface@@UAEKVCScriptThing@@@Z
784	008a3340	?ResetWarningPhrase@CGameScriptInterface@@UAEXVCScriptThing@@@Z
785	008a3420	?SetBeerRequestPhrase@CGameScriptInterface@@UAEXVCScriptThing@@K@Z
786	008a3500	?GetBeerRequestPhrase@CGameScriptInterface@@UAEKVCScriptThing@@@Z
787	008a35f0	?ResetBeerRequestPhrase@CGameScriptInterface@@UAEXVCScriptThing@@@Z
788	008a36d0	?SetScriptingStateGroup@CGameScriptInterface@@UAEXVCScriptThing@@W4EScriptingStateGroups@@@Z
789	008a37b0	?GetScriptingStateGroup@CGameScriptInterface@@UAE?AW4EScriptingStateGroups@@VCScriptThing@@@Z
790	008a38a0	?ResetScriptingStateGroup@CGameScriptInterface@@UAEXVCScriptThing@@@Z
791	008a3980	?SetMaxHeroReactionDistance@CGameScriptInterface@@UAEXVCScriptThing@@M@Z
792	008a3a60	?GetMaxHeroReactionDistance@CGameScriptInterface@@UAEMVCScriptThing@@@Z
793	008a3b60	?ResetMaxHeroReactionDistance@CGameScriptInterface@@UAEXVCScriptThing@@@Z
794	008a3c40	?SetActionFrequency@CGameScriptInterface@@UAEXVCScriptThing@@J@Z
795	008a3d20	?GetActionFrequency@CGameScriptInterface@@UAEJVCScriptThing@@@Z
796	008a3e10	?ResetActionFrequency@CGameScriptInterface@@UAEXVCScriptThing@@@Z
797	008a3ef0	?SetActionFrequencyVariation@CGameScriptInterface@@UAEXVCScriptThing@@M@Z
798	008a3fd0	?GetActionFrequencyVariation@CGameScriptInterface@@UAEMVCScriptThing@@@Z
799	008a40d0	?ResetActionFrequencyVariation@CGameScriptInterface@@UAEXVCScriptThing@@@Z
800	008a41b0	?SetAction@CGameScriptInterface@@UAEXVCScriptThing@@VCCharString@@@Z
801	008a42c0	?GetAction@CGameScriptInterface@@UAE?AVCCharString@@VCScriptThing@@@Z
802	008a4390	?ResetAction@CGameScriptInterface@@UAEXVCScriptThing@@@Z
803	008a4480	?SetFaceHeroForAction@CGameScriptInterface@@UAEXVCScriptThing@@_N@Z
804	008a4560	?GetFaceHeroForAction@CGameScriptInterface@@UAE_NVCScriptThing@@@Z
805	008a4650	?ResetFaceHeroForAction@CGameScriptInterface@@UAEXVCScriptThing@@@Z
806	008a4730	?SetTargetName@CGameScriptInterface@@UAEXVCScriptThing@@VCCharString@@@Z
807	008a4840	?GetTargetName@CGameScriptInterface@@UAE?AVCCharString@@VCScriptThing@@@Z
808	008a4910	?ResetTargetName@CGameScriptInterface@@UAEXVCScriptThing@@@Z
809	008a4a00	?SetFollowDistance@CGameScriptInterface@@UAEXVCScriptThing@@M@Z
810	008a4ae0	?GetFollowDistance@CGameScriptInterface@@UAEMVCScriptThing@@@Z
811	008a4be0	?ResetFollowDistance@CGameScriptInterface@@UAEXVCScriptThing@@@Z
812	008a4cc0	?SetAttackHeroOnSight@CGameScriptInterface@@UAEXVCScriptThing@@_N@Z
813	008a4da0	?GetAttackHeroOnSight@CGameScriptInterface@@UAE_NVCScriptThing@@@Z
814	008a4e90	?ResetAttackHeroOnSight@CGameScriptInterface@@UAEXVCScriptThing@@@Z
815	008a4f70	?SetTimeToSpendHarassingHero@CGameScriptInterface@@UAEXVCScriptThing@@J@Z
816	008a5050	?GetTimeToSpendHarassingHero@CGameScriptInterface@@UAEJVCScriptThing@@@Z
817	008a5140	?ResetTimeToSpendHarassingHero@CGameScriptInterface@@UAEXVCScriptThing@@@Z
818	008a5220	?SetCombatNearbyEnemyFleeingBreakOffRange@CGameScriptInterface@@UAEXVCScriptThing@@M@Z
819	008a5300	?GetCombatNearbyEnemyFleeingBreakOffRange@CGameScriptInterface@@UAEMVCScriptThing@@@Z
820	008a5400	?ResetCombatNearbyEnemyFleeingBreakOffRange@CGameScriptInterface@@UAEXVCScriptThing@@@Z
821	008a54e0	?SetCombatNearbyBreakOffRange@CGameScriptInterface@@UAEXVCScriptThing@@M@Z
822	008a55c0	?GetCombatNearbyBreakOffRange@CGameScriptInterface@@UAEMVCScriptThing@@@Z
823	008a56c0	?ResetCombatNearbyBreakOffRange@CGameScriptInterface@@UAEXVCScriptThing@@@Z
824	008a57b0	?SetStealStealableItems@CGameScriptInterface@@UAEXVCScriptThing@@_N@Z
825	008a5890	?GetStealStealableItems@CGameScriptInterface@@UAE_NVCScriptThing@@@Z
826	008a5980	?ResetStealStealableItems@CGameScriptInterface@@UAEXVCScriptThing@@@Z
827	008a5a70	?SetRecoverStealableItems@CGameScriptInterface@@UAEXVCScriptThing@@_N@Z
828	008a5b50	?GetRecoverStealableItems@CGameScriptInterface@@UAE_NVCScriptThing@@@Z
829	008a5c40	?ResetRecoverStealableItems@CGameScriptInterface@@UAEXVCScriptThing@@@Z
830	008a5d30	?SetTakeStealableItemToRandomDestination@CGameScriptInterface@@UAEXVCScriptThing@@_N@Z
831	008a5e10	?GetTakeStealableItemToRandomDestination@CGameScriptInterface@@UAE_NVCScriptThing@@@Z
832	008a5f00	?ResetTakeStealableItemToRandomDestination@CGameScriptInterface@@UAEXVCScriptThing@@@Z
833	008a5ff0	?SetKillSelfAndStealableItemAfterReachingDestination@CGameScriptInterface@@UAEXVCScriptThing@@_N@Z
834	008a60d0	?GetKillSelfAndStealableItemAfterReachingDestination@CGameScriptInterface@@UAE_NVCScriptThing@@@Z
835	008a61c0	?ResetKillSelfAndStealableItemAfterReachingDestination@CGameScriptInterface@@UAEXVCScriptThing@@@Z
836	008a62b0	?SetAllowedToFollow@CGameScriptInterface@@UAEXVCScriptThing@@_N@Z
837	008a6390	?GetAllowedToFollow@CGameScriptInterface@@UAE_NVCScriptThing@@@Z
838	008a6480	?ResetAllowedToFollow@CGameScriptInterface@@UAEXVCScriptThing@@@Z
839	008a6570	?SetTableName@CGameScriptInterface@@UAEXVCScriptThing@@VCCharString@@@Z
840	008a6680	?GetTableName@CGameScriptInterface@@UAE?AVCCharString@@VCScriptThing@@@Z
841	008a6750	?ResetTableName@CGameScriptInterface@@UAEXVCScriptThing@@@Z
842	008a6840	?SetSeatName@CGameScriptInterface@@UAEXVCScriptThing@@VCCharString@@@Z
843	008a6950	?GetSeatName@CGameScriptInterface@@UAE?AVCCharString@@VCScriptThing@@@Z
844	008a6a20	?ResetSeatName@CGameScriptInterface@@UAEXVCScriptThing@@@Z
845	008a6b10	?SetDisableHeadLooking@CGameScriptInterface@@UAEXVCScriptThing@@_N@Z
846	008a6bf0	?GetDisableHeadLooking@CGameScriptInterface@@UAE_NVCScriptThing@@@Z
847	008a6ce0	?ResetDisableHeadLooking@CGameScriptInterface@@UAEXVCScriptThing@@@Z
848	008a6dd0	?SetIsPushableByHero@CGameScriptInterface@@UAEXVCScriptThing@@_N@Z
849	008a6eb0	?GetIsPushableByHero@CGameScriptInterface@@UAE_NVCScriptThing@@@Z
850	008a6fa0	?ResetIsPushableByHero@CGameScriptInterface@@UAEXVCScriptThing@@@Z
851	008a7090	?SetLookForFiniteTime@CGameScriptInterface@@UAEXVCScriptThing@@_N@Z
852	008a7170	?GetLookForFiniteTime@CGameScriptInterface@@UAE_NVCScriptThing@@@Z
853	008a7260	?ResetLookForFiniteTime@CGameScriptInterface@@UAEXVCScriptThing@@@Z
854	008a7350	?SetAvoidRegionExits@CGameScriptInterface@@UAEXVCScriptThing@@_N@Z
855	008a7430	?GetAvoidRegionExits@CGameScriptInterface@@UAE_NVCScriptThing@@@Z
856	008a7520	?ResetAvoidRegionExits@CGameScriptInterface@@UAEXVCScriptThing@@@Z
857	008a7610	?SetTargetingDistanceOffset@CGameScriptInterface@@UAEXVCScriptThing@@M@Z
858	008a76f0	?GetTargetingDistanceOffset@CGameScriptInterface@@UAEMVCScriptThing@@@Z
859	008a77f0	?ResetTargetingDistanceOffset@CGameScriptInterface@@UAEXVCScriptThing@@@Z
860	0088fa80	?SetPlayerUsingMeleeDummies@CGameScriptInterface@@UAEX_N@Z
861	0088fa90	?GetPlayerUsingMeleeDummies@CGameScriptInterface@@UAE_NXZ
862	0088faa0	?SetPlayerUsingRangedDummies@CGameScriptInterface@@UAEX_N@Z
863	0088fab0	?GetPlayerUsingRangedDummies@CGameScriptInterface@@UAE_NXZ
864	0088fac0	?SetPlayerUsingWillDummies@CGameScriptInterface@@UAEX_N@Z
865	0088fad0	?GetPlayerUsingWillDummies@CGameScriptInterface@@UAE_NXZ
866	0088fae0	?SetCheapHeadLooking@CGameScriptInterface@@UAEX_N@Z
867	0088faf0	?GetCheapHeadLooking@CGameScriptInterface@@UAE_NXZ
868	0088fb00	?SetQuitTavernGame@CGameScriptInterface@@UAEX_N@Z
869	0088fb10	?GetQuitTavernGame@CGameScriptInterface@@UAE_NXZ
870	0088fb20	?SetPrizeTavernTable@CGameScriptInterface@@UAEX_N@Z
871	0088fb30	?GetPrizeTavernTable@CGameScriptInterface@@UAE_NXZ
872	0088fb40	?SetBettingActive@CGameScriptInterface@@UAEX_N@Z
873	0088fb50	?GetBettingActive@CGameScriptInterface@@UAE_NXZ
874	0088fb60	?SetBettingAccept@CGameScriptInterface@@UAEX_N@Z
875	0088fb70	?GetBettingAccept@CGameScriptInterface@@UAE_NXZ
876	0088fb80	?SetBettingAmount@CGameScriptInterface@@UAEXJ@Z
877	0088fb90	?GetBettingAmount@CGameScriptInterface@@UAEJXZ
878	0088fba0	?SetCountBetMoneyDown@CGameScriptInterface@@UAEX_N@Z
879	0088fbb0	?GetCountBetMoneyDown@CGameScriptInterface@@UAE_NXZ
880	0088fbc0	?SetSpotTheAdditionBeaten@CGameScriptInterface@@UAEX_N@Z
881	0088fbd0	?GetSpotTheAdditionBeaten@CGameScriptInterface@@UAE_NXZ
882	0088fbe0	?SetGlobalTargetingDistanceOffset@CGameScriptInterface@@UAEXM@Z
883	0088fbf0	?GetGlobalTargetingDistanceOffset@CGameScriptInterface@@UAEMXZ
884	0088fc00	?SetTradingPriceMult@CGameScriptInterface@@UAEXM@Z
885	0088fc10	?GetTradingPriceMult@CGameScriptInterface@@UAEMXZ
886	0088fc20	?SetBoastingEnabled@CGameScriptInterface@@UAEX_N@Z
887	0088fc30	?GetBoastingEnabled@CGameScriptInterface@@UAE_NXZ
888	008a9720	?SetActiveGossipCategories@CGameScriptInterface@@UAEXVCCharString@@_N@Z
889	0088fc40	?GetActiveGossipCategories@CGameScriptInterface@@UAEABV?$map@VCCharString@@_NU?$less@VCCharString@@@std@@V?$allocator@U?$pair@$$CBVCCharString@@_N@std@@@3@@std@@XZ
890	008a9760	?GetActiveGossipCategories@CGameScriptInterface@@UAEPA_NVCCharString@@@Z
891	00893040	?GetActiveGossipCategoriesSize@CGameScriptInterface@@UAEHXZ
892	008a78e0	?ClearActiveGossipCategories@CGameScriptInterface@@UAEXXZ
893	0088fc50	?GetIsGossipForPlayer@CGameScriptInterface@@UAEABV?$map@VCCharString@@_NU?$less@VCCharString@@@std@@V?$allocator@U?$pair@$$CBVCCharString@@_N@std@@@3@@std@@XZ
894	008a9810	?GetIsGossipForPlayer@CGameScriptInterface@@UAEPA_NVCCharString@@@Z
895	00893050	?GetIsGossipForPlayerSize@CGameScriptInterface@@UAEHXZ
896	008a7930	?ClearIsGossipForPlayer@CGameScriptInterface@@UAEXXZ
897	008a9e90	?SetGossip@CGameScriptInterface@@UAEXVCCharString@@0J@Z
898	008a9f50	?GetGossip@CGameScriptInterface@@UAEPBV?$vector@VCCharString@@V?$allocator@VCCharString@@@std@@@std@@VCCharString@@@Z
899	008a9f00	?GetGossip@CGameScriptInterface@@UAE?AVCCharString@@V2@J@Z
900	008a9fc0	?GetGossipSize@CGameScriptInterface@@UAEHVCCharString@@@Z
901	008aa010	?ClearGossip@CGameScriptInterface@@UAEXVCCharString@@@Z
902	008aa050	?RemoveGossip@CGameScriptInterface@@UAEXVCCharString@@@Z
903	008aa0d0	?AddGossip@CGameScriptInterface@@UAEXVCCharString@@@Z
904	008aa090	?AddGossip@CGameScriptInterface@@UAEXVCCharString@@0@Z
905	008aa0f0	?SetGossipVillages@CGameScriptInterface@@UAEXVCCharString@@0J@Z
906	008aa1b0	?GetGossipVillages@CGameScriptInterface@@UAEPBV?$vector@VCCharString@@V?$allocator@VCCharString@@@std@@@std@@VCCharString@@@Z
907	008aa160	?GetGossipVillages@CGameScriptInterface@@UAE?AVCCharString@@V2@J@Z
908	008aa220	?GetGossipVillagesSize@CGameScriptInterface@@UAEHVCCharString@@@Z
909	008aa270	?ClearGossipVillages@CGameScriptInterface@@UAEXVCCharString@@@Z
910	008aa2b0	?RemoveGossipVillages@CGameScriptInterface@@UAEXVCCharString@@@Z
911	008aa330	?AddGossipVillages@CGameScriptInterface@@UAEXVCCharString@@@Z
912	008aa2f0	?AddGossipVillages@CGameScriptInterface@@UAEXVCCharString@@0@Z
913	008aa350	?SetGossipFactions@CGameScriptInterface@@UAEXVCCharString@@0J@Z
914	008aa410	?GetGossipFactions@CGameScriptInterface@@UAEPBV?$vector@VCCharString@@V?$allocator@VCCharString@@@std@@@std@@VCCharString@@@Z
915	008aa3c0	?GetGossipFactions@CGameScriptInterface@@UAE?AVCCharString@@V2@J@Z
916	008aa480	?GetGossipFactionsSize@CGameScriptInterface@@UAEHVCCharString@@@Z
917	008aa4d0	?ClearGossipFactions@CGameScriptInterface@@UAEXVCCharString@@@Z
918	008aa510	?RemoveGossipFactions@CGameScriptInterface@@UAEXVCCharString@@@Z
919	008aa590	?AddGossipFactions@CGameScriptInterface@@UAEXVCCharString@@@Z
920	008aa550	?AddGossipFactions@CGameScriptInterface@@UAEXVCCharString@@0@Z
921	00895130	?SetTrapAsActive@CGameScriptInterface@@UBEXABVCScriptThing@@_N@Z
922	40a00000	<nonfunc>
923	3f19999a	<nonfunc>
924	00000000	<nonfunc>
