# class(module)	fnCount
CGameScriptInterface	935
CEditControlCentre	252
NGlobalConsole	223
CWorld	206
CWorldMap	200
CThingCreatureBase	164
CPlayer	148
CTCInventoryBase	140
CComponent	137
CUserProfileManager	123
CThing	118
CTCInventory	118
CEditWorldMap	118
CManager	112
CAIStateGroup_OpinionReactionRoot	105
CCreatureActionBase	104
CTCInventoryTrade	103
CQuestManager	102
CTCVillage	101
CEngine	99
CPlayerGui	91
CMap	91
CBankFile	89
CThingManager	86
CCombatActionBase	85
CTCInventoryExperience	84
CThingAICreature	82
CTCHeroStats	82
CTCInventoryAbilities	81
CSurveyDialog	81
CGameScriptThing	81
CTCGraphicAppearance	80
CScriptThing	78
CShaderRenderManager	78
CTCHeroExperience	77
CGuiWindow	76
CGameCameraManager	75
CTCInventoryMap	73
CCombatManager	70
CEngineDebug	70
CMainGameComponent	69
CXboxInfo	69
CTCCombat	68
CTCInventoryWeapons	67
CTCPhysicsBase	65
CTCPhysicsStandard	65
CAIStateGroupBase	65
CTCLook	64
CThingPlayerCreature	62
CDisplayManager	62
CList	61
CTCInventoryItem	60
CTCTavernGame	60
CTCBase	59
CLandscapeBackgroundTreeNode	59
CGraphicDataBank	58
CParticleProgram	55
CTCSpecialAbilities	51
CMemoryAllocator	51
CTCInventoryClothing	50
CTCInventoryQuests	50
CEngineWaterRenderer	50
CConsole	50
CAFile	48
CTCPerceiveThing	48
CShaderPreParser	48
CSubtitleRenderer	47
CEngineWeatherRenderer	47
CParticleSystem	47
CGuiControlTreePane	47
CTCShop	45
CCategory	45
CEnvironment	45
CDefinitionManager	45
CHeroBoastsScript	45
CTCWife	44
CFrontEndManager	44
CMeshDataBank	44
CStringParser	43
CTCDParticleEmitter	43
CTCCreatureOpinionOfHero	43
NCreatureMode	43
CPaintMapDialog	43
CHandleBasedMemoryPool	42
CGamePlayerInterface	41
CDisplayEngine	41
CSurface	40
CPlayerManager	40
CTCBuyableHouse	40
CThingPhysical	40
CEditMap	40
CAnimationDialog	40
CEngineWorldMap	40
CInputEvent	40
CNavigatorAStar	40
CQ_AmbushTradersScript	40
CTCWeapon	39
CTCObjectAugmentations	39
CTCHeroOnlineScoreboard	39
CParticleEmitter	39
CEngineLandscapeRenderer	39
CRenderManagerCore	39
CPhysicsMesh	39
CTCInGameMenu	38
CTCInventoryStats	38
CDrawQuestInfo	38
CBase	38
CMiniMapDisplay	38
CEnginePrimitiveRenderer	38
CTCCoopSpirit	36
CEngineMap	36
CLandscapeBackgroundPatch	36
CFrontendGameComponent	35
CTCHeroMorph	35
CEngineLightingManager	35
CTCCreatureNavigation	34
CTCCreatureGenerator	34
CTCShotDefinitionBase	34
CTCTavernGameCardBlackjack	34
CTCKraken	34
CGuiWindowBox	34
CEngineLandscapeMap	34
CSystemManager	34
CTCHeroAttachableAppearanceModifiers	33
CAnimateThing	33
CFileInstaller	33
CTexture	33
NParticleEngine	32
CCharString	31
CTCStealth	31
CTCWillResponse	31
CTCCarrying	31
CEditDisplayEngine	31
CRenderManager2D	31
COptimisedPrimitive	31
NResourceDirectoryNames	30
CTCSoundPlayer	30
CTCEditorAnimationThing	30
CThingBuilding	30
CDataOutputStream	30
CChangingStateComponent	29
CTCTalk	29
CTCPhysicsRigidBody	29
CTCTargetingPlayer	29
CAnimSet	29
CMenuEntry	29
CRegionMinimap	29
CScriptGameResourceObjectScriptedThingBase	29
CAIStateGroup_GoToPub	29
CScriptGameResourceObjectScriptedThing	29
CEngineResourceManager	29
CEngineScreenEffectRadialBlurRenderer	29
CDebugManager	29
CNavQuadTree	29
CMemoryAllocatorVariableSize	29
CTCHeroRangedAttacks	28
CThingObject	28
CDataInputStream	28
CRegionDialog	28
CEngineLandscapePatch	28
CWaterSeaGenerator	28
CVolumeTexture	28
CTCLight	27
CThingTrackNode	27
CGameTimeManager	27
CAIStateGroup_HoverHornetQueen	27
CInputManager	27
CPhysicsMeshObject	27
CNewFrontendGameComponent	26
CTCCameraPointScriptedSpline	26
CTCWillLightning	26
CWideString	26
CScriptBase	26
CTCAssassinRush	25
CTCBerserk	25
CTCTavernGameCardBase	25
CThingPropertyDialog	25
CAIStateGroup_JackDragon	25
CEngineLandscapeMemoryManager	25
CEngineLocalDetailGenerator	25
CQuadTreeElement	25
CGuiControlTree	25
CMouseDX	25
CQR_EscortTraderScript	25
CTCShopKeeper	24
CTCDExplosion	24
CThingMapManager	24
CEngineSurfaceCompositionManager	24
CEngineScreenEffectGlowRenderer	24
CEngineScene	24
CWaterGenerator	24
CEnginePrimitiveManagerStaticMeshesBase	24
CPersistContext	23
CTCBulletTime	23
CTCTavernGameSpotTheAddition	23
CThingSwitch	23
CGroundNavigatorExternalInterface	23
CTools	23
CGuiWindowManager	23
CMemoryAllocatorFixedSize	23
CQ_BountyHuntScript	23
CTCHeroOpinionDeedLog	22
CTCPhysicalShieldSpell	22
CEditEngine2DBase	22
CHitLocation	22
CTheme2MapDialog	22
CEnvironmentSpellEffectInterface	22
CAIStateGroup_TavernServer	22
CEngineSkyRenderer	22
CThreadedFileManager	22
CQ_HangingTreeGoodScript	22
CV_ChapelOfEvilScript	22
CIME	21
CPSCSingleSprite	21
CTCSpotLight	21
CTCShapeManager	21
CTCBoss	21
CTCTavernGameCoinGolf	21
CAIBrain	21
CBoneDialog	21
CEngineSceneGrid	21
CPSCUpdateNormal	21
CPSCEmitterGeneric	21
CBankFileManager	21
CDataBank	21
CExclusiveAssert	21
CParticleSimulation	21
CChunkedFileSuperChunk	21
CTCDoor	20
CTCTrophy	20
CTCOpinionSource	20
CTCTrapBase	20
CCompressorZlib	20
CThingGameObject	20
CItem	20
CEnvironmentSpellEffectInterpolator	20
CProjectileWeapon	20
CEngineShadowRenderer	20
CGuiControlButton	20
CGuiControlTab	20
CVolume	20
CVertexGroupBlockOptimiser	20
CTCCameraPointDefinitionBase	19
CTCWeaponTrail	19
CTCDRegionExit	19
CTCBoastingCrowdControl	19
CClickable	19
CInputProcessGameBase	19
CScriptedMapBrush	19
CScreenEffectPriorityStack	19
CAIStateGroup_TavernKeeper	19
CPSCDecalRenderer	19
CNavigatorManager	19
CV_AmbushScamScript	19
CV_TalentlessBardScript	19
CTCScriptedControl	18
CTCDivineWrath	18
CTCUnholyPower	18
CTCBattleCharge	18
CTCMultiArrow	18
CTCTavernGameCardPairs	18
CText	18
CRedefinerList	18
CHitParameters	18
CEditEngine2DWorldMap	18
CAIStateGroup_CreatureUseCoverBase	18
CEngineScreenEffectDisplacementRenderer	18
CPixelFormat	18
CSymbolMap	18
CProfileManager	18
CCamera	18
CWStringParser	18
CGuiControlComboBox	18
CNavQuadTreeNode	18
CQ_FireHeartScript	18
CQ_HangingTreeEvilScript	18
CV_BeardyBaldyScript	18
CV_FisticuffsClubScript	18
CMemoryFile	17
CTCPhysicsControlled	17
CTCQuestCard	17
CTCCreatureModeManager	17
CTCEnemy	17
CTCGuard	17
CTCTavernGameShoveHaPenny	17
CTCQuickAccessMenu	17
CTCKrakenTentacle	17
CEntityRuntimePersistence	17
COpinionReactionManager	17
CMusicManager	17
CCombatSequenceBase	17
CXMVPlayer	17
CNavNavigableLeafNode	17
CGuiControlScrollBar	17
CV_ExposeMayorScript	17
CAnimationSet	16
CTCCarryable	16
CTCSummonSpell	16
CTCTavernTable	16
CTCFollowed	16
CTCTavernGameCardSorting	16
CTCQuestCompletionUI	16
CTCPhotojournalCapture	16
CThingPhysicalSwitch	16
CEditBox	16
CIconText	16
CKeyRedefiner	16
CEditWorld	16
CMapsAndRegionsDialog	16
CEditInputProcessCopyPaste	16
CAIStateGroup_ApprenticeHero	16
CEngineCamera	16
CBankFileAsync	16
CEngineInternalPrimitiveAnimatedMesh	16
CEngineOcclusionManager	16
CEngineInternalPrimitiveChanger	16
CObjectCacheGroupCollection	16
CParticleEmitterManager	16
CPSCLight	16
CLipSyncDataBank	16
CGuiControlListBox	16
CBriarRose	16
CQ_MinionCampScript	16
CV_ArcheryCompetitionScript	16
CV_BordelloScript	16
CEngineInternalPrimitiveBase	15
CProgressDisplay	15
CTCPhysicsNavigator	15
CTCActionUseScriptedHook	15
CTCDummyVillager	15
CTCGhostSword	15
CTCFireballSpell	15
CTCTargetingBase	15
CTCCreatureGroup	15
CTCHitLocations	15
CRegion	15
CSpellContainerList	15
CHoverable	15
CCombatRing	15
CActionTalkBase	15
CAnimationEventsDialog	15
CThingDialog	15
CAIStateGroup_MeleeCombatNearby2	15
CAIStateGroup_JackOfBladesBase	15
CEngineTreeFilerBase	15
CBankFileAsyncData	15
CGPUScratchBufferTextureManager	15
CResourceList	15
CTextureManager	15
CWADFile	15
CCRCSymbolMap	15
CVideoSys	15
CStreamingFontDataBank	15
CGuiControlListBoxPane	15
CQ_GuildTrainingScript	15
CV_TempleOfLightScript	15
CNetworkClient	14
CTCRandomAppearanceMorph	14
CTCContainerRewardHero	14
CTCChest	14
CTCCameraPointScripted	14
CTCEmoteIcon	14
CTCCreatureGroupBoastingCrowd	14
CTCMultiStrike	14
CTCCreatureFlyOnSpline	14
CTCCreatureFlyInCircles	14
CTCWallMountEffects	14
CTCTargeted	14
CObstacleNavigatorExternalInterface	14
CTCAnimatingObject	14
CTCThingOwner	14
CThingDeadCreature	14
CThingSoundEmitter	14
CSlider	14
CDraggable	14
CDrawMiniMap	14
CJoystickDX	14
CCombatWheel	14
CTCDegradableBase	14
NCreatureAI	14
CLandscapeLayerMesh	14
CEnginePrimitiveManagerRepeatedStaticMeshes	14
CLocalDetailCacheMap	14
CPSCRenderSprite	14
CPSCRenderMesh	14
CSplinePosParamData	14
CGuiControlNumber	14
CTriangleStripifier2	14
CRangeCompressor	14
CShaderDataBank	14
CMemoryAreaChunk	14
CTheRealGuildmaster	14
CQ_NewOakValeIntroScript	14
CQ_WizardBattleScript	14
CV_HeroDuelScript	14
CDiskFileWin32	13
CGenericVar	13
CSprite	13
CTCHero	13
CTCDExperienceOrb	13
CTCFlammable	13
CTCMeleeTrap	13
CTCAIScratchpad	13
CTCOracleMinigame	13
CTCFireheartMinigame	13
CTCStockItem	13
CTCAISummon	13
CTCNymph	13
CDynamicList	13
CTextSlider	13
CAnimationEntry	13
CCachedFile	13
CDrawAbilityButtons	13
CPhysicalPrimitiveCylinder	13
CModeStrafe	13
CRandomAppearanceMorph	13
CAIStateGroup_BanditSitRoundCampfire	13
CAIStateGroup_SitForMeal	13
CAIStateGroup_MeleeCombatNearby	13
CAIStateGroup_ScorpionKing	13
CEngineInternalAttachedPrimitive	13
CEngineSubPrimitiveRenderer	13
CEngineInternalPrimitiveStaticMesh	13
CEngineInternalPrimitiveParticleGroup	13
CEngineMapDependencyChecker	13
CParticleEmitterDatabase	13
CPSCOrbit	13
CPSCSpline	13
CGraphicInfoFrame	13
CParticleScriptParser	13
CSpeechAnalyser	13
CQ_ArenaScript	13
CEditComponent	12
CTCExplodingObject	12
CTCHeroCentre	12
CTCTurncoatSpell	12
CTCHeroReceiveItems	12
CTCBoastUI	12
CTCTargetingAI	12
CTCDPhysicalObstruction	12
CModeBase	12
CEngineManager	12
CFrontEndButton	12
CScrollBar	12
CMinimapData	12
CDrawQuickAccessIcons	12
CPhysicalPrimitiveSphere	12
CStringAndCageBase	12
CPSCAttractor	12
NCombatActionHelpers	12
CAIStateGroup_GoToBed	12
CAIStateGroup_MinionReactToPlayerInteraction	12
CAIStateGroup_WorkAtSchool	12
CAIStateGroup_Guildmaster	12
CWindowCreator	12
CEngineProfileLog	12
CEngineInternalPrimitive2DStaticMesh	12
CEngineInternalPrimitiveGroup	12
CEnginePrimitiveManagerAnimatedMeshesBase	12
CObjectTypeCollection	12
CWaterPatchMesh	12
CThreadedFile	12
CJoystick	12
CCodeSectionManager	12
CFrameData	12
CClassFactory	12
CNavigatorFlyer	12
CGuiControlSliderBar	12
CNavSwitchableLeafNode	12
CShaderResource	12
CSimpleMemoryPool	12
CQ_BanditCampBossBattleScript	12
CQ_HobbeCaveScript	12
CQ_OrchardFarmRaidScript	12
CQ_SecretPassageScript	12
CQ_WaspBossScript	12
CV_BodyGuardScript	12
CV_KnotholeGladeGatesScript	12
CV_RandomPopulationSimScript	12
CBulletTimeManager	11
CObservable	11
CTCFadeOutAndIn	11
CTCInventoryMagic	11
CTCMeshAutomaticEntityCreator	11
CTCHeroCentreDoorMarker	11
CTCBoastingArea	11
CTCRegionFollower	11
CTCFishing	11
CTCCrateStack	11
CTCHealLife	11
CTCWallMount	11
CTCBetting	11
CTCActivationReceptorBase	11
CTCPreCalculatedNavigationRoute	11
CTCLightningNode	11
CTCBoastingPodium	11
CZTargetNew	11
CIEngine	11
NSpeechGainManager	11
CCombatAction_GenericStrikeResponseBase	11
CModeThunderLightningStorm	11
CTrack	11
CModeStandBase	11
CTracksDialog	11
CCopyPasteDialog	11
CEnvironmentThemePriorityStackEntry	11
CCombatSequenceGeneric	11
CAIStateGroup_JackOfBladesStage1	11
CEditLevelMerger	11
CAIStateGroup_UsesSeat	11
CAIStateGroupBehaviourBase	11
CEngineWaterSettings	11
CLocalDetailPrimitiveRepeatedMesh	11
CPSCSplineBase	11
CSplineRandomOffsetData	11
CStreamingFontBank	11
CConsoleCommandLine	11
CResource	11
CGuiWindowMenu	11
CP4Api	11
CQ_PrisonEscapeRescueMotherScript	11
CQ_RansomVictimScript	11
CQ_TraderConflictGoodScript	11
CFishCompOrganiser	11
CMurderTwistSheriff	11
CTCGraphicAppearanceSprite	10
CTCAnimationComplex	10
CTCHighlightItem	10
CTCBoastingPosition	10
CTCWillEnflame	10
CTCOverheadDisplay	10
CTCTavernBar	10
CTCTrespasser	10
CTCDrainLife	10
CTCTurncoat	10
CTCOwnedEntity	10
CTCAvoidRegionExit	10
CTCVillageMember	10
CTCSmashableBase	10
CTCDHeroSuit	10
CThingVillage	10
CThingHolySite	10
CThingMarker	10
CZoomingComponent	10
CMesh	10
CMorphingSprite	10
CPhysicalPrimitiveMesh	10
CEditFractal	10
CTCTavernGameCoinBase	10
CAIStateGroup_MinionReactToNoise	10
CAIStateGroup_MinionKidGroupTag	10
CAIStateGroup_WanderAroundShops	10
CAIStateGroup_GameMaster	10
CEngineLandscapeMeshBuilder	10
CEnginePrimitiveRenderer2D	10
CEngineClothSimulationMeshBase	10
CEngineScreenEffectOutlineGlow	10
CEngineInternalPrimitiveMeshBase	10
CEnginePrimitiveManagerMeshBase	10
CEnginePrimitiveManagerRepeatedZSprites	10
CLocalDetailPlacementGrid	10
CEngineInternalPrimitive2DViewport	10
CParticleDataBank	10
CSystemRegistry	10
CParsedItem	10
CDefStringTable	10
CDriveManager	10
NProgressDisplay	10
CProfile	10
CRenderStateManager	10
CFontDataBank	10
CKeyboard	10
CMouse	10
CMirroredTextureHighlightsChunk	10
CKeyboardDX	10
CQ_DragonBossFightScript	10
CQ_HobbeToothContestScript	10
CQ_OakValeBanditRaidScript	10
CQ_OpeningGraveyardSecretPassageScript	10
CQ_TraderEscortScript	10
CV_FishingCompetitionScript	10
CV_MayorsInvitationScript	10
CParentDefClassBase	9
CMaterialDef	9
CHeroLogBook	9
CTCActionUseBuyHouse	9
CTCClock	9
CTCBed	9
CTCNoise	9
CTCActivationTrigger	9
CTCSkeletalMorph	9
CTCForcePushed	9
CTCRegionDisplay	9
CTCForcePushPower	9
CTCElectrocutedEffect	9
CTCCreatureTintEffect	9
CTCHeroSpecialMovement	9
CTCAtmosPlayer	9
CTCActionUseBase	9
CTCDRumble	9
CTCGatherPointBase	9
CTCHaste	9
CTCDExplosiveTrail	9
CMovie	9
CScrollableList	9
CMouseCursor	9
CScriptModuleBase	9
NCameraModes	9
NAnimationEvents	9
CModeJackOfBladesFlash	9
CShape	9
CEventHitBase	9
CCreatureAction_InterruptableMidAttackAutoTurn	9
CVillageTaskSecuritySweep	9
CVillageTaskCarryCrate	9
CWorldMapPlacementPopupDialog	9
CEditInputProcessView3D	9
CAIStateGroup_MinionGossip	9
CAIStateGroup_StealthSeekEnemy	9
CAIStateGroup_PrepareMeal	9
CAIStateGroup_LightHomeCandle	9
CAIStateGroup_MinionReactToCrime	9
CAIStateGroup_RangedCombatUsePreferredFirePoint	9
CAIStateGroup_CreatureTakeCover	9
CPhysicsForceModelBase	9
CAIStateGroup_MeleeCombatNearbyBase	9
CEngineStaticMapFileBlockManager	9
CEngineWaterBackgroundSubPatch	9
CEnginePrimitiveManagerOcclusionBase	9
CEngineClothRenderer	9
CEnginePrimitiveManagerParticleDecalGroup	9
CEnginePrimitiveRenderUtil	9
CLocalDetailPrimitiveMeshZSpriteBatch	9
CMemoryDataOutputStream	9
CWParsedItem	9
CPrimitive	9
CContainmentVolume	9
CPhonemeDataBank	9
CChunkedFileChunk	9
CVertexGroupBlock	9
CGameflowAssistanceScript	9
CQ_BanditCampScript	9
CQ_HeroSoulsArenaScript	9
CQ_MinionClifftopChaseScript	9
CQ_TentacleKrakenBossFightScript	9
CV_AssassinAttacksScript	9
CBS_Teacher	9
CV_IntroductionToTrophiesScript	9
CV_MurderTwistFinalScript	9
CMurderTwistSheriffGuard	9
CMurderTwistAssassin	9
CV_SwordInTheStoneScript	9
CV_TravellingHeroesScript	9
CV_TourGuideScript	9
CQ_CinemaTestScript	9
CTattooDef	8
CRuntimeQuestPersistence	8
CModeScorpionKingVulnerable	8
CTCSmokeGenerator	8
CTCPhysicsLight	8
CTCCreatureExpression	8
CTCCupboard	8
CTCHeroRememberCrimes	8
CTCCameraPointTrack	8
CTCHeroPodium	8
CTCDRegionEntrance	8
CTCVolumeContainmentTracker	8
CTCSwitchableNavigation	8
CTCGraphicAppearanceReplaceableMesh	8
CTCCreatureGeneratorCreator	8
CTCBurntEffect	8
CTCTeleporter	8
CTCInfoDisplay	8
CTCCreditsUI	8
CTCFireRangedWeaponOnLeavingStateGroup	8
CTCEditorAnimationCreature	8
CTCDCameraPoint	8
CTCCameraPointBuilding	8
CTCActionUseBed	8
CTCShotDefinitionDrainLife	8
CTCLightningOrb	8
CTCNamedUserActionPoints	8
CTCParticleAttacher	8
CTCEntityEvents	8
CTCCreatureGroupTag	8
CCreatureAction_PerformExpression	8
CSpellContainer	8
CFrontEndList	8
CTable	8
NPlayerGui	8
CStatBar	8
CDrawAbilityButtonsPC	8
CScriptedControl	8
CCreatureAction_SheatheItemToInventory	8
CModeRockTrollVulnerable	8
CModeBriarRoseConcentrate	8
NShape	8
CThingBodyReorienter	8
CQuestDialog	8
CCreatureAction_FireMissileWeapon	8
CModeHoverBase	8
CAIStateGroup_EnemyCreatureBase	8
CAIStateGroup_Drunk	8
CAIStateGroup_BanditPlayDice	8
CAIStateGroup_MinionSleep	8
CAIStateGroup_MinionReactToCriminal	8
CAIStateGroup_MinionGuardReactToPlayerWithWeapon	8
CAIStateGroup_CreatureRangedCombat2	8
CAIStateGroup_MinionFollowThing	8
CAIStateGroup_WhisperRetreat	8
NCombatSequenceIsValidModules	8
CAIStateGroup_EatAtTable	8
CEnginePrimitiveOcclusionManager	8
CEngineStaticMapEdgeHeights	8
CEngineLandscapeLODMap	8
CEngineSceneGridCell	8
CEngineSceneMap	8
CEngineInternalPrimitive2DAnimatedMesh	8
CGraphicInfo	8
CPreallocTexturePool	8
CGuiControlTextBox	8
CNavRegion	8
CIndexBuffer	8
CPackedUIntArray	8
CBankFileDependencies	8
CGameflowScript	8
CQ_BreakSiegeScript	8
CQ_EndGameScript	8
CQ_GuildTrainingWoodsMeleeScript	8
CQ_HeroSoulsNostroScript	8
CSummonerToKill	8
CMotherTorture	8
CQ_UndeadRisingScript	8
CV_BanditTollScript	8
CV_BookCollectingScript	8
CV_ChickenKickingScript	8
CV_GhostGrannyNecklaceScript	8
CV_HeroDollsScript	8
CV_LostTraderScript	8
CLostTraderTrader	8
CV_RockTrollFirstEncounterScript	8
CV_SingingStonesScript	8
CUIScreenUnitConverter	7
CInitBaseClass	7
NLocalisation	7
CTCDayOrNightOnlySupport	7
CAnimComponentDelayTime	7
CTCEditor	7
CTCMapwho	7
CTCSolidToThing	7
CTCGift	7
CTCDNavigationSeed	7
CTCGraphicAppearanceAnimatedMesh	7
CTCGraphicAppearanceStaticMesh	7
CTCCreatureHive	7
CTCFishingSpot	7
CTCStealableItemLocation	7
CTCShotDefinitionMultiArrow	7
CTCEffectOnDie	7
CTCTextureDecal	7
CTCFineDialogue	7
CTCCameraCollision	7
CTCActionUseReadable	7
CTCActivationReceptorCreatureGenerator	7
CTCParticleAttachmentTracker	7
CTCIdleScheduler	7
CCreatureAction_PlayAnimation	7
CThingNoise	7
CWound	7
CScrollingViewport	7
CViewport	7
CHeightMap	7
CDrawGuildSeal	7
CVillageTaskTorch	7
CSimVoice	7
CCreatureAction_UseObject	7
CLandscapeBackgroundSubNodeSplitBranch	7
CAtmosProcess	7
CScriptConversation	7
CCombatAbility	7
CModeScorpionKingTailPlunge	7
CModeDragonFireBeam	7
CModeIceTrollGroundSmashIcicleAssault	7
CModeDragonStrafeBurninate	7
CCombatAction_GenericStrikeResponseKnockdownRecoverBase	7
CCreatureAction_SpiritAttack	7
CThingMap	7
CVillageTaskPatrol	7
CMenu	7
CAIStateGroup_BuyFromSeller	7
CAIStateGroup_MinionGuardFollowPlayer	7
CAIStateGroup_KidHurtSelfRunToMother	7
CAIStateGroup_LookAtInterestingThings	7
CAIStateGroup_SitInPub	7
CAIStateGroup_SeekPerceivedThing	7
CAIStateGroup_StealStealableItem	7
CAIStateGroup_RecoverStealableItem	7
CAIStateGroup_MinionSitAtSchool	7
CAIStateGroup_SitRoundCampfire	7
CAIStateGroup_SeekEnemy	7
CAIStateGroup_WorkSawingWood	7
CAIStateGroup_WorkHammerAnvil	7
CAIStateGroup_MazeDefensiveMeleeCombat	7
CAIStateGroup_BriarRose	7
CAIStateGroup_MinionReactToTrespassing	7
CAIStateGroup_DeedReactionRoot	7
CAIStateGroup_VersusScorpionKing	7
CAIStateGroup_MinionBehaviourSad	7
CAIStateGroup_WhisperPotionCombat	7
CAIStateGroup_Clean	7
CAIStateGroup_TrollBase	7
CEngineLandscapeDebugDisplay	7
CMeshBankStateBlock	7
CEngineSimulationManager	7
CPatchTesselationEdgeStrip	7
CEnginePrimitiveManagerParticleGroup	7
CLocalDetailObjectCollectionType	7
NFile	7
NGameText	7
CAnimationData	7
CProcessedInput	7
CJoystickPositionTracker	7
CManagedTextureData	7
CPlane	7
CGuiControlEditCurve	7
CGuiControlTextView	7
CAnimatedBlock	7
NVectorMath	7
CTriangleStripifier	7
CStaticFontBank	7
CFourierAnalysis	7
CQuadric	7
COptimisedVertex	7
CScriptInfoManager	7
CQ_AwakeningTheOracleScript	7
CV_HauntedHouseScript	7
CFH_Prisoner	7
CQ_HeroSoulsMotherScript	7
CCrateTeamMember	7
CQ_PrisonRaceScript	7
CMazeAtTavern	7
CTyler	7
CV_MurderTwistScript	7
CMurderTwistAssassinGuard	7
CIMEFont	6
CGameEvent	6
CGameDefinitionManager	6
CObserver	6
CSoundMap	6
CAppearanceModifierDef	6
CAnimComponentTransitionInTime	6
CRightHandedSet	6
CSubtitledMessage	6
CTCRotate	6
CTCWound	6
CTCCameraPointFixedPoint	6
CTCFamilyMember	6
CTCDInternalMarker	6
CTCGraphicAppearanceStaticMeshFadeOutOnProximity	6
CTCBob	6
CTCSummonableCreature	6
CTCRockTrollShield	6
CTCOnHeroPush	6
CTCGraphicAppearanceMultipleStaticMeshes	6
CTCDiggingSpot	6
CTCWobble	6
CTCSinglePersonOccupiable	6
CTCTavernTankard	6
CTCFlourishTarget	6
CTCDecapitation	6
CTCHasName	6
CTCGatherPointRadialArea	6
CTCSearchableContainer	6
CTCCreatureHitNotification	6
CCreatureAction_HeroLoadRangedWeapon	6
CCameraPointModeBase	6
CAnimComponentFlags	6
CAnimComponentCombatHandedness	6
CAnimComponentCombatComboChain	6
CAnimComponentCombatRecoil	6
CAnimComponentCombatMisc	6
CAnimComponentCombatFlourishTargetOffset	6
CAnimComponentStrikeSpeedMultiplier	6
CAnimComponentSetCreatureMode	6
CAnimComponentFollowingOnAnimFilter	6
CAnimComponentStrikeResponseAnim	6
CRotateAround	6
CStopWatch	6
CVillageTaskHorn	6
CVillageTaskPickCrops	6
CCreatureAction_UnsheatheItemFromInventory	6
CGameMap	6
CFaction	6
CScriptConversationManager	6
CGameCameraBase	6
CModeConversation	6
CPCMouseLook	6
CModeJackOfBladesScream	6
CModeBlock	6
CModeStunned	6
CCreatureAction_UndeadRiseUp	6
CLightningBeam	6
NThingShot	6
CTCUserActionPointBase	6
CCombatAction_ControlledStrafeJump	6
CThingComponentSet	6
CEditInputProcessMapPlacement	6
CEditTransactionManager	6
CFractalDialog	6
CTCContainer	6
CWillButtonHelperTimer	6
CAIStateGroup_MinionHasInformation	6
CAIStateGroup_MinionListenToStory	6
CAIStateGroup_IdleAtHome	6
CAIStateGroup_MinionGuardReactToCriminal	6
CAIStateGroup_MinionPutOutFires	6
CAIStateGroup_MinionWatchFires	6
CAIStateGroup_MinionSitAtHome	6
CAIStateGroup_SeekScriptTarget	6
CAIStateGroup_VillageTaskPatrol	6
CAIStateGroup_VillageTaskSecuritySweep	6
CAIStateGroup_VillageTaskPickCrops	6
CAIStateGroup_KidPlayHopscotch	6
CAIStateGroup_WorkInWarehouse	6
CAIStateGroup_SellToBuyer	6
CAIStateGroup_MazeRangedCombat	6
CAIStateGroup_MazeShieldedChase	6
CAIStateGroup_MazeTutorialBattleRespondToLightning	6
CAIStateGroup_HoverHornetQueenTakeDamage	6
CAIStateGroup_CreatureSeekEnemyUnderground	6
CAIStateGroup_CarryCrateAndFollow	6
CAIStateGroup_Thunder	6
CAIStateGroup_MinionBehaviourPodiumEmoteNeutral	6
CAIStateGroup_JackOfBladesStage2	6
CAIStateGroup_CreatureAdvanceInCover	6
CPhysicsForceModelRigid	6
CPhysicsForceModelGotoOutsideSimple	6
CAIStateGroup_Gaze	6
CAIStateGroup_ServeFood	6
CEngineScreenEffectColourFilter	6
CLandscapeBackgroundDynamicBuildTemplate	6
CEnginePrimitiveManager2DSprites	6
CEnginePrimitiveManagerSprites	6
CEnginePrimitiveManagerDecal	6
CEnginePrimitiveManagerParticleSpriteGroup	6
CParticleEmitterList	6
NBankFileManager	6
NProfileTimer	6
CDateAndTime	6
CGameEventPackageSet	6
CGraphicBankManager	6
CPhysicsMeshInfo	6
CGraphicFrameData	6
CMeshBankManager	6
CInputProcessManager	6
CRenderTarget	6
CNavigatorBase	6
CSuspendableProcessMicrothread	6
CMatrix3x4	6
CGuiControlFlatListBox	6
CDeviceIndependent	6
CVertexBufferWin32	6
CSurfaceCompositor	6
CMovableResourceMemoryPool	6
CMatrix4x4	6
CGenericVarRef	6
CChunkedFileRawDataChunk	6
COptimisedFace	6
CVertexPairContraction	6
CSUMMONED_CREATURE	6
CQ_EndGameFocalSitesScript	6
CQ_EndGameBossBattleScript	6
CScorpionHome	6
CQ_GuildTrainingWoodsWillScript	6
CQ_HeroSoulsThunderScript	6
CQ_HeroSoulsBriarScript	6
CQ_HeroSoulsGuildmasterScript	6
CQ_HerosOldHouseScript	6
CQ_SummoningTheShipScript	6
CQ_TraderConflictEvilScript	6
CQ_WhiteBalverineKnotholeGladeScript	6
CQ_WhiteBalverineWWScript	6
CQR_EscortTrader_ManagerScript	6
CTollBandit	6
CBodyGuard	6
CSpectator	6
CV_FishermanScript	6
CV_ParanoidWhispersScript	6
CV_SickChildScript	6
CWomanToAttract	6
CAT_BanditAlly	6
CCreatureAction_NavToPos	5
CDefClassBase	5
CStartupDefinitionManager	5
CInputTypeXboxPadButtonEvent	5
CThingSearchTools	5
CTCGamePlayer	5
CFrameRateSmoother	5
CTCActionUseBuyOrSteal	5
CTCCameraPointGeneralCase	5
CTCProjectileTrap	5
CTCMoneyReceiver	5
CTCWaterWader	5
CTCTavernJug	5
CTCDrunkenness	5
CTCShotDefinitionTearInGround	5
CTCAICreatureWillPowerIndicator	5
CTCAmbientBird	5
CTCFlashOnHit	5
CTCDeadShotInThingTracker	5
CTCObstacle	5
CTCSingleUserActionPoints	5
CTCLifeTimer	5
CAIStateGroup_MinionSitOnSeatBase	5
CTCActionUseTorch	5
CTCCarriedActionUseFish	5
CTCCarriedActionUseTrophy	5
CTCExpression	5
CTCCarriedActionUseFishingRod	5
CTCCarriedActionUseSpade	5
CTCResurrectionItem	5
CTCCarriedActionUseRead	5
CTCShotDefinitionNymphFun	5
CTCActivationReceptorDoor	5
CTCActivationReceptorRelay	5
CTCCreatureItemLevitationBase	5
CTCTargetingSpirit	5
CCreatureAction_ActivateQuest	5
CCreatureAction_PerformExpressionExtended	5
CReactionFrequencyTraits_LinearTime	5
CEngineTextureMorphSet	5
CWoundMorphs	5
CParticleEffect	5
CListArrow	5
CScrollBarOutside	5
CAnimComponentFollowingOnAnim	5
CInputTypeMouseButtonEvent	5
CDrawBase	5
CMultiStatBar	5
CAutoPickupBar	5
CDrawPerceivers	5
CInputProcessInventoryBase	5
CInputProcessInventoryQuestsScreen	5
CInputProcessCombat	5
CInputProcessJumpingAndRolling	5
CCreatureAction_GenericFireProjectileWeapon	5
CProng	5
CCreatureAction_NymphGetHit	5
CCreatureAction_SummonerFlameSlice	5
CGameScriptThingManager	5
CActionTalkToThing	5
CActionFollowCreature	5
CModeCreatureIsProjectile	5
CModeScorpionKingExhausted	5
CModeUnderground	5
CModeScreamerAggressive	5
CModeDrained	5
CModeDragonGetHit	5
CModeDragonHover	5
CModeIntangible	5
CModeDazed	5
CModeGuildmasterPowerUpSpeed	5
CModeGuildmasterPowerUpHeal	5
CModeDragonFlying	5
CCreatureAction_RiseUp	5
CScriptModuleTransitionBetweenPoints	5
CScriptModuleFOVZoom	5
CScriptModuleSpline	5
CThingScriptUIDReplacer	5
CCombatAction_GenericStrikeResponseKnockdown	5
CCombatAction_KickThingOnGround	5
CCreatureAction_StartBlocking	5
CCreatureActionHeroJump	5
CStringAndCage	5
CEditInputProcessTracks	5
CEditRiver	5
CBlendedEnvironmentTheme	5
CCombatSequence_ScorpionLungeAttack	5
CCombatSequence_TrollOpeningGroundPound	5
CCombatSequence_BattleCharge	5
CCombatSequence_WillLightning	5
CCombatSequence_WillEnflame	5
CCombatSequence_WillForcePush	5
CCombatSequence_WillForcePushLongRange	5
CCombatSequence_WillPhysicalShield	5
CCombatSequence_WillPhysicalShieldNonMelee	5
CCreatureAction_UnsheatheWeapons	5
CCreatureAction_LeapLong	5
CCreatureAction_DragonFlight	5
CCreatureAction_JackFloatUp	5
CCreatureAction_TrollThrowProjectile	5
CCreatureAction_BanditKingLunge	5
CAIStateGroup_BirdGroundWander	5
CAIStateGroup_GazeAtHome	5
CAIStateGroup_MinionWorkInInn	5
CAIStateGroup_BanditGossip	5
CAIStateGroup_MinionReactToAlert	5
CAIStateGroup_KidWanderNearKids	5
CAIStateGroup_ThrowLogsOnFire	5
CAIStateGroup_CleanHouse	5
CAIStateGroup_MinionHawkingFromStall	5
CAIStateGroup_WifeGiveYouGift	5
CAIStateGroup_OpenAndCloseShop	5
CAIStateGroup_MinionGuardReactToBribe	5
CAIStateGroup_MinionCuriosity	5
CAIStateGroup_MinionFaceHero	5
CAIStateGroup_MinionReactToCorpse	5
CAIStateGroup_MinionReactToUnconsciousPerson	5
CAIStateGroup_MinionSitOnSeat	5
CAIStateGroup_NonVillageGuardPatrol	5
CAIStateGroup_VillageTaskTorch	5
CAIStateGroup_VillageTaskHorn	5
CAIStateGroup_KidWatchHopscotch	5
CAIStateGroup_KidReactToBlockage	5
CAIStateGroup_BalverineCornered	5
CAIStateGroup_MazeTutorialBattle	5
CAIStateGroup_MazeTutorialBattleTeleport	5
CAIStateGroup_MazeTutorialBattleUseShield	5
CAIStateGroup_BriarRoseWillUse	5
CAIStateGroup_ReactToDeadLeader	5
CAIStateGroup_BoastingCrowdMember	5
CAIStateGroup_BanditKingLunge	5
CAIStateGroup_IceTrollPoundGroundAttack	5
CAIStateGroup_IceTrollIcicleAssault	5
CAIStateGroup_SleepOnFloor	5
CAIStateGroup_MinionSitOutside	5
CAIStateGroup_SummonerLightningAttack	5
CAIStateGroup_SummonerCharge	5
CAIStateGroup_CreatureFindCover	5
CCreatureAction_KrakenLowAttackInto	5
CAIStateGroup_MinionBehaviourCrowdBase	5
CEnginePrimitiveAttachmentManager	5
CEngineInternalPrimitiveRepeatedStaticMesh	5
CEnginePrimitiveManagerParticleSpriteTrailGroup	5
CEnginePrimitiveManagerParticleLineGroup	5
CEnginePrimitiveChangerManager	5
CEnginePrimitiveGroupManager	5
CEnginePrimitiveManagerGameMeshes	5
CEnginePrimitiveManagerText	5
CEnginePrimitiveManagerLines	5
CEnginePrimitiveManagerSpriteTrails	5
CEnginePrimitiveManagerWeaponTrails	5
CEnginePrimitive2DViewportManager	5
CLocalDetailPrimitiveMesh	5
CPSCBase	5
CBufferedFileDataOutputStream	5
CMemoryDataInputStream	5
CCompressedMemoryDataInputStream	5
CTextEntry	5
CBankFileEntryUpdateData	5
CFontManager	5
CData	5
CMeshData	5
CResourceBank	5
CXBConfig	5
CAStarState	5
NBBBMaths	5
CBBBClientUser	5
CWaveFile	5
CGuiWindowMenuPane	5
COptimisedMesh	5
CRuntimeScriptedEntityPersist	5
CSecretPassageGraveyardKeeper	5
CBCGameMaster	5
CQ_BowerstoneTownLifeIntroScript	5
CQ_HeroSoulsScript	5
CQ_GuildTrainingWillScript	5
CQ_GuildTrainingWoodsDepartureScript	5
CHTG_Guard	5
CFishermansWife	5
CGranny	5
CFadeinSummoner	5
CMinionEscort	5
CMagicBarrier	5
CQ_PrisonWardenGameScript	5
CVictim	5
CDarkwoodTrader	5
CQS_ScytheInfoScript	5
CQS_GuardianTrophyDealerInfoScript	5
CAS_Trickster	5
CAC_Owner	5
CBordelloLady	5
CBordelloClient	5
CV_BeggarAndChildScript	5
CDF_ThreeSuits	5
CV_GuildMasterScript	5
CPersonalScript_AardvarkScript	5
CM_HiddenBooty	5
CLostTraderBrother	5
CV_MazeResearchScript	5
CManInLove	5
CMansLover	5
CIngredientOwner	5
CV_TrophyDealerScript	5
CCS_OakValeRevisitedScript	5
CExpression_FishScript	5
CGlobal_ToggleTimeDisplayScript	5
CTestTheInventoryScript	5
CPersonalScript_EmptyScript	5
CDummy	5
CGame	4
CConsoleVariable	4
CConsoleCommandBase	4
CFixedDolly	4
CFadeInFadeOutBase	4
CDefString	4
CFontBank	4
CThingCreatureDef	4
CContextSensitiveItemDef	4
CThingSwitchDef	4
CMeleeCombatAbilityDef	4
CMessageEventManager	4
CGameJoystickManager	4
CActiveQuest	4
CConversationAttitude	4
CTCSimpleAppearanceMorph	4
CTCUndeadSoul	4
CTCJackShield	4
CTCJackPillar	4
CTCWeatherVane	4
CTCThingUIDDummyForSerialisation	4
CTCDNone	4
CTCTimeAppearanceFade	4
CTCHeroGuide	4
CTCTavern	4
CTCShotDefinitionThrow	4
CTCHitOnCollision	4
CTCGold	4
CClockDef	4
CTCElectrocuteOnTouch	4
CTCSleep	4
CTCExclusiveUse	4
CTCCarriedActionUseExpression	4
CTCInterestingToVillagers	4
CTCDiceGame	4
CTCShotDefinitionProjectile	4
CTCShotDefinitionProjectilePredictive	4
CTCShotDefinitionForcePushBall	4
CTCShotDefinitionFireballSpell	4
CTCSoundAtmosphereVillage	4
CVillageDef	4
CTCActivationReceptorChest	4
CTCCreatureItemLevitationNymph	4
CTCGatherPointBuilding	4
CFlammableDef	4
CActionEventTriggerParticle	4
CActionEventCameraShake	4
CActionEventSound	4
CActionEventShot	4
CActionEventExplosion	4
CActionEventAddObject	4
CActionEventRemoveObject	4
CCreatureAction_OpenChest	4
CCreatureAction_UseLamp	4
CCreatureAction_ShowTrophy	4
CCreatureAction_Drink	4
CReactionFrequencyTraits_PeriodicFrequency	4
CReactionFrequencyTraits_ControlledCount	4
CFirePoint	4
CAIStateGroup_Freeze	4
CScrollingComponent	4
CSwappingStateComponent	4
CFrontEndScreen	4
CDraggableInto	4
CSnapToPoint	4
CBaseIntelligentPointer	4
CInputTypeKeyboardKeyEvent	4
CViewBase	4
CDrawMeleeActionButtonEffects	4
CDrawNPCName	4
CCombatSequence_TrollDoubleSwipe	4
CCombatSequence_BanditBoast	4
CInputProcessMain	4
CInputProcessZTarget	4
CInputProcessQuickAccessItems	4
CInputProcessControlSpirit	4
CFactionManager	4
CLevelLoader	4
CObject	4
CCreatureAction_NymphGetHitDie	4
CActionSummonerLightningAttackTarget	4
CActionMoveTo	4
CGuiVarTransferFloat	4
CGuiVarTransferSLONG	4
CGuiVarTransferULONG	4
CGuiVarTransferBool	4
CGuiVarTransferString	4
CGuiVarTransferStringList	4
CGuiVarTransferDefIndex	4
CGuiVarTransferDefIndexList	4
CGuiVarTransferSymbolVal	4
CGuiVarTransferExclusiveOptions	4
CRegionConnectionGraph	4
CMarkerInfo	4
CModeSleepBed	4
CMoveOnCylinder	4
CModeJackOfBladesFloat	4
CModeDragonLanded	4
CModeCrouch	4
CModeJackOfBladesDeath	4
CModeChargeForcePush	4
CModeDragonRearUp	4
CModeHitByEpicSpell	4
CModeGuildmasterPowerUpShield	4
CModeDragonStrafe	4
CModeWalkInAllDirections	4
CModeHoverNormal	4
CSkeletalMorphs	4
CTextureMorphs	4
CParticleMorphs	4
CModeSitBase	4
CModeSummonerSummon	4
CCreatureAction_ScorpionTailPlunge	4
CCreatureAction_ScorpionSummon	4
CCreatureAction_ForcePushOutOf	4
CModeBriarRoseTeleportIntangible	4
CCreatureAction_GetUpFromSitting	4
CCreatureAction_StabbedToDeath	4
CCombatAction_StabThing	4
CCreatureAction_Die	4
CVirtualKeyboard	4
CCreatureAction_BlockRespond	4
CExpressionSet	4
CEditInputProcessRegion	4
CAttachingThingsDialog	4
CEditRiverWaypoint	4
CEditTransactionComposite	4
CInitialQuestsDialog	4
CResolveDialog	4
CMapVisDialog	4
CSceneDialog	4
CEditWorldBackup	4
CEditLevelBackup	4
CCombatSequence_GenericLeader	4
CCombatSequence_BanditUnblockableAttack	4
CCombatSequence_TrollRockPursue	4
CCombatSequence_TrollRockAdvance	4
CCombatSequenceWhisperAttackBigCombo	4
CCombatSequenceWhisperAttack360	4
CCreatureAction_GoUnderground	4
CCreatureAction_CastWillEnflameSpell	4
CCreatureAction_FinishFireballSpell	4
CCreatureAction_ScreamerDie	4
CCreatureAction_WhisperSommersaultForward	4
CCombatAction_StrikeResponseJackOfBladesIntoRush	4
CCreatureAction_WaspQueenDie	4
CCreatureAction_TrollProjectileAttack	4
CCreatureAction_TrollGroundPound	4
CCreatureAction_BanditKingStuck	4
CCreatureAction_SummonerLightningOrbInto	4
CCreatureAction_SummonerLightningOrbOutOf	4
CCreatureAction_SummonerLightningOrbOutOfGroundSmash	4
CCreatureAction_BalverineCorneredJumpIntoSky	4
CCreatureAction_BalverineDropInFromSky	4
CCreatureAction_CastSkillMultiArrow	4
CCreatureAction_TentacleStrikeLoop	4
CCreatureAction_CastStrengthMultiStrike	4
CCreatureAction_ReleaseStrengthBerserk	4
NPhysicsHelpers	4
NHitLocationCodelets	4
CAIStateGroup_GazeOutside	4
CAIStateGroup_GazeAtWork	4
CAIStateGroup_MinionKidCalledToMother	4
CAIStateGroup_MinionGuardHeardYellForHelp	4
CAIStateGroup_MinionGuardReactToBodyFoundMessage	4
CAIStateGroup_ChickenBeg	4
CAIStateGroup_BirdFlyToFood	4
CAIStateGroup_HandyMan	4
CAIStateGroup_NymphAttack	4
CAIStateGroup_CreatureIdleUnderground	4
CAIStateGroup_SetupWares	4
CAIStateGroup_BanditPlot	4
CAIStateGroup_SkillPractice	4
CAIStateGroup_MinionWander	4
CAIStateGroup_MinionFindPersonalSpace	4
CAIStateGroup_MinionMotherProtectFamily	4
CAIStateGroup_MeleeCombatNearbyAttackWhenVeryClose	4
CAIStateGroup_TellStory	4
CAIStateGroup_StayNearFoodHall	4
CAIStateGroup_FollowPlayer	4
CAIStateGroup_BalverineJumpAtFleeingEnemy	4
CAIStateGroup_NymphFloatAround	4
CAIStateGroup_MinionReactToBurglary	4
CAIStateGroup_HoverKeepInArea	4
CAIStateGroup_CreatureRangedCombatFireAtSpecificTargets	4
CAIStateGroup_IceTrollIcicleAttack	4
CAIStateGroup_EatAtTavern	4
CAIStateGroup_MazeTeleport	4
CAIStateGroup_JackOfBladesStage3	4
CEditTransactionSetEngineBlend	4
CToolbar	4
CAIStateGroup_FlyingThingBase	4
CAIStateGroup_MoveGoodsBase	4
CCreatureAction_KrakenLowAttackLoop	4
CCreatureAction_KrakenHighAttackLoop	4
CLandscapePatchTesselator	4
CGraphicFrame	4
CEnginePrimitiveSimulationInfo	4
CSubPatchTreeLODLockElement	4
CEngineTexturePalette	4
CEnginePrimitiveManager	4
CEnginePrimitiveManager2DStaticMeshes	4
CEngineInternalPrimitiveRepeatedZSprite	4
CEnginePrimitiveManagerWeatherMask	4
CEngineInternalPrimitiveDecal	4
CEnginePrimitiveManagerParticleMeshGroup	4
CEnginePrimitiveManager2DAnimatedMeshes	4
CQuadTree	4
CEnginePrimitiveManager2DParticleGroup	4
CSeaQuadElement	4
CEngineInternalPrimitiveMorphInfo	4
CParticleEmitterInfo	4
CEmitterData	4
CFileDataInputStream	4
CFileDataOutputStream	4
CActiveFile	4
CDataBankTextEntry	4
CDataBankGroupEntry	4
CGroupEntry	4
CBankFileAsyncEntry	4
CGameEventPackage	4
CScratchBuffer	4
CVsyncCallbackTimer	4
CRoughFrameCounter	4
CLipSyncSampleData	4
CANavQuadTreeNode	4
CSteeringAgent	4
CNavBlockedQuadTreeNode	4
CPerlinNoise	4
CColourConverter	4
CVertexBufferBase	4
CTriangleInfo	4
CQuaternion	4
CStreamingFontDataBankEntry	4
CInkeyBuffer	4
CChecksumCacheFile	4
CFontDataBankEntry	4
CIPhysicsFacesSegmentBase	4
CVertexGroupBlockList	4
CIndexList	4
CScriptDefinitionManager	4
CTargetForKey	4
CEndGameBarrier	4
CQ_ArenaHoldingScriptScript	4
CSafeTrader	4
CEM_Sheriff	4
CLadyGreyWifeManagerScript	4
COracleTablet	4
CNecropolisGhost	4
CCampHostageDoor	4
CCampHostageGuard	4
CBanditForger	4
CQ_BanditCampHoldingScriptScript	4
CBH_GangLeader	4
CKG_Sheriff	4
CImprisonedBanditLeader	4
CDisplacedTrader	4
CDragon	4
CDBSummoner	4
CAppleGirl	4
CBirdKiller	4
CKillBird	4
CQ_GuildTrainingDepartureScript	4
CQ_GuildTrainingPreMeleeScript	4
CQ_GuildTrainingMeleeScript	4
CQ_GuildTrainingSkillScript	4
CHTE_FreedomFighter	4
CHTG_Prisoner	4
CHTG_Executioner	4
CHS_Screamer	4
CGuardInWoods	4
CGhostFisherman	4
CHobbeTorrent	4
CJames	4
CBanditSacrifice	4
CMC_Minion	4
CMapKeeper	4
CBalverineFightingGuard	4
CMinionFieldGenerator	4
CNOVI_Villager	4
CNOVI_Bully	4
CNOVI_TeddyGirl	4
COakValeBanditRaidBandit	4
CArtefact	4
CPrisoner	4
CTortureDoorCourtyard	4
CVictimsFather	4
CRansommer	4
CQ_RansomVictimChiefsHouseScript	4
CSummonerAttacker	4
COracleGamesmaster	4
CTraderToRescue	4
CDarkwoodRockTroll	4
CEndTrader	4
CUndeadRisingZombieAttacker	4
CUndeadRisingZombieAttackerBoss	4
CWaspHelper	4
CKG_Chief	4
CSickChildsSister	4
CTraderToEscort	4
CQS_GuardianSisterInfoScript	4
CAS_Buddy	4
CMagicman	4
CV_BanditCampPathScript	4
CBanditLeader	4
CBB_BeardyBaldyMan	4
CV_DemonDoorsScript	4
CFisherman	4
CFishermanWasp	4
CBountyHuntActivationChecker	4
CFisticuffsClubRing	4
CFisticuffsMember	4
CV_HiddenBootyScript	4
CHHUndead	4
CKGG_VillagerOutside	4
CMurderTwistBrother	4
CMurderTwistBrotherFriend	4
CLadyGrey	4
CVO_OracleMarker	4
CSecretWhisperingMan	4
CSecretWhisperingFriend	4
CRandomPopulationCreature	4
CWitch	4
CV_StatueMasterScript	4
CTB_Bard	4
CGlobal_WatchForHeroDeathScript	4
CExpression_FollowScript	4
CBurningPerson	4
CEmptyScript	4
CTestPos	4
CVillager	4
CHeroTurningDebuggerScript	4
CBenTestScriptsScript	4
CTonyTestScriptsScript	4
CShowTargetedThingHealthScript	4
CAT_ConvoySpy	4
CAT_Sentry	4
CSpawnedFuncBase	4
CCRC	3
CYesNo	3
COk	3
CControlsDef	3
CUIIconsDef	3
CUIMiscThingsDef	3
CFrontEndDef	3
CUIDef	3
CConfigOptionsDefaultsDef	3
CCreatureAction_GetInBed	3
CScreenMessage	3
CHeroMarriageDef	3
COpinionReactionManagerDef	3
CBonusItemDef	3
CHeroTitleDef	3
CKrakenTentacleDef	3
CActionUseDef	3
CSmashableDef	3
CVillagePeopleDef	3
CTavernDef	3
CThingNoiseDef	3
CThingHolySiteDef	3
CSpecialAbilitiesMultiArrowDef	3
CTavernGameSpotTheAdditionDef	3
CCameraModeDef	3
CTargetingDef	3
CSpecialAbilitiesTurncoatSpellDef	3
CVillagerInteractionsDef	3
COpinionSourceDef	3
CSpecialAbilitiesBattleChargeDef	3
CSpecialAbilitiesBerserkDef	3
CSpecialAbilitiesBulletTimeDef	3
CSpecialAbilitiesEnflameDef	3
CBrainDef	3
CSpecialAbilitiesLightningSpellDef	3
CSpecialAbilitiesDrunkennessDef	3
CSoundThemeDef	3
CSpecialAbilitiesUnholyPowerDef	3
CSoundDef	3
CHeroCombatDef	3
CObjectAugmentationsDef	3
CThingObjectDef	3
CCreatureAbilityDef	3
CEngineThemeGroupDef	3
CInventoryDef	3
CCombatTypeDef	3
CCreatureGenerationFamilyDef	3
CHeroAbilityDef	3
CHeroStatsDef	3
CObjectFamilyDef	3
CArmourDef	3
CGlobalDef	3
CPlayerGuiDef	3
CUILocaleGraphicsDef	3
CSpecialEffectsDef	3
CParticleEnvironmentInteraction	3
CMapInfo	3
CSpotLightDef	3
CTCDiscovery	3
CTCCameraPointFixedDolly	3
CTCCameraPointDead	3
CTCBandit	3
CTCBlacksmiths	3
CHeroCentreDef	3
CAIScratchpadDef	3
CTCCombatLeader	3
COverheadDisplayDef	3
CTavernTableDef	3
CTCTrespassable	3
CTCShotDefinitionThrowPredictive	3
CTCShotDefinitionDragonFireball	3
CTCGeneratesExperienceOnKilling	3
CExpressionSubDef	3
CTCTavernGameMaster	3
CTCFish	3
CTCFishingRod	3
CTCDestroyThingOnActionFinish	3
CTCDestroyThingOnSpecialAbilityFinish	3
CTCAbsorbHits	3
CVillageMemberDef	3
CBuyHouseDef	3
CTCCreatedEntity	3
CTCGeneratedCreature	3
CTCGossip	3
CHeroSpecialMovementDef	3
CTCActionUseSign	3
CTCActionUsePickUp	3
CTCActionUsePickUpGenericBox	3
CTCActionUsePutInInventory	3
CTCActionUseMapTable	3
CTCActionUseSearch	3
CTCActionUseBlowHorn	3
CTCActionUseWindow	3
CTCActionUseAcceptBoast	3
CTCActionUseStartExtrapolationMorph	3
CTCActionUseKickChicken	3
CTCCarriedActionUseLamp	3
CTCCarriedActionUseDrop	3
CTCCarriedActionUseDropGenericBox	3
CTCCarriedActionUseGive	3
CTCCarriedActionUseGiveBeer	3
CTCCarriedActionUseGoldBag	3
CTCCarriedActionUseShow	3
CTCCarriedActionUseFood	3
CTCCarriedActionUsePotion	3
CTCCarriedActionUseWallMount	3
CTCActionUseSwitch	3
CTCActionUseChest	3
CTCSmashableBarrier	3
CTCCarriedActionUseActivateQuest	3
CTCActionUseActivateQuest	3
CTCActionUseWallMount	3
CTCPlot	3
CTCCarriedActionUseAbility	3
CTCSmashableWindow	3
CTCShotDefinitionSpreadShotProjectile	3
CTCSoundAtmosphere	3
CTCCreatureItemLevitationHero	3
CTavernGameDef	3
CTavernGameShoveHaPennyDef	3
CShopDef	3
CModeBerserk	3
CCreatureAction_GetOutOfBed	3
CCreatureAction_GiveItemToThing	3
CCreatureAction_PlayIntoLoopOutOfAnimation	3
CCreatureAction_PickUpGenericBox	3
CCreatureAction_DropWeapon	3
CCreatureAction_AlertAllNearbyToThing	3
CCombatAction_GenericResponseToDecapitation	3
CCombatAction_GenericResponseToExplosion	3
CReactionMatch_SecondaryAxisMRShifted	3
CReactionMatch_SecondaryAxisCentredMRShifted	3
CReactionMatch_AsymmetricPyramid	3
CReactionMatch_MRPyramid	3
CReactionMatch_Sphere	3
CComponentContainer	3
CTextContainer	3
SExpSpendUndo	3
CInputTypeXboxPadLeftStickEvent	3
CInputTypeXboxPadRightStickEvent	3
CInputTypeMouseMovementEvent	3
CInputTypeMouseWheelMovementEvent	3
CInputTypeMouseWheelMovementUpEvent	3
CInputTypeMouseWheelMovementDownEvent	3
CDisplayViewManager	3
CDrawAutoPickups	3
CCrimeStatBar	3
CDrawStatUpdates	3
CDrawDamage	3
CQuestInfoElementMiniGameBar	3
CDraw2DText	3
CPhysicalPrimitiveInit	3
CInputProcessTargetLockCycleTargets	3
CInputProcessTargetLockRightStickTargetSelect	3
CInputProcessInventory	3
CInputProcessInventoryClothing	3
CInputProcessInventoryWeapons	3
CInputProcessHeroAbilitiesScreen	3
CInputProcessInventoryMapScreen	3
CInputProcessInventoryExperienceScreen	3
CInputProcessInventoryTradeScreen	3
CInputProcessInventoryStatsScreen	3
CInputProcessControlFreeCamera	3
CInputProcessControlCreatureRightStick	3
CInputProcessInGameMenu	3
CInputProcessPhotojournalCapture	3
CCreatureAction_DragonStrafeOutOf	3
CView3DBase	3
CCreatureAction_SheatheItemToInventory_ForEnflame	3
CCreatureAction_SheatheItemToInventory_ForDivineWrath	3
CCreatureAction_SheatheItemToInventory_ForUnholyPower	3
CUndoBufferBase	3
CSkeletalMorphResourceManager	3
CCreatureAction_LeapBack	3
CCreatureAction_GenericAimProjectileWeapon	3
CCreatureAction_CastWillDrainLifeSpell	3
CCreatureAction_ScreamerDrainAttack	3
CCreatureAction_ScorpionKingDeath	3
CCreatureAction_WaspQueenDeath	3
CCreatureAction_RockTrollFallToDeath	3
CCreatureAction_InterruptableMidAttack	3
CCreatureAction_HobbeSpellcasterAim	3
CCreatureAction_SummonerDie	3
CActionLeadCreature	3
CActionPlayAnimation	3
CActionPlayCombatAnimation	3
CActionDoCreatureAction	3
CActionOverheadTalkToThing	3
CActionFireProjectileWeapon	3
CCreatureAction_ReloadMissileWeapon	3
CRegionConnectionNode	3
CModeCarryingWeaponStand	3
CModeWading	3
CModeKnockedDown	3
CModeForcePushed	3
CModeSummonerDie	3
COpenCloseHelper	3
CModeOutOfActionBase	3
CModeExplosiveForcePushed	3
CModeScreamerSuperAttack	3
CModeSummonerLightningOrb	3
CCreatureAction_ScorpionRecover	3
CCombatAction_Guildmaster_HealFollowersRelease	3
CCombatAction_Guildmaster_ShieldFollowersRelease	3
CCombatAction_Guildmaster_SpeedUpFollowersRelease	3
CModeBriarRoseTeleportInvulnerable	3
CCreatureAction_BeStunned	3
CCreatureAction_SpiritReturnToHero	3
CCreatureActionHero180RunningTurn	3
CSACCombat	3
CSimplePointBase	3
CFirstPerson	3
CEditInputProcessEditShapes	3
CEditTransactionBase	3
CScriptBrushDialog	3
CEditMapBrush	3
CBrushLibraryDialog	3
CScreenFilterProcess	3
CCombatSequence_GenericRangedAttack	3
CCombatSequence_NonInterruptableBoxStrafe	3
CCombatSequence_BanditAdvanceFar	3
CCombatSequence_BanditAttackFar	3
CCombatSequence_BanditAttackMiddle	3
CCombatSequence_BanditAttackSide	3
CCombatSequence_BanditAttackNear	3
CCombatSequence_BanditIdleNear	3
CCombatSequence_BanditIdleMiddle	3
CCombatSequence_BanditKingAttack	3
CCombatSequence_BanditKingAdvance	3
CCombatSequence_BanditKingBackOff	3
CCombatSequence_BanditKingSpinAround	3
CCombatSequence_FodderMainAttack	3
CCombatSequence_FodderUnblockableMainAttack	3
CCombatSequence_FodderSecondaryAttack	3
CCombatSequence_FodderCombatIdle	3
CCombatSequence_KingScorpionTailPlunge	3
CCombatSequence_TrollDoubleSwipeNonMelee	3
CCombatSequence_TrollProjectileAttack	3
CCombatSequence_TrollBurrowPursue	3
CCombatSequence_TrollBurrowPursueNoZone	3
CCombatSequence_TrollRockPursueNoZone	3
CCombatSequence_TrollRockThrowRock	3
CCombatSequence_TrollRockIdle	3
CCombatSequence_TrollRockShuffleBack	3
CCombatSequence_VillagerAttack	3
CCombatSequence_VillagerBackOff	3
CCombatSequence_VillagerStepIn	3
CCombatSequence_VillagerAdvance	3
CCombatSequence_VillagerCombo	3
CCombatSequence_VillagerComboUnblockable	3
CCombatSequence_VillagerNearAttack	3
CCombatSequenceWhisperLunge	3
CCombatSequenceWhisperAdvance	3
CCombatSequenceWhisperStrikeStrafeBack	3
CCombatSequenceWhisperTooCloseLeapBack	3
CCombatSequenceWhisperBoast	3
CCombatSequenceWhisperSortYourselfOut	3
CCombatSequenceWhisperStrafeAround	3
CCombatSequenceWhisperIdles	3
CCombatSequenceJacksCombo	3
CCombatSequence2StrikeCombo	3
CCombatSequenceUnblockableFacing	3
CCombatSequenceNonInterruptable2StrikeCombo	3
CCreatureAction_SheatheWeapons	3
CCreatureAction_PlayCombatAnimation	3
CCreatureAction_FinishGhostSwordSpell	3
CCreatureAction_CastPhysicalShieldSpell	3
CCreatureAction_TeleportOut	3
CCreatureAction_GenericLoadProjectileWeapon	3
CCombatAction_WillForcePushInto	3
CCombatAction_WillShieldInto	3
CCombatAction_WillEnflameInto	3
CCombatAction_WillHealInto	3
CCreatureAction_WhisperSommersaultBackward	3
CCreatureAction_BriarRoseForcePush	3
CCreatureAction_JackScream	3
CCreatureAction_JackFall	3
CCreatureAction_WaspQueenPrimaryAttack	3
CCreatureAction_WaspQueenLashOutAttack	3
CCreatureAction_WaspQueenDiveAttack	3
CCreatureAction_ScorpionUnblockableLeftTurnAttack	3
CCreatureAction_ScorpionUnblockableRightTurnAttack	3
CCreatureAction_ScorpionChargeInto	3
CCreatureAction_ScorpionCharge	3
CCreatureAction_TrollWhackGroundBase	3
CCreatureAction_RockTrollShakeAndExplode	3
CCreatureAction_IceTrollIcicleAttack	3
CCreatureAction_TrollAngryGroundPound	3
CCreatureAction_BanditKingUnstuck	3
CCreatureAction_BanditKingStuckGetHit	3
CCreatureAction_SummonerUnsheatheStrike	3
CCreatureAction_BalverineLungeAttack	3
CDarkwoodAssassinSpawn	3
CCreatureAction_TentacleRise	3
CCreatureAction_TentacleStrikeInto	3
CCreatureAction_CastStrengthMultiStrikeProper	3
CCreatureAction_UndeadReturnToEarth	3
CCard	3
CCreatureAction_DragonRearUpFull	3
CCreatureAction_SnapDragon	3
CCreatureAction_SnapDragonFast	3
CCreatureAction_SnapDragonInto	3
CCreatureAction_DragonRoar	3
CCreatureAction_DragonSwoop	3
CCreatureAction_DragonHoverOutOf	3
CCreatureAction_DragonLand	3
CCreatureAction_DragonTakeOffIntoFlying	3
CAIStateGroup_WanderAroundInitialPos	3
CAIStateGroup_ChickenPanic	3
CAIStateGroup_BirdStartled	3
CAIStateGroup_StayNearSchool	3
CAIStateGroup_CleanWork	3
CAIStateGroup_MinionReactToApology	3
CAIStateGroup_MinionLeaveRegion	3
CAIStateGroup_MinionMotherConsoleChild	3
CAIStateGroup_CreatureRangedCombatUseWillShield	3
CAIStateGroup_TestTestTest	3
CAIStateGroup_CreatureGoUnderground	3
CAIStateGroup_BeetleToggleHover	3
CAIStateGroup_MinionWalkToMarker	3
CAIStateGroup_ServeFoodAtTavern	3
CAIStateGroup_KrakenTentacleRise	3
CAIStateGroup_KrakenTentacleAttack	3
CAIStateGroup_MinionGuardGreetPlayer	3
CAIStateGroup_MinionGuardBribed	3
CAIStateGroup_OnHeroPush	3
CAIStateGroup_AvoidRegionExit	3
CAIStateGroup_MinionKidAnnoy	3
CAIStateGroup_MinionReactToEnemy	3
CAIStateGroup_MinionSitAtWork	3
CAIStateGroup_MinionSitAtInn	3
CAIStateGroup_ButterflyWander	3
CAIStateGroup_FireflyWander	3
CAIStateGroup_LightWorkCandle	3
CAIStateGroup_EarthTroll	3
CAIStateGroup_MinionBehaviourGreetCreature	3
CAIStateGroup_HoverAttack	3
CAIStateGroup_HoverAttackArea	3
CAIStateGroup_BanditKingCharge	3
CAIStateGroup_BanditKingThrowWeapons	3
CAIStateGroup_ServeFoodAtHome	3
CAIStateGroup_ScreamerPursueTarget	3
CAIStateGroup_SummonerSummon	3
CAIStateGroup_RockTroll	3
CAIStateGroup_HoverWanderAroundThing	3
CAIStateGroup_VersusRockTroll	3
CAIStateGroup_EatAtHome	3
CEditTransactionSetEngineTheme	3
CEditTransactionSetHeight	3
CAIStateGroup_HoverMovementBase	3
CCreatureAction_KrakenRiseUp	3
CCreatureAction_KrakenReturnToWater	3
CCreatureAction_KrakenLowChargeLoop	3
CCreatureAction_KrakenLowPoseInto	3
CCreatureAction_KrakenHighAttackInto	3
CAIStateGroup_MazeBase	3
CAIStateGroup_VersusEnemyBase	3
CLandscapeTesselatorBase	3
CGraphicBankStateBlock	3
CEngineClothSimulationStaticMesh	3
CEngineClothSimulationAnimatedMesh	3
CEnginePrimitiveOcclusionGroupManager	3
CEngineInternalPrimitiveSprite	3
CEngineInternalPrimitiveParticleMesh	3
CEngineInternalPrimitiveLine	3
CEnginePrimitiveManagerFlareSprites	3
CObjectTypeCollectionPalette	3
CPSCManager	3
CLineCountedMemoryDataOutputStream	3
CBaseObject	3
CMovieSubtitles	3
CLoadingMemoryFailureHandler	3
CPersistTraitsSLONG	3
CLipSyncDataBankEntry	3
CAsyncLoadingMemoryPool	3
CNavigatorQueueManager	3
CLinearSpline	3
CGuiControlTooltip	3
CShaderBankStateBlock	3
CVertexStreamFormat	3
CFramePerformanceData	3
CStreamingFontBankStateBlock	3
CBusyResourceManager	3
CFontBankStateBlock	3
CPhysicsFacesSegmentBranch	3
CPhysicsFacesSegmentLeaf	3
CTGAFile	3
CBoneInfo	3
CSBCCorridor	3
CVertexStreamConverter	3
CMacro	3
CActiveEntityScriptBase	3
CQ_SunnyvaleMasterData	3
CQ_SunnyvaleMasterScript	3
CGlobal_TeleportToHeroGuildScript	3
CPersonalScriptMainScript	3
CPersonalScript_GlobalThingsScript	3
CCham	3
CShadow	3
CNeedle	3
CArenaCellDoorGuard	3
CArenaCellDoorGuard2	3
CArenaEnemy	3
CChunkCollectionIndicator	3
CNecropolisEnemy	3
CFinalSummoner	3
CGate1GuardOuter	3
CGate1GuardInner	3
CAssassin2	3
CGate2Guard1	3
CGate3Guard	3
CCampHostage	3
CCampHostage2	3
CBanditKing	3
CCROWDBANDITS	3
CBH_GangGruntSpawn	3
CBH_GangDeputy1	3
CBH_Hostage1	3
CBH_GangDeputy2	3
CBH_Hostage2	3
CBanditSiegeLeader	3
CKG_ChiefBreakSiege	3
CGuardHoldingBandit	3
CGuardToHelpDefend	3
CBanditAttacker	3
CBanditFirstWave	3
CBowerstoneIntroGuard	3
CBowerstoneIntroGuardToPosh	3
CDBMinion	3
CHookCoastTeleporter	3
CMazeJournal	3
CBattleGuard	3
CPuzzleBlockMoon	3
CPuzzleBlockSun	3
CProphetCage	3
CFH_GuildMaster	3
CFH_Scythe	3
CMurderTwistLeader	3
CFH_Villager	3
CApprenticeSpeedTest	3
CMeleeApprentice	3
CSkillTarget	3
CMeleeOpponent	3
CArtifactThief	3
CHTE_Prisoner	3
CHTE_AssaultGuard	3
CNotForODG	3
CHeroThunder	3
CHeroSoulsEnemy	3
CDyingVillager	3
CGuildmaster_HS	3
CGuardOutsideWoods	3
CNostro	3
CHobbeLarder	3
CNymph	3
COrchardFarmFarmer	3
CQ_HobbeToothWhisper	3
CMC_MinionGuard	3
CMC_SpawnPoint	3
CMinionEscortEnd	3
CMinionWarningGuard	3
CGuardToLeadTheWay	3
CNOVI_LiveFather	3
CNOVI_Theresa	3
CNOVI_Guard	3
CNOVI_Victim	3
CNOVI_AffairMan	3
CNOVI_AffairWoman	3
CNOVI_AffairWife	3
CNOVI_BookTrader	3
CNOVI_BarrelMan	3
CNOVI_BarrelThug	3
CNOVI_Barrel	3
COVI_DeadFather	3
CSecretPassageSkeleton	3
CSecretPassageWoman	3
CUndeadRisingCentre	3
CTeamSpawn	3
COrchardFarmWhisper	3
CQ_OrchardFarmRaidEvilScript	3
CQ_OrchardFarmRaidGoodScript	3
CPrisonGuard	3
CPrisonerAccomplice	3
CPrisonEscapeGuard	3
CPrisonRaceGuard	3
CPrisonRacer	3
CPrisonWarden	3
CSecretBook	3
CTrophiesBriarTrophy	3
CRansomHelper	3
CVictimsBrother	3
CVictimsBrotherHelper	3
CVictimsFatherGuard	3
CNPCComment	3
CSTS_BriarRose	3
CSummonerMinion	3
CFireHeart	3
CTC_BanditFollower	3
CWaspVictim	3
CHornetDrone	3
CWB_WhiteBalverine	3
CM_BanditTrigger	3
CAttackingBandit	3
CQS_GuardianSisterInfo2_SisterInBanditCampScript	3
CGTDI_Maze	3
CQS_MeetSisterScript	3
CScytheNearOracle	3
CAS_Ambusher	3
CAC_DummyStatic	3
CAC_DummyMoving	3
CM_AssassinTrigger	3
CAttackingAssassin	3
CChestHidingAssassin	3
CMadame	3
CBordelloGuard	3
CTauntingBandit	3
CBlockingBandit	3
CReluctantTrader	3
CConversation	3
CChickenMaster	3
CChickenSign	3
CCOE_AcolyteEvil	3
CEM_SuspiciousVillager	3
CEM_Rhodri	3
CGhostGrannyNecklace	3
CGhostGrannySon	3
CGuildMasterGameFlow	3
CThunder	3
CTrophiesIntroWatcher	3
CEmptyGrave	3
CMurderTwistBrotherYounger	3
CMurderTwistBrotherOlder	3
CMurderTwistBrotherOlderFriend	3
CWiseVillager	3
CMI_InfoKeeper	3
CV_OracleScript	3
CPW_NecklaceDiggingSpot	3
CV_PicnicAreaAfterWaspBossScript	3
CRTFE_RockTroll	3
CTalkingTrader1	3
CSingingStone	3
CStatueMasterStatue	3
CSwordOfStrength	3
CTOL_AcolyteGood	3
CTH_SnowTroll	3
CTH_Trigger_Bowerstone	3
CTH_MagicBarrier	3
CTourGuideGuide	3
CTrophyDealerInCave	3
CDemonDoorFace	3
CGlobal_DebugCycleThroughSpeechScript	3
CExpression_WaitScript	3
CExpression_DigScript	3
CExpression_PickpocketScript	3
CExpression_PicklockScript	3
CExpression_StealScript	3
CGlobal_GiveHeroItemsFromRewardChestScript	3
CGlobal_OpenChestScript	3
CPersonalScript_alextestScript	3
CTestQuestCard1Script	3
CTestQuestCard2Script	3
CTestQuestCard3Script	3
CGoalChest	3
CMeanBandit	3
CDanyalTestScriptsScript	3
CProximityPodiumTestScript	3
CHitSwitchTestScript	3
CGuildSealTriggerTestScript	3
CMarkTestScriptsScript	3
COracleSpectator	3
COracleMinigameTestScript	3
CCS_PlayCutsceneScript	3
CAT_Phase1Guard	3
CAT_Phase1Archer	3
CAT_ConvoyMember	3
CAT_Phase3Archer	3
CAT_BanditContact	3
CScriptDef	3
CRegionScriptDef	3
EULA	2
CActionInputControl	2
CAEnvironmentInteraction	2
CDirtyDiscError	2
CEngineDef	2
CEngineVideoOptionsDef	2
CDebugString	2
CCreatureDef	2
CThingBaseDef	2
CCombatAbilityData	2
CCardDef	2
CSpecialAbilitiesDrainLifeDataDef	2
CSpecialAbilitiesForcePushDataDef	2
CCreatureStatsDef	2
CCoopSpiritDef	2
CHairCardDef	2
CCombatAbilityStrafeDef	2
CCombatAbilityUseProjectileWeaponDef	2
CDragonActionSwoopDef	2
CDragonActionNapalmDef	2
CDragonActionHoverDef	2
CAugmentationDef	2
CAbilityDef	2
CJackDragonDef	2
CBriarRoseDef	2
CSnowTrollDef	2
CGuildMasterDef	2
CSummonerDef	2
CExplosiveTrailDef	2
CThingMultiArrowShotDef	2
CInventoryItemDef	2
CPhysicsDef	2
CCarrySlotDef	2
CHitLocationsDef	2
CDegradableDef	2
CThingBuildingDef	2
CThingMarkerDef	2
CThingVillageDef	2
CThingPhysicalSwitchDef	2
CTextureReplacementDef	2
CAppearanceModifierGraphics	2
CCameraManagerDef	2
CCameraManagerSetDef	2
CHeroPostcardGeneratorDef	2
CExpressionDef	2
CCombatDialogueDef	2
COpinionPersonalityTraits	2
CSpecialAbilitiesAssassinRushDef	2
CSpecialAbilitiesForcePushDef	2
CSpecialAbilitiesPhysicalShieldDef	2
CSpecialAbilitiesHealLifeDef	2
CSpecialAbilitiesGhostSwordDef	2
CSpecialAbilitiesFireballSpellDef	2
CSpecialAbilitiesSummonSpellDef	2
CCombatAbilityBlockLightWeaponAttackDef	2
CSpecialAbilitiesBurntEffectDef	2
CSpecialAbilitiesElectrocutedEffectDef	2
CSpecialAbilitiesThunderLightningStormDef	2
CSpecialAbilitiesCreatureTintDef	2
CAttackPatternDef	2
CHitLocationDef	2
CCombatSequenceDef	2
CLightningDef	2
CMeleeCombatKnockdownEffects	2
CThingShotDef	2
CPlayerDef	2
CPlayerMovementDef	2
CSimBuildingDef	2
CEngineThemeDef	2
CPlayerInventoryDef	2
CInventoryCategoryDef	2
CMessageEventDef	2
CEnvironmentDef	2
CBlendedParticleEffectSet	2
CEntitySoundDef	2
CRegionDef	2
CFactionDef	2
COpinionReactionMaskDef	2
COpinionDeedMaskDef	2
COpinionDeedEffectsDef	2
COpinionPersonalityDef	2
CSpecialAbilitiesMultiStrikeDef	2
CSpecialAbilitiesDrainLifeDef	2
CDialogueLayerDef	2
CThingGroupDef	2
CSkyDef	2
CEnvironmentThemeDaySetDef	2
CEngineLocalDetailGeneratorDef	2
CSimVoicesDef	2
CAppearanceDef	2
CGameNavigatorManagerExternalInterface	2
CTCDegradableBarrier	2
CTCShotDefinitionQueenHornetShot	2
CWifeDef	2
CDoorDef	2
CKickableDef	2
CLightDef	2
CHeroDef	2
CPerceivedThingDef	2
CStealthDef	2
CTrophyDef	2
CChestDef	2
CExplodingObjectDef	2
CLookDef	2
CEnemyDef	2
COpinionOfHeroDef	2
CShopItemDef	2
CStockItemDef	2
CTimeAppearanceFadeDef	2
CGiftDef	2
CHighlightItemDef	2
CBoastingPodiumDef	2
CShipDef	2
CSummonableCreatureDef	2
COccupiableDef	2
CInterestingToVillagersDef	2
CGuardDef	2
CActivateQuestDef	2
CCrateStackDef	2
CDrunkennessDef	2
CFireballSpellLevelDef	2
CThingDrainLifeShotDef	2
CGoldDef	2
CCoinGameObstacleDef	2
CTavernGameCoinBaseDef	2
CTavernGameCoinGolfDef	2
CDecapitationDef	2
CWallMountEffectsDef	2
CFishDef	2
CTeleporterDef	2
CResurrectionItemDef	2
CAICreatureWillPowerIndicatorDef	2
CCarriedReadableDef	2
CFishingRodDef	2
CNymphDef	2
CSummonDef	2
CCameraCollisionDef	2
CTCVolumeContainmentTrackerDef	2
CWillResponseDef	2
CBettingDef	2
COracleMinigameDef	2
CFireheartMinigameDef	2
CLightningOrbDef	2
CHasNameDef	2
CCarryableDef	2
CBedDef	2
CSmokeGeneratorDef	2
CCreatureNavigationDef	2
CReadableDef	2
CTCCarriedActionUseBase	2
CCarryingDef	2
CBuyableHouseDef	2
CCreatureGeneratorDef	2
CCreatureModeDef	2
CBossDef	2
CFishingDef	2
CTurncoatDef	2
CKrakenDef	2
CExplosionRing	2
CSkeletalMorphDef	2
CParticleAttacherDef	2
CTavernGameCardBaseDef	2
CExplosionDef	2
CMultiStaticMeshDef	2
CMazeBattleDef	2
CThunderBattleDef	2
CWhisperBattleDef	2
CWaspQueenBattleDef	2
CJackOfBladesBattleDef	2
CScorpionKingBattleDef	2
CTrollBattleDef	2
CBalverineBattleDef	2
CContainerRewardHeroDef	2
CAreaOfEffectAttackDef	2
CSoundAtmospheresDef	2
CHeroMorphDef	2
CQuestCardDef	2
CWeaponDef	2
CExperienceDef	2
CHeroSuitDef	2
CReplaceableMeshDef	2
CIdleSchedulerDef	2
CRumbleDef	2
CTrapDef	2
CAnimatingObjectDef	2
CHeroExperienceDef	2
CCreatureAction_YellOverHere	2
CCreatureAction_DowseFire	2
CCreatureAction_ShowFear	2
CCreatureAction_ShowLove	2
CCreatureAction_ActivateZTarget	2
CCreatureAction_LookThroughWindow	2
CCreatureAction_ShopkeeperGetOut	2
CCreatureAction_UseSwitch	2
CCreatureAction_MagicBlast	2
CCreatureAction_PlayAnimationWithLookTurning	2
CCreatureAction_PlayerInteractionInsult	2
CCreatureAction_PlayerInteractionThreaten	2
CCreatureAction_PlayerInteractionBribe	2
CCreatureAction_PlayerInteractionFlirt	2
CCreatureAction_KickCreature	2
CCreatureAction_Read	2
CCreatureAction_ShopkeeperPutAway	2
CCreatureAction_PickCrop	2
CCreatureAction_LearnExpression	2
CCreatureAction_AddRealObjectToInventory	2
CCreatureAction_GiveMoneyToThing	2
CCreatureAction_ShowItemToThing	2
CCreatureAction_PlayerInteractionGreet	2
CCreatureAction_PlayerInteractionViewQuests	2
CCreatureAction_TavernGameMasterInteraction	2
CCreatureAction_StopSneaking	2
CCreatureAction_StartSneaking	2
CCreatureAction_ThrowGameObject	2
CCreatureAction_Talk	2
CCreatureAction_UseWallMount	2
CCreatureAction_GetPlateFromCupboard	2
CCreatureAction_PutPlateInCupboard	2
CCreatureAction_PickUpGoods	2
CCreatureAction_PutGoodsDown	2
CCreatureAction_DropGenericBox	2
CCreatureAction_SitDown	2
CCreatureAction_CallSpouseHome	2
CCreatureAction_SendMessage	2
CCreatureAction_OrderSecuritySweep	2
CCreatureAction_DeclarePlayerACriminal	2
CCreatureAction_AlertToPlayer	2
CCreatureAction_GetItemOutOfPocket	2
CCreatureAction_PickUpThingAtTable	2
CCreatureAction_PutDownThingAtTable	2
CCreatureAction_PickUpJug	2
CCreatureAction_PutDownJug	2
CCreatureAction_StartFillingTankard	2
CCreatureAction_StopFillingTankard	2
CCreatureAction_PickUpJugToFill	2
CCreatureAction_PutDownJugFromFilling	2
CCreatureAction_PickupGameObject	2
CEventDied	2
CCombatAction_GenericResponseToDrain	2
CReactionMatch	2
CAnimInit	2
CAnimFromFileInfo	2
CQuestCardItem	2
CUIStateDef	2
CAction	2
CNavButton	2
CSliderAnimator	2
CHealthOverTimeHelper	2
CDrawCombatMultiplier	2
CDrawMoney	2
CDrawRenown	2
CDrawMorality	2
CDrawCrime	2
CDrawTargetInfo	2
CDrawHealth	2
CDrawStamina	2
CQuestInfoElementBar	2
CDrawHighlightingTargetingCursor	2
CDrawMouseCursor	2
CDrawQuickAccessIconsPC	2
CBlurredAttitudesDef	2
CInputProcessControlCreature	2
CInputProcessInventoryMagicScreen	2
CInputProcessBlock	2
CInputProcessMaintainBlock	2
CInputProcessWatchForRangedWeaponThirdPersonModeTermination	2
CInputProcessWatchForWillChargeUpThirdPersonModeTermination	2
CInputProcessUseRangedWeaponZLock	2
CInputProcessUseRangedWeapon	2
CInputProcessLightning	2
CInputProcessSpecialAbilities	2
CInputProcessTavernGame	2
CInputProcessCutScene	2
CInputProcessParalysed	2
CCombatAction_GenericBreakOffDrain	2
CInputProcessBoastUI	2
CInputProcessQuickAccessMenu	2
CInputProcessCreditsUI	2
CInputProcessBetting	2
CInputProcessCreatureMovementWatchForControlAngleChange	2
CInputProcessCreatureMovement	2
CInputProcessDebugControls	2
CAIGameCameraBase	2
CCreatureAction_UnsheatheItemFromInventoryWithHasteAction	2
CActionBase	2
CGameMapCell	2
CCreatureAction_UnsheatheToShowToSheatheTrophy	2
CCreatureAction_ShowToSheatheTrophy	2
CCreatureAction_StrafeForward	2
CCreatureAction_StrafeBackward	2
CCreatureAction_ScreamerDrainOutOf	2
CCreatureAction_ScreamerIdle	2
CCreatureAction_ScreamerAdvance	2
CCombatAction_StrikeResponseMazeDoForcePush	2
CCombatAction_StrikeResponseScorpionKing	2
CCreatureAction_InterruptableFarAttack	2
CCreatureAction_InterruptableNearAttack	2
CCreatureAction_MidAttackKnockdown	2
CCreatureAction_CombatIdle	2
CCreatureAction_CombatBoast	2
CCreatureAction_TurnStrikeLeft	2
CCreatureAction_TurnStrikeRight	2
CCreatureAction_GenericStrafeLeft	2
CCreatureAction_GenericStrafeRight	2
CCreatureAction_BreakIntoMelee	2
CCreatureAction_BanditKingGetHit	2
CCreatureAction_HobbeSpellcasterFire	2
CCreatureAction_SummonerStrike	2
CActionWait	2
CActionTalkedTo	2
CActionPerformExpression	2
CActionWaitForThingToFinishPerformingTasks	2
CActionTurnToFacePosition	2
CActionPickUpGenericBox	2
CActionDropGenericBox	2
CActionStopScripting	2
CCreatureAction_BlockBroken	2
CModeSad	2
CEventHeroHasBeenSpottedStealing	2
CModeHeroImitation	2
CModeCurious	2
CModeHandsBound	2
CModeJackOfBladesVulnerable	2
CModeUnderwater	2
CModeBattleCharge	2
CModeServeCustomer	2
CModeFillJug	2
CModeStandBored	2
CModeDrunk	2
CModeArmsOffTable	2
CModeRollAround	2
CModeGuildmasterConcentrate	2
CModeCarryingGenericBox	2
CModeCarryingPlateStand	2
CModeCaged	2
NCreatureHiding	2
CCreatureAction_OnGenerate	2
CCreatureAction_UndeadIdleUnderground	2
CSubdivisionTriangle	2
CBasicShape	2
NTargeting	2
CCombatAction_GenericStrikeResponseKnockdownRecoverFromDeath	2
CMockSpline	2
CEventHeroHasBeenSpottedPickpocketing	2
CModeCarryingStandBase	2
CCombatAction_RecoverFromDazed	2
CCombatAction_RecoverFromStunned	2
CCreatureAction_IceTrollIcicleAssaultLoop	2
CCreatureAction_IceTrollIcicleAssaultOutOf	2
CCreatureAction_ScorpionTailWithdraw	2
CCreatureAction_SnapDragonOutOf	2
CCreatureAction_DragonFireBeamOutOf	2
CCreatureAction_SummonerDead	2
CScriptModuleFullTransition	2
CScriptModuleConversationBase	2
CScriptModuleOpenGate	2
CScriptModuleOpenChest	2
CScriptModuleUseLamp	2
CCreatureAction_BriarRoseConcentrateInto	2
CCreatureAction_BriarRoseInvulnerableTeleport	2
CCreatureInteraction	2
CHeroAbilityStatPackage	2
CCombatAction_EpicSpellHitResponse	2
CCreatureAction_BeDazed	2
CCreatureAction_GeneralInterruptedAttack	2
CCreatureAction_SpiritHitResponse	2
CCombatAction_FallStunned	2
CCreatureAction_BlockBase	2
CCreatureAction_BlockCounter	2
CCreatureActionHeroRunningStop	2
COrbitGame	2
CEditInputProcessMain	2
CEditInputProcessView2D	2
CEditInputProcessPaintMap	2
CEditInputProcessEditThings	2
CEditInputProcessBone	2
CEditInputProcessAnimation	2
CEditInputProcessSetPolygonalArea	2
CEditInputProcessEditCameraPoint	2
CEditInputProcessAddTrackPoints	2
CEditInputProcessSurveyPassability	2
CEditInputProcessSurveyThemes	2
CEditInputProcessSurveyEngine	2
CEditInputProcessSurveySounds	2
CEditInputProcessSurveyReflections	2
CEditInputProcessSurveyMinimap	2
CEditInputProcessPreviewSpline	2
CDisplacementProcess	2
CRadialBlurProcess	2
CEnvironmentThemeSetDay	2
CEnvironmentThemePriorityStack	2
CCreatureAction_ForcePushInto	2
CCombatSequenceWhisperAttackCombo	2
CCreatureAction_MidAttack	2
CCreatureAction_MidAttackFacing	2
CCreatureAction_MidAttack360	2
CCreatureAction_ThrowShotObject	2
CCreatureAction_FodderUnblockablePrimaryAttack	2
CCreatureAction_FodderSecondaryAttack	2
CCreatureAction_FodderIdle	2
CCreatureAction_Charge	2
CCreatureAction_ChargeStrike	2
CCreatureAction_MidAttackSide	2
CCreatureAction_ProjectileCrouch	2
CCreatureAction_DuckAndCover	2
CCreatureAction_JumpOutFromCover	2
CCreatureAction_FodderPrimaryAttack	2
CCreatureAction_SummonCreatures	2
CCreatureAction_ReleasePhysicalShieldSpell	2
CCreatureAction_BuildUpWillLightningSpell	2
CCreatureAction_CastWillForceSpell	2
CCreatureAction_CastWillTurncoatSpell	2
CCreatureAction_FinishWillTurncoatSpell	2
CCreatureAction_FinishDrainLifeSpell	2
CCreatureAction_CastWillHealLifeSpell	2
CCreatureAction_FinishHealLifeSpell	2
CCreatureAction_CastWillGhostSwordSpell	2
CCreatureAction_CastWillSummonSpell	2
CCreatureAction_ReleaseWillSummonSpell	2
CCreatureAction_CastWillLightningSpell	2
CCreatureAction_TeleportIn	2
CCreatureAction_FinishWillForceSpell	2
CCreatureAction_ReleaseWillEnflameSpell	2
CCreatureAction_RemovePhysicalShieldSpell	2
CCreatureAction_CastWillHarvestSoulSpell	2
CCreatureAction_CastWillReclaimUndeadFollower	2
CCreatureAction_ReleaseWillLightningSpell	2
CCreatureAction_CastDivineWrathSpell	2
CCreatureAction_CastUnholyPowerSpell	2
CCreatureAction_CastWillRaiseDeadSpell	2
CCreatureAction_DiagonalStrafeBL	2
CCreatureAction_DiagonalStrafeBR	2
CCreatureAction_Ambush	2
CCreatureAction_BodgeSideStrike	2
CCreatureAction_UnblockableMidAttack	2
CCreatureAction_GenericLeaderCommand	2
CCreatureAction_JackOfBladesUnblockableMidAttackNoBlend	2
CCombatAction_WillHealRelease	2
CCreatureAction_BriarRoseShotFarOutof	2
CCreatureAction_ThunderLightningStorm	2
CCreatureAction_JackFlash	2
CCreatureAction_JackDeathInto	2
CCreatureAction_JackGetUp	2
CCombatAction_Guildmaster_HealFollowersInto	2
CCombatAction_Guildmaster_ShieldFollowersInto	2
CCombatAction_Guildmaster_SpeedUpFollowersInto	2
CCreatureAction_BriarRoseConcentrateOutof	2
CCreatureAction_BriarRoseIntoInvulnerable	2
CCreatureAction_BriarRoseShotFarInto	2
CCreatureAction_ScorpionPrepareTailPlunge	2
CCreatureAction_TrollSwipe	2
CCreatureAction_TrollPursue	2
CCreatureAction_TrollTunnel	2
CCreatureAction_IceTrollIcicleAssaultInto	2
CCreatureAction_BanditKingAttack	2
CCreatureAction_BanditKingChangeWeapons	2
CCreatureAction_BanditKingThrowWeapons	2
CCreatureAction_HobbeLungeAttack	2
CCreatureAction_NymphSummonInto	2
CCreatureAction_NymphSummonOutOf	2
CCreatureAction_NymphTeleportIntoLimbo	2
CCreatureAction_NymphTeleportOutOfLimbo	2
CCreatureAction_SummonerSummonOutOf	2
CCreatureAction_SummonerSheatheWeapon	2
CCreatureAction_SummonerSummonInto	2
CCreatureAction_BalverineBreakOffFromCombat	2
CCreatureAction_BalverineBreakOffFromCombatLong	2
CCreatureAction_CastAssassinRush	2
CCreatureAction_CastTimeSpell	2
CCreatureAction_CastBattleCharge	2
CCreatureAction_ReleaseTimeSpell	2
CCreatureAction_BattleChargeImpact	2
CCreatureAction_BattleChargeMiss	2
CCreatureAction_TentacleIdle	2
CCreatureAction_TentacleStrikeGetHit	2
CCreatureAction_TentacleStrikeOutOf	2
CCreatureAction_FireMissileTest	2
CCreatureAction_CastStrengthBerserk	2
CModeDragonBase	2
CCreatureAction_DragonRearUpOutOf	2
CCreatureAction_DragonFireBlastForward	2
CCreatureAction_DragonFireBlastLeft	2
CCreatureAction_DragonTakeOff	2
CCreatureAction_DragonLandFireball	2
CCreatureAction_DragonRearUpInto	2
CCreatureAction_DragonHoverInto	2
CCreatureAction_DragonFireBeamInto	2
CCreatureAction_DragonBurninateInto	2
CAIStateGroup_ShopkeeperWatchPlayer	2
CAIStateGroup_Guard	2
CAIStateGroup_Wander	2
CAIStateGroup_ChickenWander	2
CAIStateGroup_SmallBirdWander	2
CAIStateGroup_StandStill	2
CAIStateGroup_BalverineWander	2
CAIStateGroup_HoverAllAroundTest	2
CAIStateGroup_KrakenAttack	2
CAIStateGroup_KrakenTentacleIdle	2
CAIStateGroup_PerformAction	2
CAIStateGroup_MinionReactToCrimeFromSleep	2
CAIStateGroup_HoverWander	2
CAIStateGroup_HoverAttackUnlessTargetIsFleeing	2
CAIStateGroup_DeedReactionRootFromSleep	2
CPhysicsCollisionPointsObject	2
CEditInputProcessBase	2
CWorldMapPlacementDialog	2
NBalverineCombat	2
CCreatureAction_BanditKingBackOff	2
CCombatSequence_KingScorpionCharge	2
CCreatureAction_KrakenLowAttackOutOf	2
CCreatureAction_KrakenHighAttackOutOf	2
CCreatureAction_KrakenRoarInto	2
CCreatureAction_KrakenRoarLoop	2
CCreatureAction_ScreamerIntoAggressive	2
CCreatureAction_SummonerLightningIdle	2
CCreatureAction_SummonerCharge	2
CCreatureAction_SummonerChargeSuccess	2
CCreatureAction_VillagerAttack	2
CCreatureAction_VillagerAttackKnockdown	2
CCreatureAction_VillagerAdvance	2
CCreatureAction_VillagerBackOff	2
CCreatureAction_BeetleTakeOff	2
CCreatureAction_BeetleLand	2
CEngineInternalPrimitiveLight	2
CEngineInternalPrimitiveShadowedSpotLight	2
CLandscapeGPUUpdateQueue	2
CEngineComponent	2
CEngineLayerRenderer	2
CCompositeSurfaceCache	2
CEnginePrimitiveOcclusionInfo	2
CWaterStaticMapInfoBlock	2
CEngineSimulationBase	2
CEngineClothSimulation2DAnimatedMesh	2
CEngineBillboardGenerator	2
CEngineEnvironment	2
CEngineInternalPrimitiveOcclusionBase	2
CEngineInternalPrimitiveMorphedStaticMesh	2
CEngineInternalPrimitiveOcclusionGroup	2
CEngineInternalPrimitive2DSprite	2
CEngineInternalPrimitive2DClockSprite	2
CEngineInternalPrimitiveParticleDecal	2
CEngineInternalPrimitiveParticleDecalGroup	2
CEngineInternalPrimitiveParticleSpriteTrailGroup	2
CEngineInternalPrimitiveParticleSprite	2
CEngineInternalPrimitiveParticleSpriteGroup	2
CEngineInternalPrimitiveParticleMeshGroup	2
CEngineInternalPrimitiveParticleLine	2
CEngineInternalPrimitiveParticleLineGroup	2
CEngineInternalPrimitiveSpriteTrail	2
CEngineInternalPrimitiveMorphedAnimatedMesh	2
CEngineInternalPrimitive2DMorphedAnimatedMesh	2
CTreeElement	2
CLocalDetailLayer	2
CWaterSeaStaticMapInfoBlock	2
CLocalDetailPrimitiveBase	2
CDecal	2
COrbitState	2
CXMVPlayerBuffers	2
CConsoleCommandParameters	2
CGraphicHeader	2
CMeshBankFileEntryStats	2
CLODStateBlock	2
CAInputProcess	2
CClass	2
CManagedTexture	2
CASoundBank	2
CCachedVolumes	2
CNavigatorExternalInterface	2
CASuspendableProcess	2
CGuiControl	2
CSphere	2
CCylinder	2
CNavRegionConnection	2
CNoise	2
CGuiWindowToolbar	2
CBaseBlock	2
CStaticBlock	2
CDynamicObjectHeapBase	2
CVertexShaderInput	2
CPerformanceCounterRegister	2
CVertexCache	2
CCriticalSectionLock	2
CSystemFont	2
CSystemFontCharacter	2
CMemoryArea	2
CLipSyncFrameData	2
CSpeechFrame	2
CLipSyncPhonemeSample	2
CLipSyncPhonemeSampleSet	2
CWaveLoader	2
CFormattedFile	2
CGuiInputProcess	2
CSB	2
CSharerParserOutputToDebugContextMapper	2
CArcheryCompetitionSignpost	2
CClickableDoor	2
COF_MainGates	2
CKG_Gate	2
CDragonGate	2
CHERO_GUILD_TELEPORT_MARKER	2
CBowerstoneTeleportPointMarker	2
CTestGateSwitch	2
CBSGateGuard	2
CLadyGreysBed	2
CMK_HS2_SOUL	2
CMK_HS3_SOUL	2
CMK_HSE_SOUL	2
CEntranceGuard	2
CEntranceGuard2	2
COakvaleFan	2
CBowerstoneFan	2
CHookCoastFan	2
CFanMarker	2
CRoth	2
CFlick	2
CCellWhisper	2
CArenaSpawn	2
CWhisperAlly	2
CArenaCellExitGuard	2
CCagedBalverine	2
CArenaCreatureDef	2
CArenaWaveDef	2
CFinalTabletSarcophagus	2
CNecropolisGate	2
CLostBayCutsceneTrigger	2
CPretendGuard	2
CScytheBeforeGettingTablets	2
CATO_MagicBarrier	2
CDarkwoodBalverineTrader	2
CAssassinMarker	2
CAssassin1	2
CAssassin3	2
CBH_GangGrunt	2
CM_UndeadSpawn	2
CGatewayUndead	2
CMK_GHC_HERO3	2
CEndGameJackOfBlades	2
CBattleMinion	2
CEndGameScythe	2
CEndGameThunder	2
CEndGameScarletRobe	2
CPermanentBarrier	2
CEndGameJackOfBladesBoss	2
CEndGameSister	2
CSwordVoid	2
CDF_Fireheart	2
CFH_BriarRose	2
CFH_MemorialCutsceneMarker	2
CFireHeartPatternDef	2
CSpeedFriend	2
CRaceMarker	2
CHeroBed	2
CCombatApprentice	2
CSkillApprentice	2
CWillApprentice	2
CWillDummy	2
CPreMeleeMaze	2
CPreMeleeDummy	2
CPreMeleeWhisper	2
CMeleeThunder	2
CFinalMaze	2
CWillWhisper	2
CHTE_AmbushPoint	2
CHTE_Executioner	2
CGUARD2	2
CHTE_Audience	2
CHTG_AmbushPoint	2
CHTG_AmbushPointCond	2
CHTG_AmbushPointRear	2
CHTG_AmbushPointBackup	2
CHTG_FreedomFighter	2
CHTG_Audience	2
CHTG_Boss	2
CEndScythe	2
CEndBriarRose	2
CArenaHeroGate	2
CHOHGuard	2
CSummoner1	2
CSummoner2	2
CBlockedEntrance	2
CHSA_ScreamingVillager	2
CHeroSoulsCreatureDef	2
CHeroSoulsWaveDef	2
CBRIAR_ROSE_IMPOSTER	2
CHSB_MagicBarrier	2
CMuteGuardOutsideWoods	2
CWaitingGuardInWoods	2
CHSG_DistanceChecker	2
CSoulInfoAcolyte	2
CGuardNearGraveyardPath	2
CUndeadSoldier	2
CExtraBooty	2
CHobbeSpawn	2
CHobbeRoaming	2
CHobbeLeader	2
CBanditCommentMarker	2
CJamesCommentMarker	2
CJamesCommentMarkerAdv	2
CBanditInRoomSample	2
CCheckTheSilverKeyChest	2
CInvisibleCage	2
CQ_HobbeToothHobbe	2
CDrinkingHobbe	2
CDrinkersReactMarker	2
CHobbeBarrel	2
CSpawnNewHobbe	2
CMagicBarrierGraveyard	2
CSecretPassageSarcophagos	2
CMinionSpawner	2
CCorneredGuard	2
CMinionTrollSummoner	2
CRockTroll	2
CMinionSpawnAdv	2
CM_Minion	2
CM_Guard	2
CM_NotThisWay	2
CGuardNotThisWay	2
CNOVI_CreatedBeetle	2
CM_RestartMarker	2
CGraveyardDemon	2
CCeremonialEffect	2
CSecretPassageMan	2
CStartGravekeeperCutsceneMarker	2
CUndeadSpawnCutscene	2
CSecretPassageKeeperFriend	2
CSecretPassageFirstGate	2
CSpeakingMarker	2
CFarmRearEntrance	2
CM_WhisperFarmRaidIntro	2
CMK_OFI_GWLL_WHIS2	2
CGuardMotherEscape	2
CInventoryChest	2
CTortureDoorPassage	2
CCellDoorHero	2
CCellDoor	2
CPrisonKeyDoor	2
CPrisonRaceWinningPostGuard	2
CPrisonRaceWarden	2
CPrisonRaceStartingGuard	2
CWaypointSpeedCheck	2
CExitWardensOffice	2
CRandomAttacker	2
CRansomRevenge	2
CSP_ScreamerTrigger	2
CSP_NymphTrigger	2
CSP_AmbushGuard	2
CSP_SecretPassageGuard	2
CSP_InvestigatingGuard	2
CSP_DeskGuard	2
CDoorToMothersTortureChamber	2
CSP_UndeadTrigger	2
CFireHeartHolder	2
CKrakenMinion	2
CTheKraken	2
CM_Experience	2
CTC_GuardSpawnPoint	2
CTC_BanditFighter	2
CTC_Villager	2
CIsAGuard	2
CTC_BanditGuard	2
CTC_BanditHostageKeeper	2
CBanditExtra	2
CFleshEatingBalverine	2
CInfectedBalverine	2
CTraderComment	2
CTE_BanditLeader	2
CBanditCronies	2
CRockTrollTrigger	2
CDW5_Balv	2
CUndeadRisingFirefly	2
CUndeadRisingBoss	2
CFleeingWoman	2
CGratefulVillagerSpawn	2
CWaspChaser	2
CWaspChaseWoman	2
CWaspAttacker	2
CQueenHornet	2
CWB_Villager	2
CWB_Guard1	2
CWB_Guard2	2
CChasingScreamer	2
CHKC_VillagerScreamer	2
CHKC_ScreamerPoint	2
CInitialScreamerPoint	2
CMeetSisterMessenger	2
CMeetSisterSister	2
CScytheMarker	2
CM_AC_DummyStatic	2
CM_AC_DummyMoving	2
CAssassinChest	2
CM_HeroDownstairs	2
CBordelloEntrance	2
CBCP_Bandit	2
CM_TollBandit	2
CM_TauntingBandit	2
CM_BanditLeader	2
CGuildSealWarning	2
CLookoutPointBeggar	2
CBeggarBully	2
CM_BodyGuardRespawn	2
CHenchmanComment	2
CHenchmanRegionEntranceComment	2
CHenchmanRegionExitComment	2
CKickedChicken	2
CCOE_Victim	2
CCOE_AltarEvil	2
CDF_ShineLight	2
CDF_ThunderHelmet	2
CDF_CombatMult	2
CDF_Dragon	2
CDF_SummonsCreatures	2
CDF_BeEvil	2
CDF_DoDamage	2
CDF_EatPies	2
CDF_GiveGift	2
CDF_DressAsBandit	2
CDF_MarryLadyGrey	2
CDF_SexMad	2
CDF_KeyHoarder	2
CEM_FlashLightPoint	2
CHH_CellarDoor	2
CM_FishermanWaspSpawn	2
CFishermanBulletinBoard	2
CFishCompCompetitor	2
CRingFighter	2
CGhostGrannyDaughterInLaw	2
CM_QuestControl	2
CM_UndeadHere	2
CM_HeroInsideHouse	2
CTrophiesIntroTable	2
CKGG_SurpriseBalverine	2
CLostTraderBanditSpawn	2
CHistoryBookcase	2
CMurderTwistBuriedGem	2
CVO_Woman	2
CM_RTFERockTrollTrigger	2
CRTFE_Sparrow	2
CSickChildsMother	2
CSickChild	2
CTalkingTrader2	2
CSickChildFishingSpot	2
CManWithDoorName	2
CStatueMasterCellarDoors	2
CStatueMasterChest	2
CSwordCrowd	2
CTB_BardSpawnPoint	2
CTOL_AltarGood	2
CTH_ThunderBoy	2
CTH_ThunderGirl	2
CTH_Thunder	2
CTH_Maze	2
CTH_Whisper	2
CTH_Trigger_Guild_Maze	2
CTH_Trigger_Guild_Rose	2
CTH_Trigger_Oakvale_Gossip	2
CTH_Trigger_Oakvale	2
CTH_Trigger_NorthernWastes	2
CTourGuideFollower	2
CSignpost	2
CStopDrawing	2
CTestNewNav1Script	2
CTestNewNav2Script	2
CTestNewNav3Script	2
CTestNewNav4Script	2
CTestNewNav5Script	2
CCrate1	2
CCrate2	2
CCrateDeathMarker	2
CWhispie	2
CBanditWalker	2
CLookAtMe1	2
CTrappedMan	2
CCinemaMan	2
CKillMan	2
CSwordChest	2
CArcherMan	2
CTriggerCrate	2
CStealthGuard	2
CScrumpyCrate	2
CDoor	2
CBeggar	2
CUndeadDude	2
COpinionMan	2
CWalker	2
CChatter1	2
CChatter2	2
CLeader	2
CFollower	2
CGhostDude	2
CUndeadFellow	2
CTestPerson	2
CProximityPodium	2
CHitSwitch	2
CGuildSealTrigger	2
CTestMan	2
CGift	2
CShopKeeper	2
CFader	2
CBalvMarker	2
CGamesmasterOracleMarker	2
CAT_Phase3Guard	2
CAT_BanditContactEnd	2
CArenaRoundDef	2
CHeroSoulsRoundDef	2
CFeatDef	2
CCutsceneDef	2
CEntityScriptBase	2
NThingManager	2
NStreamingFontBankGlobals	2
CConsoleClasslessCommand	1
CEnginePrimitiveHandle	1
CAnimFilterNoGroup	1
CControllerDisconnect	1
CCombatAbilityBlockCounterAttackDef	1
CCombatAbilityFlourishCounterAttackDef	1
CCombatAbilityGetHitCounterAttackDef	1
CTCNoiseDef	1
CCombatAbilityAttackBase	1
COpinionTransientOffset	1
COpinionDeedReactionDef	1
CLensFlareElementDef	1
CEnvironmentThemeDef	1
CEngineLocalDetailObjectDef	1
CAppearanceModifierScalingDef	1
CAbilityTrackLevelDef	1
CSpecialAbilitiesDivineWrathDef	1
CCombatAbilityBlockDefBase	1
CCombatAbilityBlockUnarmedAttackDef	1
CCombatAbilityBlockHeavyWeaponAttackDef	1
CCombatAbilityBlockProjectileWeaponAttackDef	1
CAbilityButtonGuiDef	1
CQuickAccessItemButtonGuiDef	1
CEngineLocalDetailLayerDef	1
CAbilityTrackDef	1
NGraphicAppearance	1
CGuiVarTransferStruct	1
COldFileFormatMapHeader8	1
CFileFormatMapHeader	1
CCombatAbilityProjectileAttackData	1
CPrizeScoreDef	1
CMultiStaticMeshEntryDef	1
CCardPositionsDef	1
CCreatureAction_CreateEffectSequence	1
CCreatureAction_TownCrierAllsWell	1
CCreatureAction_CircleAroundThing	1
CCreatureAction_KillSelf	1
CCreatureAction_KillCreature	1
CCreatureAction_DropGift	1
CCreatureAction_WearClothingSuit	1
CCreatureAction_SearchContainer	1
CCreatureAction_WearGameObject	1
CCreatureAction_Undress	1
CCreatureAction_Pickpocket	1
CCreatureAction_DropPlateOnBench	1
CCreatureAction_PickUpPlateFromBench	1
CCreatureAction_TurnCandleOnOrOff	1
CCreatureAction_CallChildrenHome	1
CCreatureAction_Gossip	1
CCreatureAction_BuyThingFromShop	1
CCreatureAction_StealThingFromShop	1
CCreatureAction_PutItemIntoPocket	1
CEventTalkedToAnyone	1
CAnimFilterOfGroup	1
CCreatureAction_BlowHorn	1
CCreatureAction_PlayAnimationFromIndex	1
CCreatureAction_PlayConversationAnimation	1
CCreatureAction_FillBucket	1
CCreatureAction_Hammer	1
CACompressor	1
CAnimFilterAnyGroup	1
CReactionFrequencyTraits	1
COpinionSet	1
CTCAppearanceMorphBase	1
CEventMoralityChanged	1
CAttackHistoryCombo	1
NHeroExperience	1
CHeroPostcardGenerator	1
CActivity	1
CScriptModuleTavernGame	1
CCreatureAction_HeroRangedWeaponUseDummy	1
NThingMap	1
CIDrawMap	1
CDrawSpiritScores	1
CDrawLetterBoxBlackBars	1
CQuestInfoElement	1
CDrawScriptScreenText	1
CDrawScreenFade	1
CDrawBettingHUD	1
CDrawExperience	1
CDrawFishingGame	1
CDrawSpiritTargetingCursor	1
CDrawWorldTime	1
CDrawProjectileTargetingCentre	1
CDrawSpiritsHealth	1
CDrawReceivedItems	1
CQuestInfoElementTimer	1
CQuestInfoElementCounter	1
CQuestInfoElementCounterList	1
CQuestInfoElementTick	1
CInputProcessConsole	1
CInputProcessControlCreatureActivateZTarget	1
CInputProcessControlCreatureActivateZTargetOnPress	1
CInputProcessDead	1
CInputProcessStrafe	1
CInputProcessHeroInformationScreens	1
CInputProcessClickPastText	1
CInputProcessBButtonExitMode	1
CInputProcessToggleViewHeroMode	1
CInputProcessYesNoQuestion	1
CInputProcessFirstPerson	1
CInputProcessFreezeControls	1
CInputProcessCycleSpecialCameraModes	1
CInputProcessFirstPersonLookAround	1
CInputProcessCameraLookAround	1
CInputProcessUseEnvironment	1
CInputProcessSetRangedWeaponThirdPersonMode	1
NInputProcess	1
CInputProcessSetRangedWeaponMode	1
CInputProcessProjectileTargetingAnalogueZoom	1
CInputProcessRebootGame	1
CInputProcessFirstPersonTargeting	1
CInputProcessFishing	1
CInputProcessDigging	1
CInputProcessQuestCompletionUI	1
CInputProcessOracleMinigame	1
CInputProcessFireheartMinigame	1
CView3DThirdPerson	1
CEditNavigatorManagerExternalInterface	1
CEventKicked	1
CCreatureAction_SheatheTrophy	1
CCreatureAction_ScreamerBackOff	1
CActionPlayerConversation	1
CCreatureAction_AimMissileWeapon	1
NTCPhysicsControlledHelpers	1
CExpressionState	1
CAnimEntryLite	1
CAnimFilterOf3Groups	1
CAnimFilterOf2Groups	1
CModeStandFront	1
CModeStandLeft	1
CModeStandRight	1
CEventHitThing	1
CEventCreatureCharging	1
CModeNull	1
CModeBasic	1
CModeStandHappy	1
CModeScripted	1
CModeScared	1
CModeOutraged	1
CModeAttracted	1
CModeCreeping	1
CModeCheering	1
CModeHeckling	1
CModeBully	1
CModeCook	1
CModeVulnerable	1
CModeCarryingGoodsStand	1
CModeSitChair	1
CModeSitFloor	1
CModeSitBench	1
CModeAssassinRush	1
CModeDrinkingFromTankard	1
CModeEatingAtTable	1
CModeHoldJug	1
NStealth	1
CTCCameraPointShapeActivationBase	1
CClosedShapeBase	1
CTCDriverBase	1
CEventShotStruck	1
CShoveHaPennyRegionDef	1
CCombatAction_GenericStrikeResponseKnockdownRecover	1
NRumble	1
CVectorCompare_BestForTargeting	1
CThingCompare_BestForTargeting2	1
NPlayerTargeting	1
CEventBase	1
CEventVillageMobAwesomeHero	1
CEventVillageMobLynchedHero	1
CEventVillageHeroBeingWelcomedBy	1
CEventHeroHasBeenSpokenToByVillagers	1
CEventHeroHasBeenSpottedPickingLock	1
CEventExpressionPerformedTo	1
CEventKnockedOut	1
CThingFilter_IsEvadeExplosion	1
NExplosiveTrailHelpers	1
NThingHelpers	1
CModeDragonFlyingBase	1
CGetBestIciclePointForTarget	1
CCreatureAction_TrollVulnerableInto	1
CCreatureAction_TrollVulnerableOutOf	1
CScriptModuleSelfTerminateBase	1
CScriptModuleGoToLookInDirection	1
CScriptModuleDolly	1
CScriptModuleDollyThing	1
CScriptModuleCameraOnAStick	1
CScriptModuleFocusOnThingBase	1
CScriptModuleConversationAllInView	1
CScriptModuleConversationOverShoulderOfSpokenTo	1
CScriptModuleThingLookAtFace	1
CScriptModuleThingLookAtUpperBody	1
CScriptModuleFOVZoomStayRelative	1
CScriptModuleGoToLookAt	1
CHeroAbilityStatWeight	1
CStrikeEvent	1
CCombatAction_GenericStrikeResponse	1
CEventKillLocked	1
CBaseInit	1
CMoveOnCylinderInit	1
CPhysicsState	1
CBrainOutput	1
CEventVillagerInteraction	1
CHeightMapCell	1
CStringAndCageInit	1
CSACCombatInit	1
CZTargetNewInit	1
CFirstPersonInit	1
CLookAtFrontInit	1
CPCMouseLookInit	1
CDead	1
CEditInputProcessConsole	1
CEditInputProcessScriptBrushes	1
CBezierCurve	1
CEditInputProcessManager	1
CFileFormatThingBrushInfo	1
CMapResizeDialog	1
CScreenFilterParams	1
CScreenFilterEntry	1
CEnvironmentLookupTexture	1
CEnvironmentThemeResourcePallette	1
CCreatureAction_PlayCombatAnimationWithLooking	1
CCreatureAction_BuildWillForceSpell	1
CCreatureAction_BuildUpWillEnflameSpell	1
CCreatureAction_BuildUpPhysicalShieldSpell	1
CCreatureAction_BuildWillTurncoatSpell	1
CCreatureAction_BuildDrainLifeSpell	1
CCreatureAction_BuildHealLifeSpell	1
CCreatureAction_BuildGhostSwordSpell	1
CCreatureAction_BuildUpWillSummonSpell	1
CCreatureAction_CastWillFireballSpell	1
CCreatureAction_BuildFireballSpell	1
CCreatureAction_BeingForcePushed	1
CCreatureAction_BuildUpDivineWrathSpell	1
CCreatureAction_ReleaseDivineWrathSpell	1
CCreatureAction_ReleaseAndLoopDivineWrathSpell	1
CCreatureAction_BuildUpUnholyPowerSpell	1
CCreatureAction_ReleaseUnholyPowerSpell	1
CCreatureAction_ReleaseAndLoopUnholyPowerSpell	1
CEventFiredShot	1
CCreatureAction_ScorpionChargeStrike	1
CCreatureAction_NymphTeleportLimboBase	1
CCreatureAction_NymphShot	1
CCreatureAction_NymphIdleAfterShot	1
CTCAnimationBase	1
CCreatureAction_BuildUpTimeSpell	1
CCreatureAction_BuildUpBattleCharge	1
CCreatureAction_BattleChargeTurnLeft	1
CCreatureAction_BattleChargeTurnRight	1
CRadialArea	1
CHoverState	1
CCreatureAction_DragonHoverIdle	1
CCreatureAction_DragonFireBlastRight	1
CCreatureAction_DragonStrafeLoop	1
CCreatureAction_DragonFireBlastBase	1
CCreatureAction_DragonBurninateOutOf	1
CCreatureAction_DragonStrafeInto	1
CCreatureAction_DragonFlyInto	1
CCreatureAction_DragonRetreat	1
CKnockedThingUnconscious	1
CKilledThing	1
CHitThing	1
CPhysicsCoordRigid	1
CPhysicsCoordCartesian	1
NCombatSequenceOnStartModules	1
CCreatureAction_BanditKingAdvance	1
CCreatureAction_TrollIdle	1
CCreatureAction_TrollGetProjectile	1
CCreatureAction_WalkOutOf	1
CCreatureAction_WalkInto	1
CCreatureAction_Curiosity	1
CCreatureAction_RemoveFoodFromTable	1
CCreatureAction_AddFoodToTable	1
CCreatureAction_KrakenRoarOutOf	1
CCreatureAction_PlayHopscotch	1
CModeSitChairSleeping	1
CCreatureAction_PickUpTankard	1
CCreatureAction_PutDownTankard	1
CCreatureAction_QueenHornetShootBabies	1
CCreatureAction_WhisperJumpIntoSky	1
CCreatureAction_StartEatingAtTable	1
CCreatureAction_StopEatingAtTable	1
CCreatureAction_JackShotFloat	1
CCreatureAction_JackShotNear	1
CCreatureAction_JackShotFar	1
CIsRunnableModuleHeroHasInvadedMyPersonalSpace	1
CIsRunnableModuleCarryingProjectileWeapon	1
CIsRunnableModuleOnEverySightOfTheHero	1
CIsRunnableModuleOnFirstSightOfTheHero	1
CIsRunnableModuleHasDirectAwarenessOfHero	1
CIsRunnableModuleHasAwarenessOfHero	1
CIsRunnableModuleIsMemberOfVillage	1
CShaderBase	1
CVertexShader	1
CPixelShader	1
CMovableResource	1
CManagerLocalLight	1
CManagerShadowedSpotLight	1
CLocalLightElementLink	1
CLayer	1
CEngineInternalAttachedPrimitiveInfo	1
CStaticMapBankFile	1
CShadowClipVolume	1
CEngineWeatherSettings	1
CEngineStateBlockSolid	1
CEngineStateBlockSolid2X	1
CEngineStateBlockAlpha	1
CEngineStateBlockAlpha2X	1
CEngineStateBlockAdditiveAlpha	1
CEngineStateBlockAddSmoothAlpha	1
CEngineStateBlockAlpha2XTFactor	1
CEngineStateBlockDiffuseOnly	1
CEngineStateBlockDiffuse2X	1
CEngineStateBlockDiffuseEnv2X	1
CEngineProfiler	1
CDebugObjectTracker	1
CEnginePrimitiveTypeInfo	1
CDefaultEngineMemoryInit	1
CLandscapeBackgroundLoadTask	1
CEngineSceneEnumeratorResetVisibilityRatio	1
CEngineInternalPrimitiveStaticMeshFromFile	1
CEngineScenePreloadStatEnumerator	1
CEngineScenePrimitiveStatsEnumerator	1
CEngineParticleSimulationRenderData	1
CEngineInternalPrimitiveWeatherMask	1
CEngineInternalPrimitiveGameMesh	1
CEngineInternalPrimitiveText	1
CEngineInternalPrimitive2DText	1
CEngineInternalPrimitiveWeaponTrail	1
CEngineInternalPrimitiveFlareSprite	1
CEngineInternalPrimitiveAnimatedMeshFromFile	1
CEngineVSConstantLayoutParticles	1
CEngineVSConstantLayoutRepeatedMesh	1
CEngineVSConstantLayoutLightsBones	1
CEngineVSConstantLayoutLights	1
CEngineVSConstantLayoutBasic	1
CLocalDetailGeneratorTheme	1
CEngineInternalPrimitive2DParticleGroup	1
CEngineVertexBufferPool	1
CEngineIndexBufferPool	1
CParticle	1
CPreTransposedBoneMatrix	1
CSystemManagerInit	1
CCharStringData	1
CWideStringData	1
CBankFileEntryDependencies	1
CStateBlockFunctionSold	1
CStateBlockFunctionAlphaAdditive	1
CStateBlockFunctionAlphaMultiply	1
CStateBlockFunctionAlphaBoolean	1
CStateBlockFunctionAlphaText	1
CVertexShaderConstantLayoutEmpty	1
CVersion	1
CGameEventDataPackage	1
CInputEventPackage	1
CAnimationStateBlock	1
CWADBank	1
CGuiControlStaticText	1
CCardinalSpline	1
CFractal	1
CRidgedMultifractal	1
CHybridMultifractal	1
CHeteroTerrainFractal	1
CTriangleList	1
CVertexShaderInputStatic	1
CVertexShaderInputAnimated	1
CShaderDirectionalLight	1
CShaderPointLight	1
CXboxInfoTools	1
CVertexInfo	1
CFrameDifference	1
CChunkedFileLoader	1
CChunkedFileSaver	1
CSBGoal	1
CSBAgents	1
CSBCAgents	1
CSBIAgents	1
CGlyph	1
CGroup	1
CUniqueVertex	1
CEmptyData	1
CDanyalTestScriptsData	1
CIsThingConscious	1
CIsThingAlive	1
CTeleportPoint	1
CInvisibleBarrier	1
CTimer	1
CScriptGameResourceObjectMovieBase	1
CEndGameFocalSite	1
CGUARD1	1
CMinionAttackingGuard	1
CSecretPassageGate	1
CUndeadLieutenant	1
CDoNotTarget	1
CTest	1
CM_ActivateLighthouse	1
CBCMTrader	1
CDW5_Bandit	1
CWB_ScaredVillager	1
CWBWW_WhiteBalverine	1
CWBWW_SoldierBalverine	1
CHKC_Maze	1
CAC_HighScorePost	1
CIsVariableFalse	1
CPAAWB_Villager	1
CPAAWB_Guard	1
CCounter	1
NFire	1
