00892ea0	ActivateMultipleQuests
00892ee0	ActivateMultipleQuestsWithoutLoadingResources
00892e80	ActivateQuest
00892ec0	ActivateQuestWithoutLoadingResources
00893060	AddBoast
008a1a10	AddCreatureScriptedMode
0089feb0	AddCrimeCommitted
00891540	AddFeatCard
008aa0d0	AddGossip
008aa550	AddGossipFactions
008a9e60	AddGossipFactionToCategory
008a9e30	AddGossipVillage
008aa2f0	AddGossipVillages
0089e780	AddItemToContainer
00890750	AddLineToConversation
0088fe00	AddLogBookEntry
008906c0	AddNewConversation
008a9dd0	AddNewRumourToCategory
00890710	AddPersonToConversation
008913f0	AddQuestCard
00891ac0	AddQuestInfoBar
00891ad0	AddQuestInfoBarHealth
00891b30	AddQuestInfoCounter
00891b50	AddQuestInfoCounterList
00891b70	AddQuestInfoTick
00891b20	AddQuestInfoTimer
00891820	AddQuestRegion
008a9db0	AddRumourCategory
00892850	AddScreenMessage
0089e4c0	AddScreenTitleMessage
008981c0	AddTattooToHero
008977f0	ApplyHeroPenaltyForDeath
0088f480	ApplyScriptBrush
0088e6f0	AreEntitiesEnemies
0088f930	AutoSave
0088f910	AutoSaveCheckPoint
0088f920	AutoSaveQuestStart
00894aa0	BeginLoadingMesh
00891310	CacheMusicSet
0088edb0	CameraCancelScreenEffect
00892c20	CameraCircleAroundPos
00892b50	CameraCircleAroundThing
00890ff0	CameraDefault
0088edc0	CameraDoConversation
0088ed20	CameraEarthquakeIntensityAtPos
00892610	CameraMoveBetweenLookFromAndLookTo
008926d0	CameraMoveBetweenLookingAt
00892410	CameraMoveToPosAndLookAtPos
008924b0	CameraMoveToPosAndLookAtThing
00890fc0	CameraResetToViewBehindHero
0088ec90	CameraSetCameraPreloadFlag
0088ece0	CameraShake
008922f0	CameraUseCameraPoint
0088eda0	CameraUseScreenEffect
0089d690	CancelAbilitiesForCutscene
008a0820	CancelHeroTeleportEffects
00890180	CancelRadialBlurFade
0089d750	CancelUsingAbility
0089cd70	CanThingBe_Heard_ByOtherThing
0089cd30	CanThingBe_NearlySeen_ByOtherThing
0089cd10	CanThingBe_Seen_ByOtherThing
0089cd50	CanThingBe_Smelled_ByOtherThing
0089b450	ChangeHeroHairstyle
00891720	ChangeHeroHealthBy
0089a0e0	ChangeHeroMoralityDueToPicklock
0089a070	ChangeHeroMoralityDueToTheft
00891ba0	ChangeQuestInfoBarColour
006e7920	CheckForCameraMessage
008a78e0	ClearActiveGossipCategories
00892df0	ClearAllRumbles
008aa010	ClearGossip
008aa4d0	ClearGossipFactions
008aa270	ClearGossipVillages
008961b0	ClearHeroEnemyOfGuards
008a7930	ClearIsGossipForPlayer
008a03f0	ClearThingBestEnemyTarget
0088e480	ClearThingHasInformation
00896660	CloseChest
00895de0	CloseDoor
0088e000	CloseHouseDoors
008986d0	ConfiscateAllHeroItems
008987e0	ConfiscateAllHeroWeapons
00898840	ConfiscateItemsOfTypeFromHero
008a9100	CreateCreature
0089f300	CreateCreatureNearby
00894500	CreateCreatureOnEntity
0089f910	CreateEffect
0089fbb0	CreateExperienceOrb
0089fc80	CreateExplosion
0089faa0	CreateLight
00894820	CreateObject
008946e0	CreateObjectOnEntity
0089fd20	CreatePhysicalBarrier
0089fda0	CreateRumble
0089ec60	CreatureGeneratorAddTriggerer
0089ebf0	CreatureGeneratorAreAllCreaturesAlive
0089eb80	CreatureGeneratorGetNumGeneratedCreatures
0089e9c0	CreatureGeneratorIsDepleted
0089ea30	CreatureGeneratorIsDestroyed
0089ecc0	CreatureGeneratorRemoveTriggerer
0089e950	CreatureGeneratorSetAlwaysCreateCreaturesOnTrigger
008a9020	CreatureGeneratorSetFamily
0089eaa0	CreatureGeneratorSetGeneratedCreatureScriptName
0089eb10	CreatureGeneratorSetNumTriggers
0089e8e0	CreatureGeneratorTrigger
008a0c60	DeactivateBoastUi
00892f00	DeactivateQuest
00892f10	DeactivateQuestLater
008a0cb0	DebugGetAllTextEntriesForTargetedThing
006e7690	DeregisterTimer
00895950	DisableFishingSpot
008901e0	DisplacementMonochromeEffectColourFadeOut
008901c0	DisplacementMonochromeEffectColourFadeTo
008929d0	DisplayGameInfo
00892a80	DisplayGameInfoText
00896730	DisplayLockedChestMessage
00891c60	DisplayMiniGameInfo
00891c40	DisplayMoneyBag
00891920	DisplayQuestInfo
0088e210	DisplayTime
0089e710	DisplayTutorial
0088e380	DontPopulateNextLoadedRegion
00891320	EnableDangerMusic
0088f4a0	EnableDecals
00896270	EnableGuards
0088f620	EnableSounds
008962d0	EnableVillagerDefTypes
0088e520	EndCutFade
006e7290	EndLetterBox
00890690	EntityAttachToScript
0089d3a0	EntityAttachToVillage
0088f500	EntityBeginLoadingAnimation
0088f530	EntityBeginLoadingBasicAnimations
008a9320	EntityCastForcePush
0088f560	EntityCastLightningAtTarget
0088ec70	EntityClearMaxNumberOfAttackers
0089c4c0	EntityClearPersonalityOverride
008a0540	EntityClearRangedTarget
008a8e40	EntityDecapitate
0089d9d0	EntityDropGenericBox
0088f4d0	EntityEnableGravity
008a0950	EntityEndScreamerSuperAttackThing
008a07c0	EntityFadeIn
008a0720	EntityFadeOut
008954a0	EntityFollowThing
00897940	EntityForceMarriageToHero
0089d8b0	EntityForceToLookAtCamera
0089d910	EntityForceToLookAtNothing
0089d830	EntityForceToLookAtThing
008a0c10	EntityGetAppearanceSeed
0089dd30	EntityGetBossPhase
0089d340	EntityGetHearingRadius
00890990	EntityGetOpinionAttitudeToPlayer
008909c0	EntityGetOpinionAttitudeToPlayerAsString
008909f0	EntityGetOpinionOfPlayer
0088ea50	EntityGetSex
0089df70	EntityGetShotStrikePos
0089bc50	EntityGetStandingInsideBuilding
00892220	EntityGetStandingOnThing
008a01a0	EntityGetStockItemPrice
008976f0	EntityGetThingInPrimarySlot
0089dc70	EntityGiveGold
0089de50	EntityLeaveCombatStance
0089bbc0	EntityPlayObjectAnimation
0089c7b0	EntityPostOpinionDeedKeepSearchingForWitnesses
0089c560	EntityPostOpinionDeedToAll
0089c670	EntityPostOpinionDeedToRecipient
0089c710	EntityPostOpinionDeedToRecipientVillage
0089b0b0	EntityResetAsPureAINarrator
00890f40	EntityResetCombatTypeToDefault
0089ddf0	EntityResetCreatureMode
0089d970	EntityResetForceToLookAt
0088e810	EntityResetMaxRunningSpeed
0088e870	EntityResetMaxWalkingSpeed
00890f00	EntitySetAbleToBeEngagedInCombat
0089dcd0	EntitySetAllowBossPhaseChanges
0088f6e0	EntitySetAllStategroupsEnabled
0089da70	EntitySetAlpha
0089dff0	EntitySetAlwaysBlockAttacksFromThing
008a0200	EntitySetAppearanceMorphSeed
008a0bc0	EntitySetAppearanceSeed
008978e0	EntitySetAsAbleToRegionFollowWhenMarried
0089dbb0	EntitySetAsAbleToWalkThroughSolidObjects
0088ded0	EntitySetAsAllowedToChangeRegionFollowingState
0088de90	EntitySetAsAllowedToFollowHero
0089d0e0	EntitySetAsAwareOfThing
00891120	EntitySetAsCollidableToThings
0088ead0	EntitySetAsDamageable
0089deb0	EntitySetAsDisplayingEmoteIcon
0088e9f0	EntitySetAsDrawable
0089d560	EntitySetAsDrunk
008a00e0	EntitySetAsForSale
0089d420	EntitySetAsHavingBoundHands
0088e410	EntitySetAsHiddenOnMiniMap
0088eb30	EntitySetAsKillable
0089dc10	EntitySetAsLocked
00894dd0	EntitySetAsMarryable
00895650	EntitySetAsMirroringHeroEnemyRelationsWhileFollowing
00890a50	EntitySetAsOpinionSource
0089a390	EntitySetAsPickLocked
00890470	EntitySetAsPickPocketed
00895010	EntitySetAsReceivingEvents
0088e8d0	EntitySetAsRemoveAllMovementBlockingModes
0088df20	EntitySetAsRespondingToFollowAndWaitExpressions
0088ea90	EntitySetAsRespondToHit
0089d4c0	EntitySetAsScared
008a8c60	EntitySetAsSittingOnFloor
008904e0	EntitySetAsStolen
0088ebc0	EntitySetAsToAddToComboMultiplierWhenHit
0088ebf0	EntitySetAsToAddToStatChangesWhenHit
0088ec20	EntitySetAsUseMovementInActions
008a8eb0	EntitySetAttackThingImmediately
0089dd90	EntitySetBossPhase
0089aff0	EntitySetCombatAbility
0088f710	EntitySetCombatEnabled
0089e080	EntitySetCombatType
0088ea20	EntitySetCutsceneBehaviour
0089e880	EntitySetDeathContainerAsEnabled
0088f850	EntitySetDeedReactionsEnabled
00890ec0	EntitySetEvadeAllHits
0089d280	EntitySetExtendedSightRadius
0089bdf0	EntitySetFacingAngle
0088e620	EntitySetFacingAngleTowardsThing
0089d2e0	EntitySetGiveUpChaseRadius
0089c190	EntitySetInFaction
0088fd00	EntitySetInLimbo
008a06c0	EntitySetLightAsOn
0088e1c0	EntitySetMaxHealth
0089e130	EntitySetMaxNumberOfAttackers
0088e750	EntitySetMaxRunningSpeed
0088e7b0	EntitySetMaxWalkingSpeed
00890e80	EntitySetNegateAllHits
0089c380	EntitySetOpinionAttitudeEnabled
0089c290	EntitySetOpinionDeedMask
0089c330	EntitySetOpinionDeedTypeEnabled
0089c3d0	EntitySetOpinionReactionEnabled
0089c240	EntitySetOpinionReactionMask
0088f810	EntitySetOpinionReactionsEnabled
0089bf80	EntitySetPerceptionVariables
0089c420	EntitySetPersonalityOverride
008a04c0	EntitySetRangedTarget
0088e5f0	EntitySetShotAccuracyPercentage
0089d220	EntitySetSightRadius
0088f7d0	EntitySetSleepEnabled
0089d1c0	EntitySetSmellRadius
0089d160	EntitySetSoundRadius
0088f6b0	EntitySetStategroupEnabled
008a0140	EntitySetStockItemPrice
008a05a0	EntitySetTargetable
008a0600	EntitySetTargetingType
008a0660	EntitySetTargetingValidTargetWithoutLOS
008a7ec0	EntitySetThingAsAllyOfThing
0089c000	EntitySetThingAsEnemyOfThing
0089bb30	EntitySetThingAsWantingMoney
0089b050	EntitySetWillBeUsingNarrator
00890ba0	EntitySheatheWeapons
008a08a0	EntityStartScreamerSuperAttackThing
008a7980	EntityStopFollowing
008956b0	EntityTeleportToHeroPosition
0089b780	EntityTeleportToPosition
0088e540	EntityTeleportToThing
00890a80	EntityUnsetAsOpinionSource
008a7ee0	EntityUnsetThingAsAllyOfThing
0089c080	EntityUnsetThingAsEnemyOfThing
00890c80	EntityUnsheatheMeleeWeapon
00890d80	EntityUnsheatheRangedWeapon
00890c10	EntityUnsheatheWeapons
008a93a0	EntityWillTeleportToArea
0088de00	Error
0089bd30	ExtinguishFiresOnThing
0088e4c0	FadeScreenIn
00890820	FadeScreenOut
008907e0	FadeScreenOutUntilNextCallToFadeScreenIn
00891520	FailAllActiveQuests
0088fe90	FastForwardTimeTo
0088e500	FixMovieSequenceCamera
008a7f60	ForceShipsVisible
008a42c0	GetAction
008a3d20	GetActionFrequency
008a3fd0	GetActionFrequencyVariation
0088fc40	GetActiveGossipCategories
00893040	GetActiveGossipCategoriesSize
00891880	GetActiveQuestName
00891530	GetAllActiveQuestInfo
008a89d0	GetAllCreaturesExcludingHero
008a86c0	GetAllCreaturesInAreaWithScriptName
008a6390	GetAllowedToFollow
008a8af0	GetAllThingsInLevel
008a8890	GetAllThingsWithDefName
008a9c40	GetAllThingsWithDefNameByDistanceFrom
008a8570	GetAllThingsWithScriptName
008a4da0	GetAttackHeroOnSight
008a7430	GetAvoidRegionExits
008a3500	GetBeerRequestPhrase
00895a10	GetBestFishWeight
008a1650	GetBestScoreBlackjack
008a16b0	GetBestScoreCoinGolfOakVale
008a1710	GetBestScoreCoinGolfSnowSpire
008a1770	GetBestScoreShoveHaPenny
008a17d0	GetBestTimeGuessTheAddition
008a1590	GetBestTimePairs
008a15f0	GetBestTimeSorting
0088fb70	GetBettingAccept
0088fb50	GetBettingActive
0088fb90	GetBettingAmount
0088fc30	GetBoastingEnabled
0088faf0	GetCheapHeadLooking
008a55c0	GetCombatNearbyBreakOffRange
008a5300	GetCombatNearbyEnemyFleeingBreakOffRange
0088e080	GetConstantFPS
0088fbb0	GetCountBetMoneyDown
0088f900	GetCountdownTimer
0088fe70	GetDayCount
0088fe50	GetDayOfWeek
00896ee0	GetDeathRecoveryMarkerName
008a6bf0	GetDisableHeadLooking
00899700	GetDistanceHeroCanBeHeardFrom
00893030	GetExclusiveQuestScriptName
008a4560	GetFaceHeroForAction
008a4ae0	GetFollowDistance
008a80f0	GetFollowingEntityList
00891340	GetFormattedString
0089aa70	GetFurthestWithDefName
0089a6e0	GetFurthestWithScriptName
006e7340	GetGameAngleXY
0088fbf0	GetGlobalTargetingDistanceOffset
008a9f00	GetGossip
008a2cf0	GetGossipCounter
008aa410	GetGossipFactions
008aa480	GetGossipFactionsSize
008a9fc0	GetGossipSize
008aa1b0	GetGossipVillages
008aa220	GetGossipVillagesSize
0088f9e0	GetGuildSealRecallAngleXY
0088f9b0	GetGuildSealRecallPos
00890400	GetHealth
00891ca0	GetHero
00899560	GetHeroAge
00899930	GetHeroAttractiveness
008997e0	GetHeroExperienceAvailableToSpend
00899850	GetHeroFatness
00895b00	GetHeroFishingLevel
00898fa0	GetHeroGold
00897bd0	GetHeroHasChildren
00897b10	GetHeroHasCurrentMarriage
00897b70	GetHeroHasDivorcedMarriage
00897aa0	GetHeroHasMarried
00897c30	GetHeroHasMurderedWife
00890370	GetHeroHealth
008903a0	GetHeroHealthMax
008903d0	GetHeroHealthPercentage
00899f90	GetHeroMorality
0089a000	GetHeroMoralityCategory
00899140	GetHeroRenownLevel
00899770	GetHeroRoughExperienceLevel
008998c0	GetHeroScariness
00899400	GetHeroSkillLevel
00899290	GetHeroStatLevel
00899310	GetHeroStatMax
00899390	GetHeroStrengthLevel
008a8260	GetHeroSummonedCreaturesList
0089a490	GetHeroTargetedThing
00897880	GetHeroTitle
0089a150	GetHeroWillEnergy
008999a0	GetHeroWillEnergyLevel
0089a1b0	GetHeroWillEnergyMax
0089a210	GetHeroWillEnergyPercentage
00899470	GetHeroWillLevel
008a21e0	GetIgnoringPhrase
008a9810	GetIsGossipForPlayer
00893050	GetIsGossipForPlayerSize
008a6eb0	GetIsPushableByHero
008a8f20	GetItemDefNamesFromContainer
008a60d0	GetKillSelfAndStealableItemAfterReachingDestination
008a7170	GetLookForFiniteTime
008a2fa0	GetMaxGossipPhrase
008a3a60	GetMaxHeroReactionDistance
00891610	GetMostRecentValidUsedTarget
00891680	GetMostRecentValidUsedTargetName
0089ef90	GetNearestEnabledDiggingSpot
0089a880	GetNearestWithDefName
0089a510	GetNearestWithScriptName
00890960	GetNextInOpinionAttitudeGraph
00897190	GetNumberOfItemsOfTypeInInventory
008966c0	GetNumberOfKeysNeededToUnlockChest
00897c90	GetNumberOfTimesHeroHasHadSex
008a12a0	GetNumHousesOwned
00890970	GetOpinionAttitudeAsString
008a8440	GetPerceivingHeroEntityList
00899c90	GetPlayerCreatureCombatMultiplier
00899cf0	GetPlayerCreatureCombatMultiplierRunningNumHits
0088fa90	GetPlayerUsingMeleeDummies
0088fab0	GetPlayerUsingRangedDummies
0088fad0	GetPlayerUsingWillDummies
00897560	GetPreviouslyWieldedMeleeWeaponName
00897630	GetPreviouslyWieldedRangedWeaponName
0088fb30	GetPrizeTavernTable
0088fb10	GetQuitTavernGame
008a7e00	GetRandomThingWithScriptName
008a5b50	GetRecoverStealableItems
0088e340	GetRegionName
008a37b0	GetScriptingStateGroup
008a6950	GetSeatName
008a1b10	GetSleepingPositionAndOrientationFromBed
0088fbd0	GetSpotTheAdditionBeaten
008a1360	GetStealDuration
008a5890	GetStealStealableItems
008a6680	GetTableName
008a5e10	GetTakeStealableItemToRandomDestination
008a76f0	GetTargetingDistanceOffset
008a4840	GetTargetName
008913a0	GetTextString
008a1f30	GetThankingPhrase
008a7d60	GetThingWithScriptName
00891d50	GetThingWithUID
0088fe30	GetTimeOfDay
006e7710	GetTimer
008a5050	GetTimeToSpendHarassingHero
0088fc10	GetTradingPriceMult
008920c0	GetValidTextEntryNameWithAttitude
008a24c0	GetWanderCentrePoint
0088e390	GetWanderingPopulationScriptDefNameInCurrentRegion
00891e30	GetWanderingPopulationScriptDefNameInRegion
008a2a30	GetWanderMaxDistance
008a2770	GetWanderMinDistance
008a3250	GetWarningPhrase
0088df60	GetWaterHeightAtPosition
0088e070	GetWorldFrame
0088fcc0	GiveHeroAbility
00899000	GiveHeroExperience
0088fc60	GiveHeroExpression
00898f40	GiveHeroGold
00898bb0	GiveHeroItem
00898c40	GiveHeroItemsFromContainer
00899ef0	GiveHeroMorality
008917f0	GiveHeroNewQuestObjective
008902e0	GiveHeroObject
008968c0	GiveHeroQuestCardDirectly
008990c0	GiveHeroRenownPoints
0088e110	GiveHeroTitle
00898a50	GiveHeroTutorial
0088e130	GiveHeroWeapon
0089e540	GiveHeroYesNoQuestion
008a0260	GiveThingBestEnemyTarget
00898ac0	GiveThingHeroRewardItem
0088de10	GiveThingItemInHand
00895190	GiveThingItemInSlot
00895d50	HasHeroForceQuitFireheartMinigame
00895c30	HasHeroWonOracleMinigame
0088df80	HeroGoDigging
00895a90	HeroGoFishing
0088fc90	HeroHasExpression
00895c90	HeroPlayFireheartMinigame
00895b60	HeroPlayOracleMinigame
00895cf0	HeroQuitFireheartMinigame
008918c0	HeroReceiveMessageFromGuildMaster
0088dfa0	HeroStopDigging
00899220	IncreaseHeroRenownLevel
006e71b0	IsActiveThreadTerminating
00891550	IsBoastTaken
0088ecc0	IsCameraInScriptedMode
006e7300	IsCameraPosOnScreen
00896330	IsChestOpen
008907d0	IsConversationActive
0089ed80	IsCreatureFlying
00892d80	IsCreatureGenerationEnabledForRegion
00891330	IsDangerMusicEnabled
0089c8a0	IsDeedWitnessed
0089f1e0	IsDiggingSpotEnabled
0089f240	IsDiggingSpotHidden
00895430	IsDPadButtonHeldForExpression
00890280	IsEntityAbleToAttack
008955c0	IsEntityFollowingHero
0088fd60	IsEntityInLimbo
00897a30	IsEntityMarriable
008979c0	IsEntityMarriedToHero
0089a2d0	IsEntityPickLockable
0088e220	IsEntityPickPocketable
0089a330	IsEntityStealable
008960c0	IsEntityUnderScriptedControl
00890220	IsEntityWieldingMeleeWeapon
00890250	IsEntityWieldingRangedWeapon
008974f0	IsEntityWieldingWeapon
008958f0	IsFishingSpotEnabled
00894c90	IsGiftFriendly
00894d30	IsGiftOffensive
00894bf0	IsGiftRomantic
00891ea0	IsHeroAllowedHenchmenInCurrentRegion
00891ef0	IsHeroAllowedHenchmenInRegion
008902b0	IsHeroChild
0088e980	IsHeroControlledByPlayer
00898e60	IsHeroHandLampLit
00890670	IsHeroInProjectileWeaponMode
008913c0	IsHeroInTavernGame
0089b330	IsHeroNaked
00891870	IsHeroOnQuest
008953a0	IsHeroPerformingExpression
00895bc0	IsHeroPlayingOracleMinigame
008991a0	IsHeroRenownLevelFull
0088f450	IsHeroSleepingEnabled
00892270	IsInCutscene
0088e9e0	IsInMovieSequence
0088e2a0	IsLevelLoaded
00897220	IsObjectInThingsPossession
008973a0	IsPlayerCarryingItemOfType
00899ba0	IsPlayerCreatureBlocking
00899db0	IsPlayerCreatureFlourishEnabled
00899c10	IsPlayerCreatureReadyToFireProjectileWeapon
00890610	IsPlayerHoldingFireRangedWeaponButton
00890640	IsPlayerHoldingFirstPersonTargetingButton
008905e0	IsPlayerHoldingLockTargetButton
008905b0	IsPlayerHoldingUnsheatheRangedWeaponButton
00897480	IsPlayerWieldingWeapon
00899b10	IsPlayerZTargetingThing
00892f40	IsQuestActive
00892f60	IsQuestCompleted
00892f70	IsQuestFailed
00892f50	IsQuestRegistered
0089ad90	IsQuestStartScreenActive
00890170	IsRadialBlurFadeActive
00891db0	IsRegionDefLoaded
0088e300	IsRegionLoaded
00890550	IsRegionLoadedAndPreloaded
008985a0	IsReportedOrUnreportedCrimeKnown
00892b30	IsSafeToDisplayGameInfo
0088f950	IsSavingEnabled
0088e4d0	IsScreenFadingOut
00896210	IsSleepingTime
0088f610	IsSoundPlaying
0089ee60	IsTeleporterActive
0088f420	IsTeleportingActive
008a0e80	IsThingABed
008a0eb0	IsThingAChest
008a0ee0	IsThingADoor
0089ce70	IsThingAwareOfOtherThingInAnyWay
0089bd90	IsThingOnFire
008a0f40	IsThingSearchable
008a0f10	IsThingSmashable
008a19b0	IsThingTurncoated
0088e260	IsThingWithThisUIDAlive
0088fe40	IsTimeOfDayBetween
00897030	IsToFailQuestOnDeath
0088f3e0	IsTutorialSystemEnabled
0089b2b0	IsWearingClothingItem
0089b530	IsWearingHairstyle
0088e100	IsXbox
00895e10	JamDoor
00896df0	KickOffCreditsScreen
00896d20	KickOffDeathScreen
00896b60	KickOffQuestStartScreen
00897fa0	MakeHeroCarryItemInHand
008950e0	ManuallyResetTrap
00895090	ManuallyTriggerTrap
00891f50	MiniMapAddMarker
0088e3d0	MiniMapAllowRouteBetweenRegions
00892030	MiniMapRemoveAllMarkers
00891ff0	MiniMapRemoveMarker
0088e400	MiniMapSetAsEnabled
00891fa0	MiniMapSetMarkerGraphic
00890430	ModifyThingHealth
00894440	MsgIsActionModeButtonPressed
00893960	MsgIsBoastMade
00893ba0	MsgIsCutSceneSkipped
00894370	MsgIsGameInfoClickedPast
008931b0	MsgIsLevelLoaded
00893240	MsgIsLevelUnloaded
00894300	MsgIsQuestionAnsweredYesOrNo
008932d0	MsgIsRegionLoaded
00893360	MsgIsRegionUnloaded
008943c0	MsgIsTutorialClickedPast
00893610	MsgOnAnyQuestCompleted
008939d0	MsgOnBoastMade
008a9ae0	MsgOnBoastsMade
008942c0	MsgOnChestOpeningCancelled
00893b00	MsgOnExpressionPerformed
008938f0	MsgOnFeatAccepted
00894110	MsgOnFishingGameFinished
00893e70	MsgOnGameSavedManually
00893f80	MsgOnHeroCastSpell
00893f30	MsgOnHeroFiredRangedWeapon
00893c00	MsgOnHeroHairTypeChanged
00894080	MsgOnHeroPickedLock
00893ff0	MsgOnHeroPickedPocket
00894250	MsgOnHeroRewardedWithItemsFrom
00893ec0	MsgOnHeroSlept
00893e20	MsgOnHeroUsedGuildSeal
00893d80	MsgOnHeroUsedTeleporter
00893ab0	MsgOnLeavingExperienceSpendingScreen
0089ae30	MsgOnLeavingQuestStartScreen
0089ac10	MsgOnLevelLoaded
0089ac80	MsgOnLevelUnloaded
00893870	MsgOnQuestAccepted
00893570	MsgOnQuestCompleted
00893730	MsgOnQuestCompletedBeforeScreenShown
00893690	MsgOnQuestFailed
008937d0	MsgOnQuestFailedBeforeScreenShown
008933f0	MsgOnRegionLoaded
008934f0	MsgOnRegionPreunload
00893470	MsgOnRegionUnloaded
008941a0	MsgOnTavernGameFinished
006e7410	NewScriptFrame
00896390	OpenChest
00895db0	OpenDoor
0088dfd0	OpenHouseDoors
0089c510	OpinionSourceSetAsAttentionGrabbing
00894e60	OpinionSourceSetAsExclusive
0088e030	OverrideAutomaticHouseLocking
00891220	OverrideMusic
0088e4f0	Pause
00890b00	PauseAllEntities
00890ab0	PauseAllNonScriptedEntities
0088f570	Play2DSound
0088f890	PlayAVIMovie
008a09b0	PlayCriteriaSoundOnThing
00891170	PlaySoundAtPos
008a0a20	PlaySoundOnThing
006e7460	PostAddScriptedEntities
00890b70	PreloadNewScene
00892f20	PrepareQuestsWhenFinalQuestIsActivated
00892f30	PrepareQuestsWhenFinalQuestIsCompleted
00890150	RadialBlurFadeOut
008900d0	RadialBlurFadeTo
008901a0	RadialBlurSetCenterWorldPos
006e79e0	RegisterTimer
00891510	RemoveAllAvailableQuestCardsFromGuild
0089af30	RemoveAllCutSceneSkippedMessages
00898600	RemoveAllHeroWeapons
00891c30	RemoveAllQuestInfoElements
00891580	RemoveBoast
00893a50	RemoveBoastMessage
008907c0	RemoveConversation
008a1ab0	RemoveCreatureScriptedMode
00894490	RemoveDeadCreature
008aa050	RemoveGossip
008aa510	RemoveGossipFactions
008aa2b0	RemoveGossipVillages
0089b390	RemoveHeroClothing
0089b4d0	RemoveHeroHairstyle
0089e810	RemoveItemFromContainer
0089c850	RemoveOpinionDeedStillSearchingForWitnesses
00891490	RemoveQuestCardFromGuild
008914e0	RemoveQuestCardFromHero
00891c10	RemoveQuestInfoElement
008a9e00	RemoveRumourCategory
008910d0	RemoveThing
008a1c50	RepopulateVillage
008a4390	ResetAction
008a3e10	ResetActionFrequency
008a40d0	ResetActionFrequencyVariation
008a6480	ResetAllowedToFollow
008a4e90	ResetAttackHeroOnSight
008a7520	ResetAvoidRegionExits
008a35f0	ResetBeerRequestPhrase
008a56c0	ResetCombatNearbyBreakOffRange
008a5400	ResetCombatNearbyEnemyFleeingBreakOffRange
006e7d40	ResetCreatureCreationDelayFrames
00896fd0	ResetDeathRecoveryMarkerNameToDefault
008a6ce0	ResetDisableHeadLooking
008a4650	ResetFaceHeroForAction
008a4be0	ResetFollowDistance
008a2de0	ResetGossipCounter
008a22d0	ResetIgnoringPhrase
008a6fa0	ResetIsPushableByHero
008a61c0	ResetKillSelfAndStealableItemAfterReachingDestination
008a7260	ResetLookForFiniteTime
008a3090	ResetMaxGossipPhrase
008a3b60	ResetMaxHeroReactionDistance
00899d50	ResetPlayerCreatureCombatMultiplier
00899e90	ResetPlayerCreatureOnlyTarget
008a5c40	ResetRecoverStealableItems
008a38a0	ResetScriptingStateGroup
008a6a20	ResetSeatName
008a5980	ResetStealStealableItems
008a6750	ResetTableName
008a5f00	ResetTakeStealableItemToRandomDestination
008a77f0	ResetTargetingDistanceOffset
008a4910	ResetTargetName
008a2020	ResetThankingPhrase
008a5140	ResetTimeToSpendHarassingHero
0088ff10	ResetToDefaultTheme
0088ff80	ResetToDefaultThemeAllInternals
0088fff0	ResetToDefaultThemeExternals
0088f970	ResetToFrontEnd
008a2590	ResetWanderCentrePoint
008a2b30	ResetWanderMaxDistance
008a2870	ResetWanderMinDistance
008a3340	ResetWarningPhrase
008970f0	ResetWhetherToFailQuestOnDeathToDefault
0088e150	RespawnHero
0089d6f0	ResumeAbilitiesForCutscene
00898940	ReturnAllConfiscatedItemsToHero
00890200	ScreenFilterFadeOut
008a9880	ScreenFilterFadeTo
008957c0	SendEntityEvent
0089d7c0	SetAbilityAvailability
008a41b0	SetAction
008a3c40	SetActionFrequency
008a3ef0	SetActionFrequencyVariation
008a9720	SetActiveGossipCategories
008a62b0	SetAllowedToFollow
0088e920	SetAllowScreenFadingIfAlreadyFaded
0088e910	SetAllowScreenFadingOnNextRegionChange
0088e090	SetAllSoundsAsMuted
008a4cc0	SetAttackHeroOnSight
008a7350	SetAvoidRegionExits
008a1bf0	SetBedAvailability
008a3420	SetBeerRequestPhrase
0088fb60	SetBettingAccept
0088fb40	SetBettingActive
0088fb80	SetBettingAmount
008915e0	SetBoastAsCompleted
008915b0	SetBoastAsFailed
0088fc20	SetBoastingEnabled
00896000	SetBuyableHouseAsScripted
008a96c0	SetCategoryActivity
0088fae0	SetCheapHeadLooking
008a54e0	SetCombatNearbyBreakOffRange
008a5220	SetCombatNearbyEnemyFleeingBreakOffRange
0088fba0	SetCountBetMoneyDown
00894b90	SetCreatureBrain
006e7d30	SetCreatureCreationDelayFrames
0089ed20	SetCreatureGeneratorEnabled
0088f400	SetCreatureGeneratorsCreatureGroupAsEnabled
00892cf0	SetCreatureGeneratorsEnabled
00892d70	SetCreatureGeneratorsEnabledDuringScript
0088fd90	SetCreatureNotReload
008922c0	SetCutsceneActionMode
0089d600	SetCutsceneMode
00892280	SetCutsceneSkippable
008922a0	SetCutsceneSkippableWhilePaused
00894ec0	SetDeadCreaturesAndExperienceOrbsAndDropBagsAsHidden
00896f60	SetDeathRecoveryMarkerName
0088e0f0	SetDebugCameraType
0089f2a0	SetDiggingSpotAsHidden
008a6b10	SetDisableHeadLooking
00895e70	SetDoorTriggerType
0088f670	SetEntityAsFollowingHeroThroughTeleporters
008a0b10	SetEntityAsRegionFollowing
00890b90	SetEnvironmentalEffectsAlwaysUpdate
00890010	SetEnvironmentThemeWeightAllChannels
00890040	SetEnvironmentThemeWeightAllInternals
00890090	SetEnvironmentThemeWeightExternals
0088f460	SetExperienceSpendingAsEnabled
008a4480	SetFaceHeroForAction
00890870	SetFactionAsAlliedToFaction
00890910	SetFactionAsEnemyToFaction
008908c0	SetFactionAsNeutralToFaction
0089bcd0	SetFireToThing
008a4a00	SetFollowDistance
0088fbe0	SetGlobalTargetingDistanceOffset
008a9e90	SetGossip
008a2c10	SetGossipCounter
008aa350	SetGossipFactions
008aa0f0	SetGossipVillages
00898540	SetGuardsIgnoreCrimes
0088e200	SetGuildMasterMessages
0088f980	SetGuildSealRecallLocation
00899060	SetHeroAbleToGainExperience
008994e0	SetHeroAge
00899680	SetHeroAsApprentice
00897db0	SetHeroAsHavingHadGaySex
00897d50	SetHeroAsHavingHadSex
008995d0	SetHeroAsTeenager
0089b3f0	SetHeroAsWearing
0088ec60	SetHeroGuideToShowQuestCardsWhenSpokenTo
00898ec0	SetHeroHandLampAsLit
0088f440	SetHeroSleepingAsEnabled
00898410	SetHeroWeaponsAsUsable
00898340	SetHeroWillAsUsable
00899a90	SetHeroWillEnergyAsAbleToRefill
00899a10	SetHeroWillEnergyLevel
00895ed0	SetHouseOwnedByPlayer
00892050	SetHUDEnabled
008a2100	SetIgnoringPhrase
008a96f0	SetIsGossipForPlayer
008a6dd0	SetIsPushableByHero
0088fa50	SetIsThingEpicSpellable
0088f9f0	SetIsThingForcePushable
0088fa20	SetIsThingLightningable
008a1950	SetIsThingTurncoatable
008a5ff0	SetKillSelfAndStealableItemAfterReachingDestination
0089df10	SetLightColour
008a7090	SetLookForFiniteTime
008a2ec0	SetMaxGossipPhrase
008a3980	SetMaxHeroReactionDistance
0089ef30	SetMoralityChangingAsEnabled
00897cf0	SetNumberOfTimesHeroHasHadSex
008a18f0	SetOwnedByHero
00899e10	SetPlayerCreatureOnlyTarget
0088fa80	SetPlayerUsingMeleeDummies
0088faa0	SetPlayerUsingRangedDummies
0088fac0	SetPlayerUsingWillDummies
00896e60	SetPreferredQuickAccessItem
0088fb20	SetPrizeTavernTable
00892f80	SetQuestAsCompleted
00892fd0	SetQuestAsFailed
00893020	SetQuestAsPersistent
008914f0	SetQuestCardGoldReward
00896a30	SetQuestCardObjective
00891500	SetQuestCardRenownReward
00891940	SetQuestInfoName
00891a00	SetQuestInfoText
00891860	SetQuestWorldMapOffset
0088fb00	SetQuitTavernGame
008a0f70	SetReadableObjectText
008a0fd0	SetReadableObjectTextTag
008a5a70	SetRecoverStealableItems
0089ef00	SetRegionEntranceAsActive
0089eec0	SetRegionExitAsActive
0088f430	SetRegionTextDisplayAsActive
008a1cc0	SetResidency
0088f960	SetSaveGameMarkerPos
0088f940	SetSavingAsEnabled
008922d0	SetScreenMessagesEnabled
008a36d0	SetScriptingStateGroup
008a6840	SetSeatName
0088e0b0	SetSoundThemesAsEnabledForRegion
0088fbc0	SetSpotTheAdditionBeaten
008a57b0	SetStealStealableItems
0088f470	SetSummonerDeathExplosionAffectsHero
008a6570	SetTableName
008a5d30	SetTakeStealableItemToRandomDestination
008a7610	SetTargetingDistanceOffset
008a4730	SetTargetName
008a1890	SetTavernTableAvailableForUse
0089ee00	SetTeleporterAsActive
0088f410	SetTeleportingAsActive
008a1e50	SetThankingPhrase
008a99f0	SetThingAndCarriedItemsNotAffectedByScreenFilter
008a9610	SetThingAsConscious
0089a270	SetThingAsKilled
008967f0	SetThingAsUsable
0088e440	SetThingHasInformation
00892e30	SetThingHomeBuilding
0088e5a0	SetThingPersistent
0088fe80	SetTimeAsStopped
0088fdc0	SetTimeOfDay
006e76e0	SetTimer
008a4f70	SetTimeToSpendHarassingHero
0088e930	SetToDisplayTutorialsDuringCutscenes
00890b50	SetToKeepHeroAbilitiesDuringCutscenes
0088fc00	SetTradingPriceMult
00895130	SetTrapAsActive
00896790	SetTrophyAsMountable
008a1830	SetUseableByHero
0089fe20	SetVillageAttitude
00896060	SetVillageLimbo
008a23b0	SetWanderCentrePoint
008a2950	SetWanderMaxDistance
008a2690	SetWanderMinDistance
008a3170	SetWarningPhrase
00898b30	SetWeaponAsHerosActiveWeapon
008984e0	SetWeaponOutCrimeEnabled
00897090	SetWhetherToFailQuestOnDeath
008916a0	SheatheHeroWeapons
00892780	ShowOnScreenMessage
008a8010	SmashAllWindowsWithinRadiusOfPoint
0088f8d0	StartCountdownTimer
0089b110	StartMovieSequence
0088e950	StartProgressDisplay
0089b5b0	StartScriptingEntity
008a1300	StartSneaking
008912a0	StopOverrideMusic
0088e970	StopProgressDisplay
0088f660	StopSound
00898db0	TakeObjectFromHero
008a7a70	TeleportAllFollowersToHeroPosition
00891800	TellHeroQuestObjectiveCompleted
00891810	TellHeroQuestObjectiveFailed
00892070	TextEntryExists
006e7d20	TraceMessage
0088fee0	TransitionToTheme
0088ff30	TransitionToThemeAllInternals
0088ffb0	TransitionToThemeExternals
00896120	TryToRespawnDefNamed
0089f4a0	TurnCreatureInto
00897150	UnSetThingAndCarriedItemsNotAffectedByScreenFilter
008959b0	UpdateFishWeight
00891c80	UpdateMiniGameInfoBar
008a1040	UpdateOnlineScore_Archery
008a1140	UpdateOnlineScore_ChapelOrTemple
008a10c0	UpdateOnlineScore_ChickenKick
008a11c0	UpdateOnlineScore_FishingCompo
00891b80	UpdateQuestInfoBar
00891bd0	UpdateQuestInfoCounter
00891be0	UpdateQuestInfoCounterList
00891bf0	UpdateQuestInfoTick
00891bb0	UpdateQuestInfoTimer
008a1240	UpdateScore_FishingCompetition
006e72a0	Validate
006e7820	WaitForCameraMessage
