00c89cb0	FUN_00c89cb0
00c6ed70	FUN_00c6ed70
00c6fc80	FUN_00c6fc80
009f7dc0	FUN_009f7dc0
00c5cf20	FUN_00c5cf20
00431471	FUN_00431471
0045c4d2	FUN_0045c4d2
0045c8a1	FUN_0045c8a1
0045d901	FUN_0045d901
0045de2f	FUN_0045de2f
0045e2b1	FUN_0045e2b1
0045e797	FUN_0045e797
0045f13d	FUN_0045f13d
0046149e	FUN_0046149e
004615c3	FUN_004615c3
004622ec	FUN_004622ec
00462411	FUN_00462411
004630e7	FUN_004630e7
004e4d19	FUN_004e4d19
004e4eca	FUN_004e4eca
004e4fef	FUN_004e4fef
004e55cf	FUN_004e55cf
004e597b	FUN_004e597b
004e6210	FUN_004e6210
004e6623	FUN_004e6623
004e6748	FUN_004e6748
004e9ab1	FUN_004e9ab1
004ec31c	FUN_004ec31c
00c6e1f0	FUN_00c6e1f0
00c6e790	FUN_00c6e790
00c6e820	FUN_00c6e820
00c6ecd0	FUN_00c6ecd0
00c6f730	FUN_00c6f730
00c6fbb0	FUN_00c6fbb0
00c9ef70	FUN_00c9ef70
00cb26b0	FUN_00cb26b0
00569c50	FUN_00569c50
0057eff0	FUN_0057eff0
00681ba0	FUN_00681ba0
006e6990	FUN_006e6990
006f2870	FUN_006f2870
00701fc0	FUN_00701fc0
00711920	FUN_00711920
00743d40	FUN_00743d40
0080c020	FUN_0080c020
0081e0f0	FUN_0081e0f0
008298f0	FUN_008298f0
00868690	FUN_00868690
0086dd20	FUN_0086dd20
0086dd80	FUN_0086dd80
008f9ca0	FUN_008f9ca0
008fa9f0	FUN_008fa9f0
009f7250	FUN_009f7250
00c25f00	FUN_00c25f00
00c427d0	FUN_00c427d0
00c4de00	FUN_00c4de00
00c76560	FUN_00c76560
00ca26c0	FUN_00ca26c0
0042cde0	FUN_0042cde0
0043f560	FUN_0043f560
00451add	FUN_00451add
0045bcc1	FUN_0045bcc1
00464aab	FUN_00464aab
0046ed15	FUN_0046ed15
0046f06a	FUN_0046f06a
004f930a	FUN_004f930a
004f9934	FUN_004f9934
004f9a6e	FUN_004f9a6e
00566260	FUN_00566260
005662b0	FUN_005662b0
0059afab	FUN_0059afab
0059b1be	FUN_0059b1be
005b27d6	FUN_005b27d6
005ba3ac	FUN_005ba3ac
005baf06	FUN_005baf06
005f8c1f	FUN_005f8c1f
005f8c41	FUN_005f8c41
005f9495	FUN_005f9495
0060eeb0	FUN_0060eeb0
00658716	FUN_00658716
006622c0	FUN_006622c0
006ce570	FUN_006ce570
006d7430	FUN_006d7430
006fd1e0	FUN_006fd1e0
0070b1c0	FUN_0070b1c0
00711b80	FUN_00711b80
007e3610	FUN_007e3610
007fa450	FUN_007fa450
008295e0	FUN_008295e0
0082fb90	FUN_0082fb90
0083fb20	FUN_0083fb20
00870530	FUN_00870530
008ae5e0	FUN_008ae5e0
008ae660	FUN_008ae660
008ae810	FUN_008ae810
008fa120	FUN_008fa120
008fcf10	FUN_008fcf10
009ee910	FUN_009ee910
00a355f0	FUN_00a355f0
00a4fe60	FUN_00a4fe60
00a60c90	FUN_00a60c90
00a6efd0	FUN_00a6efd0
00a6f070	FUN_00a6f070
00a703c0	FUN_00a703c0
00a70540	FUN_00a70540
00a73240	FUN_00a73240
00a732b0	FUN_00a732b0
00a73530	FUN_00a73530
00a735a0	FUN_00a735a0
00a73600	FUN_00a73600
00a73910	FUN_00a73910
00a73a00	FUN_00a73a00
00a74840	FUN_00a74840
00a74a20	FUN_00a74a20
00a7d0e0	FUN_00a7d0e0
00a7d570	FUN_00a7d570
00a7d610	FUN_00a7d610
00a7e930	FUN_00a7e930
00a7ea30	FUN_00a7ea30
00a7ff40	FUN_00a7ff40
00a80860	FUN_00a80860
00a80c20	FUN_00a80c20
00a80ce0	FUN_00a80ce0
00a81590	FUN_00a81590
00a81890	FUN_00a81890
00a81a70	FUN_00a81a70
00a82480	FUN_00a82480
00a82ac0	FUN_00a82ac0
00a83ab0	FUN_00a83ab0
00a83bc0	FUN_00a83bc0
00a83d20	FUN_00a83d20
00a847c0	FUN_00a847c0
00a848c0	FUN_00a848c0
00a84c20	FUN_00a84c20
00a85050	FUN_00a85050
00a85b90	FUN_00a85b90
00a85cc0	FUN_00a85cc0
00a90fc0	FUN_00a90fc0
00a91390	FUN_00a91390
00a96b30	FUN_00a96b30
00a96c20	FUN_00a96c20
00a96f00	FUN_00a96f00
00a97180	FUN_00a97180
00a97e40	FUN_00a97e40
00a97f70	FUN_00a97f70
00aafe50	FUN_00aafe50
00ab1f30	FUN_00ab1f30
00ab30a0	FUN_00ab30a0
00ab3b40	FUN_00ab3b40
00ab4260	FUN_00ab4260
00ab4540	FUN_00ab4540
00ac4110	FUN_00ac4110
00ac7a90	FUN_00ac7a90
00ac8840	FUN_00ac8840
00ac8c80	FUN_00ac8c80
00ac92c0	FUN_00ac92c0
00ad07f0	FUN_00ad07f0
00ad1800	FUN_00ad1800
00ad1850	FUN_00ad1850
00ad1e80	FUN_00ad1e80
00ad2580	FUN_00ad2580
00ad3d60	FUN_00ad3d60
00ad3e30	FUN_00ad3e30
00ad4480	FUN_00ad4480
00ad4720	FUN_00ad4720
00ad4ca0	FUN_00ad4ca0
00ad54f0	FUN_00ad54f0
00ad5f80	FUN_00ad5f80
00ad6140	FUN_00ad6140
00ad6f10	FUN_00ad6f10
00ad75f0	FUN_00ad75f0
00ad7e80	FUN_00ad7e80
00ad83d0	FUN_00ad83d0
00ad8ed0	FUN_00ad8ed0
00adaa30	FUN_00adaa30
00adb740	FUN_00adb740
00adc440	FUN_00adc440
00adc650	FUN_00adc650
00adca30	FUN_00adca30
00adf460	FUN_00adf460
00adf610	FUN_00adf610
00ae18c0	FUN_00ae18c0
00ae3920	FUN_00ae3920
00ae61e0	FUN_00ae61e0
00ae6a20	FUN_00ae6a20
00ae7be0	FUN_00ae7be0
00ae7ef0	FUN_00ae7ef0
00ae9a40	FUN_00ae9a40
00aea440	FUN_00aea440
00aea530	FUN_00aea530
00aea780	FUN_00aea780
00af2e70	FUN_00af2e70
00af39c0	FUN_00af39c0
00af3aa0	FUN_00af3aa0
00af4900	FUN_00af4900
00af7460	FUN_00af7460
00af78d0	FUN_00af78d0
00afe4b0	FUN_00afe4b0
00afe7c0	FUN_00afe7c0
00b081a0	FUN_00b081a0
00b202d0	FUN_00b202d0
00b2e130	FUN_00b2e130
00b2e5e0	FUN_00b2e5e0
00b2f130	FUN_00b2f130
00b389d0	FUN_00b389d0
00b38bb0	FUN_00b38bb0
00b49df0	FUN_00b49df0
00b4a6c0	FUN_00b4a6c0
00b52090	FUN_00b52090
00b6c840	FUN_00b6c840
00b7ffc0	FUN_00b7ffc0
00b80400	FUN_00b80400
00b83520	FUN_00b83520
00b83970	FUN_00b83970
00b85240	FUN_00b85240
00b85280	FUN_00b85280
00b85660	FUN_00b85660
00b858d0	FUN_00b858d0
00b86140	FUN_00b86140
00b86260	FUN_00b86260
00b862c0	FUN_00b862c0
00b93290	FUN_00b93290
00b94a80	FUN_00b94a80
00b95570	FUN_00b95570
00b95b20	FUN_00b95b20
00b95b70	FUN_00b95b70
00b96020	FUN_00b96020
00b96070	FUN_00b96070
00b960c0	FUN_00b960c0
00b96e40	FUN_00b96e40
00b96fe0	FUN_00b96fe0
00b97250	FUN_00b97250
00b984a0	FUN_00b984a0
00b99860	FUN_00b99860
00baa460	FUN_00baa460
00bac720	FUN_00bac720
00bac800	FUN_00bac800
00bb9fd0	FUN_00bb9fd0
00bbd7b0	FUN_00bbd7b0
00bbd950	FUN_00bbd950
00bc5e90	FUN_00bc5e90
00bcbf20	FUN_00bcbf20
00bcc080	FUN_00bcc080
00bd7df0	FUN_00bd7df0
00bd7e30	FUN_00bd7e30
00bd8c00	FUN_00bd8c00
00bd8d00	FUN_00bd8d00
00bda110	FUN_00bda110
00bdb670	FUN_00bdb670
00bdfc00	FUN_00bdfc00
00bdfe70	FUN_00bdfe70
00be0930	FUN_00be0930
00be0b20	FUN_00be0b20
00beb660	FUN_00beb660
00bed790	FUN_00bed790
00bee320	FUN_00bee320
00bee660	FUN_00bee660
00beecd0	FUN_00beecd0
00beef90	FUN_00beef90
00bef1d0	FUN_00bef1d0
00bef640	FUN_00bef640
00bef830	FUN_00bef830
00befa20	FUN_00befa20
00bf5db0	FUN_00bf5db0
00c08940	FUN_00c08940
00c0ae70	FUN_00c0ae70
00c0af20	FUN_00c0af20
00c0b130	FUN_00c0b130
00c0bc20	FUN_00c0bc20
00c0c060	FUN_00c0c060
00c0c270	FUN_00c0c270
00c0c970	FUN_00c0c970
00c0edf0	FUN_00c0edf0
00c14080	FUN_00c14080
00c14270	FUN_00c14270
00c14560	FUN_00c14560
00c14630	FUN_00c14630
00c16ce0	FUN_00c16ce0
00c16e10	FUN_00c16e10
00c17740	FUN_00c17740
00c18d50	FUN_00c18d50
00c18d90	FUN_00c18d90
00c18df0	FUN_00c18df0
00c1b340	FUN_00c1b340
00c1b7d0	FUN_00c1b7d0
00c1b9c0	FUN_00c1b9c0
00c1ba40	FUN_00c1ba40
00c1c280	FUN_00c1c280
00c1d500	FUN_00c1d500
00c1d820	FUN_00c1d820
00c1da30	FUN_00c1da30
00c1e990	FUN_00c1e990
00c1eb30	FUN_00c1eb30
00c1ec70	FUN_00c1ec70
00c1eee0	FUN_00c1eee0
00c1efc0	FUN_00c1efc0
00c207a0	FUN_00c207a0
00c207c0	FUN_00c207c0
00c20850	FUN_00c20850
00c20920	FUN_00c20920
00c20950	FUN_00c20950
00c20b00	FUN_00c20b00
00c20cb0	FUN_00c20cb0
00c20df0	FUN_00c20df0
00c21040	FUN_00c21040
00c213c0	FUN_00c213c0
00c25ce0	FUN_00c25ce0
00c25d50	FUN_00c25d50
00c25e20	FUN_00c25e20
00c25e50	FUN_00c25e50
00c262e0	FUN_00c262e0
00c27bf0	FUN_00c27bf0
00c27f80	FUN_00c27f80
00c28290	FUN_00c28290
00c28580	FUN_00c28580
00c2a270	FUN_00c2a270
00c2a390	FUN_00c2a390
00c2d160	FUN_00c2d160
00c2da20	FUN_00c2da20
00c2e7a0	FUN_00c2e7a0
00c2ecd0	FUN_00c2ecd0
00c30f60	FUN_00c30f60
00c31a70	FUN_00c31a70
00c32950	FUN_00c32950
00c34630	FUN_00c34630
00c347b0	FUN_00c347b0
00c34d40	FUN_00c34d40
00c355e0	FUN_00c355e0
00c35ec0	FUN_00c35ec0
00c36290	FUN_00c36290
00c36590	FUN_00c36590
00c37130	FUN_00c37130
00c377f0	FUN_00c377f0
00c37930	FUN_00c37930
00c37ad0	FUN_00c37ad0
00c37b90	FUN_00c37b90
00c37da0	FUN_00c37da0
00c38510	FUN_00c38510
00c38a40	FUN_00c38a40
00c38d60	FUN_00c38d60
00c3b7a0	FUN_00c3b7a0
00c3b850	FUN_00c3b850
00c3b970	FUN_00c3b970
00c3bb50	FUN_00c3bb50
00c3c750	FUN_00c3c750
00c3cde0	FUN_00c3cde0
00c3d660	FUN_00c3d660
00c3d6a0	FUN_00c3d6a0
00c3e760	FUN_00c3e760
00c3ec80	FUN_00c3ec80
00c3f110	FUN_00c3f110
00c42dd0	FUN_00c42dd0
00c43570	FUN_00c43570
00c43980	FUN_00c43980
00c43a10	FUN_00c43a10
00c43b30	FUN_00c43b30
00c43d30	FUN_00c43d30
00c43e20	FUN_00c43e20
00c44320	FUN_00c44320
00c458d0	FUN_00c458d0
00c466c0	FUN_00c466c0
00c48aa0	FUN_00c48aa0
00c49ff0	FUN_00c49ff0
00c4aa40	FUN_00c4aa40
00c4b300	FUN_00c4b300
00c4b890	FUN_00c4b890
00c4c370	FUN_00c4c370
00c4c440	FUN_00c4c440
00c4c8b0	FUN_00c4c8b0
00c4d240	FUN_00c4d240
00c4d520	FUN_00c4d520
00c4d5f0	FUN_00c4d5f0
00c4d910	FUN_00c4d910
00c4d9b0	FUN_00c4d9b0
00c53440	FUN_00c53440
00c534a0	FUN_00c534a0
00c53500	FUN_00c53500
00c53560	FUN_00c53560
00c535c0	FUN_00c535c0
00c53650	FUN_00c53650
00c536b0	FUN_00c536b0
00c53740	FUN_00c53740
00c537a0	FUN_00c537a0
00c53800	FUN_00c53800
00c53860	FUN_00c53860
00c538c0	FUN_00c538c0
00c53920	FUN_00c53920
00c53980	FUN_00c53980
00c539e0	FUN_00c539e0
00c53a40	FUN_00c53a40
00c53b60	FUN_00c53b60
00c547d0	FUN_00c547d0
00c55da0	FUN_00c55da0
00c56370	FUN_00c56370
00c56420	FUN_00c56420
00c57140	FUN_00c57140
00c57550	FUN_00c57550
00c592f0	FUN_00c592f0
00c59960	FUN_00c59960
00c59c60	FUN_00c59c60
00c59d40	FUN_00c59d40
00c5a500	FUN_00c5a500
00c5af50	FUN_00c5af50
00c5b300	FUN_00c5b300
00c5bd00	FUN_00c5bd00
00c5c980	FUN_00c5c980
00c5f000	FUN_00c5f000
00c5ff60	FUN_00c5ff60
00c62fb0	FUN_00c62fb0
00c63f90	FUN_00c63f90
00c64020	FUN_00c64020
00c640b0	FUN_00c640b0
00c64140	FUN_00c64140
00c641d0	FUN_00c641d0
00c64260	FUN_00c64260
00c642f0	FUN_00c642f0
00c64380	FUN_00c64380
00c64420	FUN_00c64420
00c645d0	FUN_00c645d0
00c64630	FUN_00c64630
00c646e0	FUN_00c646e0
00c649c0	FUN_00c649c0
00c64a00	FUN_00c64a00
00c64ac0	FUN_00c64ac0
00c64f70	FUN_00c64f70
00c67430	FUN_00c67430
00c674b0	FUN_00c674b0
00c67720	FUN_00c67720
00c67f60	FUN_00c67f60
00c68510	FUN_00c68510
00c68a50	FUN_00c68a50
00c68f90	FUN_00c68f90
00c6a460	FUN_00c6a460
00c6aa10	FUN_00c6aa10
00c6aae0	FUN_00c6aae0
00c6aef0	FUN_00c6aef0
00c6b9d0	FUN_00c6b9d0
00c6bbd0	FUN_00c6bbd0
00c6c000	FUN_00c6c000
00c6c530	FUN_00c6c530
00c6cf40	FUN_00c6cf40
00c6e760	FUN_00c6e760
00c6ebe0	FUN_00c6ebe0
00c70240	FUN_00c70240
00c702e0	FUN_00c702e0
00c70390	FUN_00c70390
00c70c10	FUN_00c70c10
00c70cb0	FUN_00c70cb0
00c70d60	FUN_00c70d60
00c716c0	FUN_00c716c0
00c71f10	FUN_00c71f10
00c72130	FUN_00c72130
00c72c40	FUN_00c72c40
00c72e00	FUN_00c72e00
00c737d0	FUN_00c737d0
00c756c0	FUN_00c756c0
00c763e0	FUN_00c763e0
00c77c80	FUN_00c77c80
00c780c0	FUN_00c780c0
00c783f0	FUN_00c783f0
00c79440	FUN_00c79440
00c79fd0	FUN_00c79fd0
00c7ab20	FUN_00c7ab20
00c7e420	FUN_00c7e420
00c812f0	FUN_00c812f0
00c843f0	FUN_00c843f0
00c891a0	FUN_00c891a0
00c89750	FUN_00c89750
00c89aa0	FUN_00c89aa0
00c8ab70	FUN_00c8ab70
00c8b490	FUN_00c8b490
00c8bb20	FUN_00c8bb20
00c8cf60	FUN_00c8cf60
00c8d470	FUN_00c8d470
00c8d9d0	FUN_00c8d9d0
00c8dd30	FUN_00c8dd30
00c8f1b0	FUN_00c8f1b0
00c8f200	FUN_00c8f200
00c8f650	FUN_00c8f650
00c8ff30	FUN_00c8ff30
00c90d60	FUN_00c90d60
00c918c0	FUN_00c918c0
00c91a40	FUN_00c91a40
00c92640	FUN_00c92640
00c931d0	FUN_00c931d0
00c94f90	FUN_00c94f90
00c94fd0	FUN_00c94fd0
00c951b0	FUN_00c951b0
00c95370	FUN_00c95370
00c969d0	FUN_00c969d0
00c9bc50	FUN_00c9bc50
00c9beb0	FUN_00c9beb0
00c9c870	FUN_00c9c870
00c9cb80	FUN_00c9cb80
00ca0ba0	FUN_00ca0ba0
00ca0df0	FUN_00ca0df0
00ca20a0	FUN_00ca20a0
00ca2b00	FUN_00ca2b00
00ca3a40	FUN_00ca3a40
00ca3b80	FUN_00ca3b80
00ca3e50	FUN_00ca3e50
00ca3f60	FUN_00ca3f60
00ca47d0	FUN_00ca47d0
00ca4cc0	FUN_00ca4cc0
00ca5f50	FUN_00ca5f50
00ca6370	FUN_00ca6370
00ca7ce0	FUN_00ca7ce0
00ca7dc0	FUN_00ca7dc0
00caa3c0	FUN_00caa3c0
00caa4a0	FUN_00caa4a0
00cab870	FUN_00cab870
00cabe00	FUN_00cabe00
00cac070	FUN_00cac070
00cae170	FUN_00cae170
00cb13f0	FUN_00cb13f0
00cb37a0	FUN_00cb37a0
00cb5b90	FUN_00cb5b90
00cb6420	FUN_00cb6420
00cb7210	FUN_00cb7210
00cb7310	FUN_00cb7310
00cb7ee0	FUN_00cb7ee0
00cb8960	FUN_00cb8960
00cb92c0	FUN_00cb92c0
00cba840	FUN_00cba840
00cba9b0	FUN_00cba9b0
00cbc130	FUN_00cbc130
00cbc850	FUN_00cbc850
00cbca50	FUN_00cbca50
00cbcf20	FUN_00cbcf20
00cbcf70	FUN_00cbcf70
00cbd310	FUN_00cbd310
00cbd700	FUN_00cbd700
00cbdad0	FUN_00cbdad0
00cd2919	FUN_00cd2919
00cd29f0	FUN_00cd29f0
00cd2ecb	FUN_00cd2ecb
00cd300b	FUN_00cd300b
00cd36df	FUN_00cd36df
00cd3867	FUN_00cd3867
00cd3a16	FUN_00cd3a16
00cd3a79	FUN_00cd3a79
00cd3e7b	FUN_00cd3e7b
00cdbdc0	FUN_00cdbdc0
00d34d40	FUN_00d34d40
00d34fd0	FUN_00d34fd0
00da01e0	FUN_00da01e0
00da0d90	FUN_00da0d90
00e54aa0	FUN_00e54aa0
00e5e240	FUN_00e5e240
00e5fc70	FUN_00e5fc70
00f0d490	FUN_00f0d490
00f25980	FUN_00f25980
00f25d20	FUN_00f25d20
00f26b30	FUN_00f26b30
00f26c30	FUN_00f26c30
00f27da0	FUN_00f27da0
00f27e00	FUN_00f27e00
00f37570	FUN_00f37570
00f38440	FUN_00f38440
00f3b7d0	FUN_00f3b7d0
00f3e6b0	FUN_00f3e6b0
00f3f820	FUN_00f3f820
00f3f960	FUN_00f3f960
00404690	FUN_00404690
00409090	FUN_00409090
0040bb30	FUN_0040bb30
0040cec0	FUN_0040cec0
0040f390	FUN_0040f390
0040f4a0	FUN_0040f4a0
0040f6b0	FUN_0040f6b0
0040fbf0	FUN_0040fbf0
00410460	FUN_00410460
00410d80	FUN_00410d80
00410ed0	FUN_00410ed0
00411630	FUN_00411630
004117c0	FUN_004117c0
00411db0	FUN_00411db0
00411f10	FUN_00411f10
004121d0	FUN_004121d0
004124c0	FUN_004124c0
004127e0	FUN_004127e0
00413120	FUN_00413120
0041641f	FUN_0041641f
00417a58	FUN_00417a58
00418c3b	FUN_00418c3b
00429ab9	FUN_00429ab9
00429fbe	FUN_00429fbe
0042a008	FUN_0042a008
0042a879	FUN_0042a879
0042aadc	FUN_0042aadc
0042ac52	FUN_0042ac52
0042ac9f	FUN_0042ac9f
0042ad10	FUN_0042ad10
0042ad6c	FUN_0042ad6c
0042adb6	FUN_0042adb6
0042ae0e	FUN_0042ae0e
0042ae58	FUN_0042ae58
0042aeb5	FUN_0042aeb5
0042b52b	FUN_0042b52b
0042b72b	FUN_0042b72b
0042b76c	FUN_0042b76c
0042b7ee	FUN_0042b7ee
0042b854	FUN_0042b854
0042ba13	FUN_0042ba13
0042bb21	FUN_0042bb21
0042bc2f	FUN_0042bc2f
0042bd4a	FUN_0042bd4a
0042c082	FUN_0042c082
0042c1c1	FUN_0042c1c1
0042c300	FUN_0042c300
0042c940	FUN_0042c940
0042cc98	FUN_0042cc98
0042cf69	FUN_0042cf69
0042e17c	FUN_0042e17c
00431277	FUN_00431277
004317d0	FUN_004317d0
0043212b	FUN_0043212b
00432ff0	FUN_00432ff0
004350d0	FUN_004350d0
0043a2a0	FUN_0043a2a0
0043a570	FUN_0043a570
00440550	FUN_00440550
00440b40	FUN_00440b40
00440c00	FUN_00440c00
00442350	FUN_00442350
00446d10	FUN_00446d10
00448ab0	FUN_00448ab0
00448be0	FUN_00448be0
00448e90	FUN_00448e90
00449050	FUN_00449050
00449270	FUN_00449270
00449cb0	FUN_00449cb0
0044a2a0	FUN_0044a2a0
0044a3b0	FUN_0044a3b0
0044be80	FUN_0044be80
0045170f	FUN_0045170f
00451739	FUN_00451739
0045177a	FUN_0045177a
004517bb	FUN_004517bb
004517e5	FUN_004517e5
00451835	FUN_00451835
00451876	FUN_00451876
004518b7	FUN_004518b7
00451916	FUN_00451916
00451957	FUN_00451957
00451998	FUN_00451998
004519d9	FUN_004519d9
00451a1a	FUN_00451a1a
00451a5b	FUN_00451a5b
00451a9c	FUN_00451a9c
00451c3e	FUN_00451c3e
00453e6a	FUN_00453e6a
00453e84	FUN_00453e84
00453e9e	FUN_00453e9e
00453eb8	FUN_00453eb8
00454467	FUN_00454467
00454586	FUN_00454586
00454961	FUN_00454961
00456263	FUN_00456263
00456344	FUN_00456344
00458833	FUN_00458833
00459af3	FUN_00459af3
0045bbc5	FUN_0045bbc5
0045c19f	FUN_0045c19f
0045c3cf	FUN_0045c3cf
0045c64d	FUN_0045c64d
0045c8d3	FUN_0045c8d3
0045cc79	FUN_0045cc79
0045cfde	FUN_0045cfde
0045d183	FUN_0045d183
0045d7fe	FUN_0045d7fe
0045da9a	FUN_0045da9a
0045dbf2	FUN_0045dbf2
0045dc78	FUN_0045dc78
0045deba	FUN_0045deba
0045e074	FUN_0045e074
0045e0fa	FUN_0045e0fa
0045e1ae	FUN_0045e1ae
0045e33f	FUN_0045e33f
0045e42e	FUN_0045e42e
0045e4b4	FUN_0045e4b4
0045e694	FUN_0045e694
0045e808	FUN_0045e808
0045ed88	FUN_0045ed88
0045ee0e	FUN_0045ee0e
0045f03a	FUN_0045f03a
0045f477	FUN_0045f477
0045f4fd	FUN_0045f4fd
00460aca	FUN_00460aca
00460c41	FUN_00460c41
00460d22	FUN_00460d22
00460d75	FUN_00460d75
00460e66	FUN_00460e66
00460eb5	FUN_00460eb5
00460fc6	FUN_00460fc6
00461017	FUN_00461017
00461136	FUN_00461136
004611f5	FUN_004611f5
004612d6	FUN_004612d6
0046139b	FUN_0046139b
00461695	FUN_00461695
00461786	FUN_00461786
0046180c	FUN_0046180c
004618c9	FUN_004618c9
00461a40	FUN_00461a40
00461da1	FUN_00461da1
00461e70	FUN_00461e70
004624c6	FUN_004624c6
004625a3	FUN_004625a3
00462b4e	FUN_00462b4e
00462c5f	FUN_00462c5f
00462dc1	FUN_00462dc1
00462fe4	FUN_00462fe4
00463169	FUN_00463169
00463258	FUN_00463258
00463871	FUN_00463871
004638c8	FUN_004638c8
00463901	FUN_00463901
00463cdb	FUN_00463cdb
00463eb4	FUN_00463eb4
004640d1	FUN_004640d1
00464100	FUN_00464100
00464226	FUN_00464226
004645e0	FUN_004645e0
00464733	FUN_00464733
004647b9	FUN_004647b9
00464b9a	FUN_00464b9a
0046594c	FUN_0046594c
00465a72	FUN_00465a72
00465d36	FUN_00465d36
00465dbc	FUN_00465dbc
00465e44	FUN_00465e44
00466152	FUN_00466152
00466281	FUN_00466281
0046656f	FUN_0046656f
00466939	FUN_00466939
004669bf	FUN_004669bf
00466de5	FUN_00466de5
00466e1e	FUN_00466e1e
00466f74	FUN_00466f74
004672d6	FUN_004672d6
0046730f	FUN_0046730f
00467465	FUN_00467465
00468fe3	FUN_00468fe3
00469012	FUN_00469012
0046916b	FUN_0046916b
00469309	FUN_00469309
004695b3	FUN_004695b3
00469639	FUN_00469639
0046988f	FUN_0046988f
004698be	FUN_004698be
004699e4	FUN_004699e4
00469e3e	FUN_00469e3e
00469e74	FUN_00469e74
00469fc8	FUN_00469fc8
0046ad17	FUN_0046ad17
0046ad59	FUN_0046ad59
0046aecc	FUN_0046aecc
0046b182	FUN_0046b182
0046b1b8	FUN_0046b1b8
0046b30c	FUN_0046b30c
0046b6c1	FUN_0046b6c1
0046b6f6	FUN_0046b6f6
0046b83e	FUN_0046b83e
0046bba2	FUN_0046bba2
0046bbdb	FUN_0046bbdb
0046bd31	FUN_0046bd31
0046bfe0	FUN_0046bfe0
0046c022	FUN_0046c022
0046c18c	FUN_0046c18c
0046c46e	FUN_0046c46e
0046c4a4	FUN_0046c4a4
0046c5f8	FUN_0046c5f8
0046cbc2	FUN_0046cbc2
0046cbf1	FUN_0046cbf1
0046cd17	FUN_0046cd17
0046eb9e	FUN_0046eb9e
0046ebe4	FUN_0046ebe4
0046ef33	FUN_0046ef33
0046f020	FUN_0046f020
0046f4a4	FUN_0046f4a4
0046f565	FUN_0046f565
0046f781	FUN_0046f781
0046fa57	FUN_0046fa57
0046fb43	FUN_0046fb43
0046fbc9	FUN_0046fbc9
0046fe40	FUN_0046fe40
00470019	FUN_00470019
0047005b	FUN_0047005b
004701ce	FUN_004701ce
0047073f	FUN_0047073f
00470778	FUN_00470778
00470918	FUN_00470918
00470a66	FUN_00470a66
00470a9c	FUN_00470a9c
00470bf0	FUN_00470bf0
00470cf1	FUN_00470cf1
00470e08	FUN_00470e08
00470e6d	FUN_00470e6d
00470f32	FUN_00470f32
00470f5f	FUN_00470f5f
00470fa5	FUN_00470fa5
004710f0	FUN_004710f0
004711b3	FUN_004711b3
004712b2	FUN_004712b2
004713c5	FUN_004713c5
004713f2	FUN_004713f2
0047142b	FUN_0047142b
00471530	FUN_00471530
00471865	FUN_00471865
0047197a	FUN_0047197a
00471b73	FUN_00471b73
00471c40	FUN_00471c40
00471cc5	FUN_00471cc5
00471f13	FUN_00471f13
00471fd9	FUN_00471fd9
0047204b	FUN_0047204b
004721f1	FUN_004721f1
00472220	FUN_00472220
00472346	FUN_00472346
00472841	FUN_00472841
00472a05	FUN_00472a05
00472bdd	FUN_00472bdd
00472c2a	FUN_00472c2a
00472d79	FUN_00472d79
00472eda	FUN_00472eda
004734b7	FUN_004734b7
0047536c	FUN_0047536c
004753b1	FUN_004753b1
004753d4	FUN_004753d4
00475418	FUN_00475418
004754c6	FUN_004754c6
004759ad	FUN_004759ad
00475a51	FUN_00475a51
00475bf6	FUN_00475bf6
00475c3b	FUN_00475c3b
00475c5e	FUN_00475c5e
00475ca2	FUN_00475ca2
00475d07	FUN_00475d07
00475d50	FUN_00475d50
0047616e	FUN_0047616e
004761aa	FUN_004761aa
00476212	FUN_00476212
004763af	FUN_004763af
00476497	FUN_00476497
00476672	FUN_00476672
004766c2	FUN_004766c2
00476816	FUN_00476816
00476b17	FUN_00476b17
00476b67	FUN_00476b67
00476cbb	FUN_00476cbb
00476f9b	FUN_00476f9b
00476ff7	FUN_00476ff7
00477169	FUN_00477169
004772a7	FUN_004772a7
004774d6	FUN_004774d6
00477530	FUN_00477530
00477ab7	FUN_00477ab7
00477c18	FUN_00477c18
00477c6a	FUN_00477c6a
00477e36	FUN_00477e36
00477e8e	FUN_00477e8e
0047800e	FUN_0047800e
0047832d	FUN_0047832d
00478533	FUN_00478533
0047857d	FUN_0047857d
0047876b	FUN_0047876b
004787be	FUN_004787be
004788ca	FUN_004788ca
00478a1e	FUN_00478a1e
00478a6d	FUN_00478a6d
00478c2d	FUN_00478c2d
00478c79	FUN_00478c79
00478dd6	FUN_00478dd6
004795e0	FUN_004795e0
00479630	FUN_00479630
0047978d	FUN_0047978d
00479a0e	FUN_00479a0e
00479a5e	FUN_00479a5e
00479bb2	FUN_00479bb2
0047a03c	FUN_0047a03c
0047a08c	FUN_0047a08c
0047a1e9	FUN_0047a1e9
0047a452	FUN_0047a452
0047a4a2	FUN_0047a4a2
0047a5ff	FUN_0047a5ff
0047ae50	FUN_0047ae50
0047be50	FUN_0047be50
0047c8c0	FUN_0047c8c0
0047cb50	FUN_0047cb50
0047ccd0	FUN_0047ccd0
00485779	FUN_00485779
00485ac5	FUN_00485ac5
00485bf0	FUN_00485bf0
0048608c	FUN_0048608c
0048d5c0	FUN_0048d5c0
0048f939	FUN_0048f939
00490be0	FUN_00490be0
004937cb	FUN_004937cb
00493875	FUN_00493875
00493bc2	FUN_00493bc2
00493c7d	FUN_00493c7d
00493d16	FUN_00493d16
00493d30	FUN_00493d30
00493e2c	FUN_00493e2c
00493ff8	FUN_00493ff8
004940ac	FUN_004940ac
00494106	FUN_00494106
0049417d	FUN_0049417d
004941c0	FUN_004941c0
004941f2	FUN_004941f2
00495620	FUN_00495620
00496ee0	FUN_00496ee0
00497200	FUN_00497200
00497350	FUN_00497350
00497500	FUN_00497500
00497620	FUN_00497620
0049b0f0	FUN_0049b0f0
0049b180	FUN_0049b180
0049b1e0	FUN_0049b1e0
0049b5a0	FUN_0049b5a0
0049b6b0	FUN_0049b6b0
0049dec0	FUN_0049dec0
004a08d0	FUN_004a08d0
004a0940	FUN_004a0940
004a6ab0	FUN_004a6ab0
004aa0d0	FUN_004aa0d0
004aa220	FUN_004aa220
004ad3d0	FUN_004ad3d0
004adcb0	FUN_004adcb0
004ae200	FUN_004ae200
004b01b0	FUN_004b01b0
004b1670	FUN_004b1670
004b1720	FUN_004b1720
004b1960	FUN_004b1960
004b27f0	FUN_004b27f0
004b2850	FUN_004b2850
004b2ad0	FUN_004b2ad0
004b3810	FUN_004b3810
004b3860	FUN_004b3860
004b3ce0	FUN_004b3ce0
004b41f0	FUN_004b41f0
004b4590	FUN_004b4590
004b4770	FUN_004b4770
004b7550	FUN_004b7550
004b83e0	FUN_004b83e0
004b84a0	FUN_004b84a0
004ba080	FUN_004ba080
004ba550	FUN_004ba550
004ba640	FUN_004ba640
004bab30	FUN_004bab30
004bac90	FUN_004bac90
004bb2e0	FUN_004bb2e0
004bb810	FUN_004bb810
004bff60	FUN_004bff60
004c00e0	FUN_004c00e0
004c0430	FUN_004c0430
004c1d40	FUN_004c1d40
004c1ec0	FUN_004c1ec0
004c1f10	FUN_004c1f10
004c3760	FUN_004c3760
004c3860	FUN_004c3860
004c38f0	FUN_004c38f0
004c3ab0	FUN_004c3ab0
004c3b60	FUN_004c3b60
004c3f90	FUN_004c3f90
004c4080	FUN_004c4080
004c4430	FUN_004c4430
004c4a20	FUN_004c4a20
004c4c70	FUN_004c4c70
004c4d50	FUN_004c4d50
004c5220	FUN_004c5220
004c52d0	FUN_004c52d0
004c5480	FUN_004c5480
004c5890	FUN_004c5890
004c6080	FUN_004c6080
004c60f0	FUN_004c60f0
004c65d0	FUN_004c65d0
004c6810	FUN_004c6810
004c6900	FUN_004c6900
004c6b60	FUN_004c6b60
004c6bc0	FUN_004c6bc0
004c6e00	FUN_004c6e00
004c7cf0	FUN_004c7cf0
004c84b0	FUN_004c84b0
004cb5e0	FUN_004cb5e0
004cbbf0	FUN_004cbbf0
004cc090	FUN_004cc090
004cc0d0	FUN_004cc0d0
004cc690	FUN_004cc690
004cc740	FUN_004cc740
004cc820	FUN_004cc820
004cc9b0	FUN_004cc9b0
004ccc80	FUN_004ccc80
004cd0c0	FUN_004cd0c0
004cd370	FUN_004cd370
004cd9d0	FUN_004cd9d0
004d0170	FUN_004d0170
004d0220	FUN_004d0220
004d0330	FUN_004d0330
004d0740	FUN_004d0740
004d07a0	FUN_004d07a0
004d0830	FUN_004d0830
004d08a0	FUN_004d08a0
004d0980	FUN_004d0980
004d0bf0	FUN_004d0bf0
004d0c40	FUN_004d0c40
004d0c90	FUN_004d0c90
004d0e20	FUN_004d0e20
004d1360	FUN_004d1360
004d1b40	FUN_004d1b40
004d1bc0	FUN_004d1bc0
004d1c80	FUN_004d1c80
004d2880	FUN_004d2880
004dd0ee	FUN_004dd0ee
004dd12f	FUN_004dd12f
004dd170	FUN_004dd170
004dd19a	FUN_004dd19a
004dd1f2	FUN_004dd1f2
004dd233	FUN_004dd233
004dd25d	FUN_004dd25d
004dd287	FUN_004dd287
004dd2d7	FUN_004dd2d7
004dd301	FUN_004dd301
004dd342	FUN_004dd342
004dd383	FUN_004dd383
004dd3c4	FUN_004dd3c4
004dd405	FUN_004dd405
004dd446	FUN_004dd446
004dd487	FUN_004dd487
004dd4b1	FUN_004dd4b1
004dd501	FUN_004dd501
004dd542	FUN_004dd542
004dd583	FUN_004dd583
004dd5c4	FUN_004dd5c4
004dfcea	FUN_004dfcea
004e1b5d	FUN_004e1b5d
004e1c8a	FUN_004e1c8a
004e1d68	FUN_004e1d68
004e201f	FUN_004e201f
004e20ee	FUN_004e20ee
004e2589	FUN_004e2589
004e29ba	FUN_004e29ba
004e2aab	FUN_004e2aab
004e3526	FUN_004e3526
004e4326	FUN_004e4326
004e4aeb	FUN_004e4aeb
004e4c16	FUN_004e4c16
004e4dc7	FUN_004e4dc7
004e507f	FUN_004e507f
004e5170	FUN_004e5170
004e51f6	FUN_004e51f6
004e52b3	FUN_004e52b3
004e54cc	FUN_004e54cc
004e5636	FUN_004e5636
004e5878	FUN_004e5878
004e59e1	FUN_004e59e1
004e5a39	FUN_004e5a39
004e5b21	FUN_004e5b21
004e5ba7	FUN_004e5ba7
004e5f70	FUN_004e5f70
004e6088	FUN_004e6088
004e610d	FUN_004e610d
004e628d	FUN_004e628d
004e6520	FUN_004e6520
004e6645	FUN_004e6645
004e67c0	FUN_004e67c0
004e6918	FUN_004e6918
004e699e	FUN_004e699e
004e6a5b	FUN_004e6a5b
004e6bb3	FUN_004e6bb3
004e6c39	FUN_004e6c39
004e6f74	FUN_004e6f74
004e70cf	FUN_004e70cf
004e7279	FUN_004e7279
004e72c8	FUN_004e72c8
004e741d	FUN_004e741d
004e7822	FUN_004e7822
004e788a	FUN_004e788a
004e7a62	FUN_004e7a62
004e7bb5	FUN_004e7bb5
004e7c3b	FUN_004e7c3b
004e8743	FUN_004e8743
004e8772	FUN_004e8772
004e8898	FUN_004e8898
004e8ac5	FUN_004e8ac5
004e8af4	FUN_004e8af4
004e910f	FUN_004e910f
004e9213	FUN_004e9213
004e9299	FUN_004e9299
004e9356	FUN_004e9356
004e94c8	FUN_004e94c8
004e9550	FUN_004e9550
004e9c63	FUN_004e9c63
004e9f87	FUN_004e9f87
004e9fbc	FUN_004e9fbc
004ea104	FUN_004ea104
004ea21e	FUN_004ea21e
004ea40b	FUN_004ea40b
004ea446	FUN_004ea446
004ea5a1	FUN_004ea5a1
004eaad0	FUN_004eaad0
004eacbb	FUN_004eacbb
004eae1e	FUN_004eae1e
004eafe8	FUN_004eafe8
004eb45f	FUN_004eb45f
004eb494	FUN_004eb494
004eb5dc	FUN_004eb5dc
004eb6e7	FUN_004eb6e7
004eb90c	FUN_004eb90c
004eb9a6	FUN_004eb9a6
004ebca9	FUN_004ebca9
004ebe62	FUN_004ebe62
004ebedb	FUN_004ebedb
004ebf32	FUN_004ebf32
004ec10f	FUN_004ec10f
004ec33e	FUN_004ec33e
004ec4f2	FUN_004ec4f2
004ec62f	FUN_004ec62f
004ec717	FUN_004ec717
004ec79d	FUN_004ec79d
004ec85a	FUN_004ec85a
004ec9d3	FUN_004ec9d3
004eca59	FUN_004eca59
004ece60	FUN_004ece60
004ecee6	FUN_004ecee6
004ed0c6	FUN_004ed0c6
004ed161	FUN_004ed161
004ed353	FUN_004ed353
004edab7	FUN_004edab7
004edaf3	FUN_004edaf3
004edb3e	FUN_004edb3e
004edcc2	FUN_004edcc2
004edd13	FUN_004edd13
004edf8c	FUN_004edf8c
004edfdc	FUN_004edfdc
004ee137	FUN_004ee137
004ee23f	FUN_004ee23f
004f932c	FUN_004f932c
004f9484	FUN_004f9484
004f95e9	FUN_004f95e9
004f9660	FUN_004f9660
004f9831	FUN_004f9831
004f9d7b	FUN_004f9d7b
004f9db7	FUN_004f9db7
004f9df8	FUN_004f9df8
004f9f62	FUN_004f9f62
004f9fa3	FUN_004f9fa3
004fa1f0	FUN_004fa1f0
004fa277	FUN_004fa277
004fa3e3	FUN_004fa3e3
004fa434	FUN_004fa434
004fe5b0	FUN_004fe5b0
004fe630	FUN_004fe630
00501150	FUN_00501150
00507650	FUN_00507650
005079c0	FUN_005079c0
0050dee0	FUN_0050dee0
0050df80	FUN_0050df80
0050e190	FUN_0050e190
00512120	FUN_00512120
00512870	FUN_00512870
005128b0	FUN_005128b0
005131d0	FUN_005131d0
00513210	FUN_00513210
005136b0	FUN_005136b0
00513d90	FUN_00513d90
00513e20	FUN_00513e20
00514050	FUN_00514050
00514350	FUN_00514350
00514730	FUN_00514730
00514790	FUN_00514790
005148d0	FUN_005148d0
00514b50	FUN_00514b50
00514f40	FUN_00514f40
00515020	FUN_00515020
005151d0	FUN_005151d0
005154c0	FUN_005154c0
00515ad0	FUN_00515ad0
00515c20	FUN_00515c20
00515e90	FUN_00515e90
00516010	FUN_00516010
00516af0	FUN_00516af0
00517130	FUN_00517130
00517370	FUN_00517370
00517480	FUN_00517480
005176d0	FUN_005176d0
00517850	FUN_00517850
005179c0	FUN_005179c0
00517cb0	FUN_00517cb0
00517ef0	FUN_00517ef0
00518040	FUN_00518040
00518c90	FUN_00518c90
00518d80	FUN_00518d80
00518e80	FUN_00518e80
00519510	FUN_00519510
005196e0	FUN_005196e0
00519800	FUN_00519800
00519a50	FUN_00519a50
00519cd0	FUN_00519cd0
0051a2f0	FUN_0051a2f0
0051a5a0	FUN_0051a5a0
0051a6d0	FUN_0051a6d0
0051acf0	FUN_0051acf0
0051af80	FUN_0051af80
0051b0a0	FUN_0051b0a0
0051b1e0	FUN_0051b1e0
0051b940	FUN_0051b940
0051c110	FUN_0051c110
0051c1f0	FUN_0051c1f0
0051c2f0	FUN_0051c2f0
0051c400	FUN_0051c400
0051c470	FUN_0051c470
0051c890	FUN_0051c890
0051c920	FUN_0051c920
0051d240	FUN_0051d240
0051d400	FUN_0051d400
0051d630	FUN_0051d630
0051f0e0	FUN_0051f0e0
00520670	FUN_00520670
00521620	FUN_00521620
00523540	FUN_00523540
00523790	FUN_00523790
00523910	FUN_00523910
00523b40	FUN_00523b40
00524290	FUN_00524290
00524ec0	FUN_00524ec0
00527b10	FUN_00527b10
00527b60	FUN_00527b60
00527d20	FUN_00527d20
00527e60	FUN_00527e60
00528040	FUN_00528040
00528090	FUN_00528090
00528610	FUN_00528610
00528650	FUN_00528650
005289c0	FUN_005289c0
00528ef0	FUN_00528ef0
00529f50	FUN_00529f50
0052a010	FUN_0052a010
0052a200	FUN_0052a200
0052a2d0	FUN_0052a2d0
0052a960	FUN_0052a960
0052afb0	FUN_0052afb0
0052b100	FUN_0052b100
0052b150	FUN_0052b150
0052b3d0	FUN_0052b3d0
0052b9d0	FUN_0052b9d0
0052c150	FUN_0052c150
0052d6b0	FUN_0052d6b0
0052dd10	FUN_0052dd10
0052df20	FUN_0052df20
0052e050	FUN_0052e050
0052e1e0	FUN_0052e1e0
0052e230	FUN_0052e230
00530a40	FUN_00530a40
00530b00	FUN_00530b00
00530ce0	FUN_00530ce0
00530da0	FUN_00530da0
00531ec0	FUN_00531ec0
00534d30	FUN_00534d30
00534da0	FUN_00534da0
00535240	FUN_00535240
00535800	FUN_00535800
00535e5a	FUN_00535e5a
0053c879	FUN_0053c879
0053c97c	FUN_0053c97c
0053c9f1	FUN_0053c9f1
0053cb20	FUN_0053cb20
0053cd05	FUN_0053cd05
0053cd69	FUN_0053cd69
0053da30	FUN_0053da30
005418c0	FUN_005418c0
00543b70	FUN_00543b70
00547790	FUN_00547790
005479a0	FUN_005479a0
00549b20	FUN_00549b20
0054b4b0	FUN_0054b4b0
0054df50	FUN_0054df50
00553340	FUN_00553340
00553c50	FUN_00553c50
005545d0	FUN_005545d0
005550d0	FUN_005550d0
00555eb0	FUN_00555eb0
00556a40	FUN_00556a40
005577a0	FUN_005577a0
00558170	FUN_00558170
00558e10	FUN_00558e10
00559230	FUN_00559230
00559520	FUN_00559520
00559700	FUN_00559700
00559a10	FUN_00559a10
0055a890	FUN_0055a890
0055b040	FUN_0055b040
0055c400	FUN_0055c400
0055c4c0	FUN_0055c4c0
0055dc00	FUN_0055dc00
0055f090	FUN_0055f090
0055f140	FUN_0055f140
00560920	FUN_00560920
00560d00	FUN_00560d00
00562ec0	FUN_00562ec0
00566f00	FUN_00566f00
00566f50	FUN_00566f50
00566fe0	FUN_00566fe0
005671c0	FUN_005671c0
00567790	FUN_00567790
00567fc0	FUN_00567fc0
00568230	FUN_00568230
005686c0	FUN_005686c0
00568ad0	FUN_00568ad0
00568d40	FUN_00568d40
00568f10	FUN_00568f10
00568fc0	FUN_00568fc0
00569450	FUN_00569450
00569550	FUN_00569550
005698a0	FUN_005698a0
005699e0	FUN_005699e0
00569a40	FUN_00569a40
0056a370	FUN_0056a370
0056ad40	FUN_0056ad40
0056cc50	FUN_0056cc50
0056ccc0	FUN_0056ccc0
0056cd10	FUN_0056cd10
0056d130	FUN_0056d130
0056d770	FUN_0056d770
0056d7b0	FUN_0056d7b0
0056d850	FUN_0056d850
0056d930	FUN_0056d930
0056d9f0	FUN_0056d9f0
0056e020	FUN_0056e020
0056e4a0	FUN_0056e4a0
0056e4e0	FUN_0056e4e0
0057846f	FUN_0057846f
005792bf	FUN_005792bf
00579300	FUN_00579300
00579599	FUN_00579599
005795ec	FUN_005795ec
0057962d	FUN_0057962d
00579657	FUN_00579657
00579681	FUN_00579681
005796d1	FUN_005796d1
005796fe	FUN_005796fe
005798a3	FUN_005798a3
00579a4b	FUN_00579a4b
00579b3c	FUN_00579b3c
00579d18	FUN_00579d18
00579d55	FUN_00579d55
00579fd8	FUN_00579fd8
0057a060	FUN_0057a060
0057a124	FUN_0057a124
0057a1aa	FUN_0057a1aa
0057a57a	FUN_0057a57a
0057f525	FUN_0057f525
0057f78f	FUN_0057f78f
0057fda2	FUN_0057fda2
0057fe01	FUN_0057fe01
0057fe4a	FUN_0057fe4a
0057fe82	FUN_0057fe82
0057feb1	FUN_0057feb1
0057fed6	FUN_0057fed6
00580500	FUN_00580500
005805c9	FUN_005805c9
005805e3	FUN_005805e3
005806df	FUN_005806df
005807fa	FUN_005807fa
005808a0	FUN_005808a0
00580928	FUN_00580928
00580a7b	FUN_00580a7b
00580b59	FUN_00580b59
005810da	FUN_005810da
00581132	FUN_00581132
0058ef79	FUN_0058ef79
00590198	FUN_00590198
00592260	FUN_00592260
00592ad3	FUN_00592ad3
00592ffb	FUN_00592ffb
005931b5	FUN_005931b5
005931da	FUN_005931da
0059326d	FUN_0059326d
00593288	FUN_00593288
00593375	FUN_00593375
0059339a	FUN_0059339a
005939ee	FUN_005939ee
00593a9d	FUN_00593a9d
00593b3f	FUN_00593b3f
00593c5e	FUN_00593c5e
00593d76	FUN_00593d76
00593f39	FUN_00593f39
005940ec	FUN_005940ec
00594481	FUN_00594481
00594637	FUN_00594637
00594706	FUN_00594706
00594782	FUN_00594782
0059485b	FUN_0059485b
00594880	FUN_00594880
00594946	FUN_00594946
00594a08	FUN_00594a08
00594a73	FUN_00594a73
00594c77	FUN_00594c77
00594d36	FUN_00594d36
00594ed4	FUN_00594ed4
005954ad	FUN_005954ad
005959ab	FUN_005959ab
0059672a	FUN_0059672a
00598a1c	FUN_00598a1c
0059aa64	FUN_0059aa64
0059ab7c	FUN_0059ab7c
0059ac9f	FUN_0059ac9f
0059ae20	FUN_0059ae20
0059ae54	FUN_0059ae54
0059af83	FUN_0059af83
0059b0c3	FUN_0059b0c3
0059b246	FUN_0059b246
0059b35c	FUN_0059b35c
0059b576	FUN_0059b576
005ae9de	FUN_005ae9de
005aeaee	FUN_005aeaee
005aecc0	FUN_005aecc0
005b0aac	FUN_005b0aac
005b18aa	FUN_005b18aa
005b18d7	FUN_005b18d7
005b1d09	FUN_005b1d09
005b1d71	FUN_005b1d71
005b1dd9	FUN_005b1dd9
005b1dfe	FUN_005b1dfe
005b220b	FUN_005b220b
005b228d	FUN_005b228d
005b2447	FUN_005b2447
005b2555	FUN_005b2555
005b2663	FUN_005b2663
005b28f8	FUN_005b28f8
005b2a37	FUN_005b2a37
005b2b76	FUN_005b2b76
005b2cb5	FUN_005b2cb5
005b9de7	FUN_005b9de7
005b9ef3	FUN_005b9ef3
005ba23a	FUN_005ba23a
005ba2a3	FUN_005ba2a3
005ba30d	FUN_005ba30d
005ba5ad	FUN_005ba5ad
005ba8cf	FUN_005ba8cf
005ba986	FUN_005ba986
005baa6b	FUN_005baa6b
005bab9d	FUN_005bab9d
005babe1	FUN_005babe1
005bac2e	FUN_005bac2e
005bac73	FUN_005bac73
005bacbd	FUN_005bacbd
005bad11	FUN_005bad11
005bad36	FUN_005bad36
005bad5b	FUN_005bad5b
005bafe3	FUN_005bafe3
005bb025	FUN_005bb025
005bb066	FUN_005bb066
005bb102	FUN_005bb102
005bb2a8	FUN_005bb2a8
005bb409	FUN_005bb409
005bb4e6	FUN_005bb4e6
005bb5ef	FUN_005bb5ef
005bb85a	FUN_005bb85a
005bba5b	FUN_005bba5b
005bbaf9	FUN_005bbaf9
005bbd46	FUN_005bbd46
005bbe32	FUN_005bbe32
005bc0fb	FUN_005bc0fb
005bc69b	FUN_005bc69b
005bc6a3	FUN_005bc6a3
005bc6ab	FUN_005bc6ab
005bf19c	FUN_005bf19c
005bf4ed	FUN_005bf4ed
005c0932	FUN_005c0932
005c0965	FUN_005c0965
005c1153	FUN_005c1153
005c176a	FUN_005c176a
005c2013	FUN_005c2013
005c2831	FUN_005c2831
005c2c65	FUN_005c2c65
005cbf72	FUN_005cbf72
005cc04a	FUN_005cc04a
005cc0cb	FUN_005cc0cb
005cc292	FUN_005cc292
005cc31b	FUN_005cc31b
005cdbbe	FUN_005cdbbe
005d82f3	FUN_005d82f3
005d8417	FUN_005d8417
005d86b2	FUN_005d86b2
005d8730	FUN_005d8730
005d87b6	FUN_005d87b6
005dfce0	FUN_005dfce0
005e0300	FUN_005e0300
005e0650	FUN_005e0650
005e0fe0	FUN_005e0fe0
005e19d0	FUN_005e19d0
005e1a40	FUN_005e1a40
005e1be0	FUN_005e1be0
005e1c30	FUN_005e1c30
005e2100	FUN_005e2100
005e2320	FUN_005e2320
005e24d0	FUN_005e24d0
005e2770	FUN_005e2770
005e2b30	FUN_005e2b30
005e2c20	FUN_005e2c20
005e2eb0	FUN_005e2eb0
005e32f0	FUN_005e32f0
005e3550	FUN_005e3550
005e36b0	FUN_005e36b0
005e4030	FUN_005e4030
005e8f50	FUN_005e8f50
005e90b0	FUN_005e90b0
005e9280	FUN_005e9280
005e93e0	FUN_005e93e0
005e9630	FUN_005e9630
005ee365	FUN_005ee365
005eed4c	FUN_005eed4c
005f7acc	FUN_005f7acc
005f84c6	FUN_005f84c6
005f8828	FUN_005f8828
005f885c	FUN_005f885c
005f88ed	FUN_005f88ed
005f8992	FUN_005f8992
005f8c9b	FUN_005f8c9b
005f8db7	FUN_005f8db7
005f91e5	FUN_005f91e5
005f957e	FUN_005f957e
005f9633	FUN_005f9633
005f9714	FUN_005f9714
005f9853	FUN_005f9853
005f9a3c	FUN_005f9a3c
005f9a98	FUN_005f9a98
005f9adb	FUN_005f9adb
005f9bfe	FUN_005f9bfe
005f9d4e	FUN_005f9d4e
005f9da3	FUN_005f9da3
005f9f5a	FUN_005f9f5a
005fa10a	FUN_005fa10a
005fa1ba	FUN_005fa1ba
005fa3dd	FUN_005fa3dd
005fa41f	FUN_005fa41f
005fc2d0	FUN_005fc2d0
005fc8a0	FUN_005fc8a0
005fcbe0	FUN_005fcbe0
005fd9c0	FUN_005fd9c0
005fddd0	FUN_005fddd0
00601310	FUN_00601310
00606f80	FUN_00606f80
006096e0	FUN_006096e0
00612db0	FUN_00612db0
00613630	FUN_00613630
00613f00	FUN_00613f00
00615820	FUN_00615820
00615870	FUN_00615870
006159a0	FUN_006159a0
00617230	FUN_00617230
00617520	FUN_00617520
00617d50	FUN_00617d50
00617fd0	FUN_00617fd0
006181a0	FUN_006181a0
00618860	FUN_00618860
00618990	FUN_00618990
00618ad0	FUN_00618ad0
00618de0	FUN_00618de0
006235f0	FUN_006235f0
00623af0	FUN_00623af0
00623c80	FUN_00623c80
00624760	FUN_00624760
00624880	FUN_00624880
006249e0	FUN_006249e0
00624b90	FUN_00624b90
00624e40	FUN_00624e40
006251c0	FUN_006251c0
006256e0	FUN_006256e0
006257c0	FUN_006257c0
0062e7e0	FUN_0062e7e0
0062ee80	FUN_0062ee80
0062fe60	FUN_0062fe60
00631590	FUN_00631590
00632260	FUN_00632260
00632340	FUN_00632340
00632420	FUN_00632420
006325e0	FUN_006325e0
006326c0	FUN_006326c0
006327a0	FUN_006327a0
006327e0	FUN_006327e0
00632990	FUN_00632990
00632a30	FUN_00632a30
00632af0	FUN_00632af0
00632b30	FUN_00632b30
00632f80	FUN_00632f80
00632ff0	FUN_00632ff0
006331f0	FUN_006331f0
00637f40	FUN_00637f40
006384b0	FUN_006384b0
00638d70	FUN_00638d70
00639050	FUN_00639050
00639090	FUN_00639090
00639250	FUN_00639250
006392b0	FUN_006392b0
006393d0	FUN_006393d0
00639600	FUN_00639600
0063b750	FUN_0063b750
0063b7f0	FUN_0063b7f0
0063e2e0	FUN_0063e2e0
006404d0	FUN_006404d0
00640560	FUN_00640560
00640670	FUN_00640670
00641260	FUN_00641260
00643d8c	FUN_00643d8c
00655125	FUN_00655125
006553d0	FUN_006553d0
006553fd	FUN_006553fd
0065544c	FUN_0065544c
00655495	FUN_00655495
006554bd	FUN_006554bd
00655516	FUN_00655516
00655a52	FUN_00655a52
00655ad8	FUN_00655ad8
00655af3	FUN_00655af3
00655b18	FUN_00655b18
00655b33	FUN_00655b33
00655b4e	FUN_00655b4e
00655b69	FUN_00655b69
00655b84	FUN_00655b84
00655ba9	FUN_00655ba9
00655bc4	FUN_00655bc4
00655be9	FUN_00655be9
00655eb4	FUN_00655eb4
00655f36	FUN_00655f36
00655f62	FUN_00655f62
00656082	FUN_00656082
00656197	FUN_00656197
0065625e	FUN_0065625e
006566c3	FUN_006566c3
006567ec	FUN_006567ec
00656806	FUN_00656806
00656837	FUN_00656837
006568f2	FUN_006568f2
006569da	FUN_006569da
00656a40	FUN_00656a40
00656d5e	FUN_00656d5e
00656e0c	FUN_00656e0c
0065ead6	FUN_0065ead6
0065eb30	FUN_0065eb30
0065eb8a	FUN_0065eb8a
0065ebe4	FUN_0065ebe4
0065ec3e	FUN_0065ec3e
0065ec98	FUN_0065ec98
0065f1ad	FUN_0065f1ad
0065f1df	FUN_0065f1df
0065f211	FUN_0065f211
0065f243	FUN_0065f243
0065f25e	FUN_0065f25e
0065f279	FUN_0065f279
0065f294	FUN_0065f294
0065f2af	FUN_0065f2af
0065f2ca	FUN_0065f2ca
0065f2e5	FUN_0065f2e5
0065f856	FUN_0065f856
0065f884	FUN_0065f884
00660034	FUN_00660034
00660062	FUN_00660062
00660090	FUN_00660090
006600be	FUN_006600be
00660213	FUN_00660213
006611f7	FUN_006611f7
00664e50	FUN_00664e50
00669850	FUN_00669850
0066e210	FUN_0066e210
0066e260	FUN_0066e260
0066e480	FUN_0066e480
0066ec8a	FUN_0066ec8a
0066ed1d	FUN_0066ed1d
00670470	FUN_00670470
006714b0	FUN_006714b0
006715a0	FUN_006715a0
00671c10	FUN_00671c10
00671cf0	FUN_00671cf0
00671dd0	FUN_00671dd0
00671eb0	FUN_00671eb0
00671f90	FUN_00671f90
00672070	FUN_00672070
006720b0	FUN_006720b0
00672100	FUN_00672100
00672330	FUN_00672330
00672410	FUN_00672410
006726b0	FUN_006726b0
00672820	FUN_00672820
00673f90	FUN_00673f90
00674030	FUN_00674030
00674300	FUN_00674300
00674400	FUN_00674400
00674520	FUN_00674520
006753f0	FUN_006753f0
006758b0	FUN_006758b0
00675980	FUN_00675980
00676740	FUN_00676740
006768f0	FUN_006768f0
00677760	FUN_00677760
00678460	FUN_00678460
00679560	FUN_00679560
0067acd0	FUN_0067acd0
0067ad40	FUN_0067ad40
0067adb0	FUN_0067adb0
0067b5b0	FUN_0067b5b0
0067b8b0	FUN_0067b8b0
0067b930	FUN_0067b930
0067b9b0	FUN_0067b9b0
0067ba30	FUN_0067ba30
0067baf0	FUN_0067baf0
0067bbb0	FUN_0067bbb0
0067bfb0	FUN_0067bfb0
0067cad0	FUN_0067cad0
0067cb20	FUN_0067cb20
0067cc50	FUN_0067cc50
0067cf40	FUN_0067cf40
0067cfb0	FUN_0067cfb0
0067d030	FUN_0067d030
0067d190	FUN_0067d190
0067d2f0	FUN_0067d2f0
0067d450	FUN_0067d450
0067d5c0	FUN_0067d5c0
0067d610	FUN_0067d610
0067e9b0	FUN_0067e9b0
0067ead0	FUN_0067ead0
0067ec70	FUN_0067ec70
0067ef00	FUN_0067ef00
0067f3d0	FUN_0067f3d0
00680400	FUN_00680400
00680b40	FUN_00680b40
00680c20	FUN_00680c20
00680cb0	FUN_00680cb0
00680d80	FUN_00680d80
00680f70	FUN_00680f70
006810e0	FUN_006810e0
006819d0	FUN_006819d0
00684420	FUN_00684420
006856c0	FUN_006856c0
006860f0	FUN_006860f0
00686f10	FUN_00686f10
00687510	FUN_00687510
00695c80	FUN_00695c80
00695e30	FUN_00695e30
00696240	FUN_00696240
00696340	FUN_00696340
00696f00	FUN_00696f00
00696fe0	FUN_00696fe0
006984a0	FUN_006984a0
00698540	FUN_00698540
006991f0	FUN_006991f0
00699bf0	FUN_00699bf0
0069a010	FUN_0069a010
0069a1a0	FUN_0069a1a0
0069ca00	FUN_0069ca00
0069d180	FUN_0069d180
0069d300	FUN_0069d300
006a22d0	FUN_006a22d0
006a3220	FUN_006a3220
006a3440	FUN_006a3440
006a3520	FUN_006a3520
006a3830	FUN_006a3830
006a3bf0	FUN_006a3bf0
006a4a70	FUN_006a4a70
006a4ab0	FUN_006a4ab0
006a6290	FUN_006a6290
006a7050	FUN_006a7050
006a84b0	FUN_006a84b0
006ad260	FUN_006ad260
006adfb0	FUN_006adfb0
006ae3e0	FUN_006ae3e0
006ae9f0	FUN_006ae9f0
006aff40	FUN_006aff40
006b2260	FUN_006b2260
006b2ca0	FUN_006b2ca0
006b3b80	FUN_006b3b80
006b3e60	FUN_006b3e60
006b5aa0	FUN_006b5aa0
006b5ed0	FUN_006b5ed0
006b6990	FUN_006b6990
006b6af0	FUN_006b6af0
006b6b30	FUN_006b6b30
006b7380	FUN_006b7380
006b7d60	FUN_006b7d60
006b7e20	FUN_006b7e20
006b7f70	FUN_006b7f70
006b8050	FUN_006b8050
006b93a0	FUN_006b93a0
