004336bc	FUN_004336bc	0	controller_def.h,fonts.h,front_end_bank.h,keyboard_keys.h,particles_frontend.h,textures.h,ui_types.h
004cdb10	FUN_004cdb10	0	misc_def_types.h
00562ec0	FUN_00562ec0	0	fableclangw.lionhead.c
006f9be0	FUN_006f9be0	0	meshdata.h
006fa4e0	FUN_006fa4e0	0	meshdata.h
006faa90	FUN_006faa90	0	game_animation_events.h,sound_animation_events.h
0077f510	FUN_0077f510	0	thing_def.h
00c08d40	FUN_00c08d40	0	csystem.cpp
00c09920	FUN_00c09920	0	pkcautodelete.h
00c099f0	FUN_00c099f0	0	pkcautodelete.h
00c0a250	FUN_00c0a250	0	pkctrlist.h
00c0a300	FUN_00c0a300	0	pkctrlist.h
00c0ffe0	FUN_00c0ffe0	0	pkcprotectioninstance.cpp
00c13620	FUN_00c13620	0	pkcfrallocstatic.h
00c13700	FUN_00c13700	0	pkcfrallocstatic.h
00c15740	FUN_00c15740	0	pkctrlist.h
00c157f0	FUN_00c157f0	0	pkctrlist.h
00c169d0	FUN_00c169d0	0	pkcautodeletearray.h
00c16b10	FUN_00c16b10	0	pkcautodeletearray.h
00c17740	FUN_00c17740	0	pkcautodelete.h
00c17850	FUN_00c17850	0	pkcautodelete.h
00c17940	FUN_00c17940	0	pkserialiseload.h
00c185b0	FUN_00c185b0	0	pkctrmorphable.cpp
00c191b0	FUN_00c191b0	0	pkctrredblacktree.cpp
00c19250	FUN_00c19250	0	pkctrredblacktree.cpp
00c19340	FUN_00c19340	0	pkctrredblacktree.cpp
00c194f0	FUN_00c194f0	0	pkctrredblacktree.cpp
00c19fa0	FUN_00c19fa0	0	pkcdefaultfilemanager.cpp
00c1a230	FUN_00c1a230	0	pkcdefaultfilemanager.cpp
00c1a370	FUN_00c1a370	0	pkcdefaultfilemanager.cpp
00c1a510	FUN_00c1a510	0	pkcdefaultfilemanager.cpp
00c1a870	FUN_00c1a870	0	pkcdefaultfilemanager.cpp
00c1a9c0	FUN_00c1a9c0	0	pkcdefaultfilemanager.cpp
00c1ac40	FUN_00c1ac40	0	pkcdefaultfilemanager.cpp
00c1b030	FUN_00c1b030	0	pkcmailbox.h
00c1da30	FUN_00c1da30	0	pkcmailbox.h
00c1db60	FUN_00c1db60	0	pkcasyncfilereader.h
00c22840	FUN_00c22840	0	pkcfrallocstatic.h
00c22920	FUN_00c22920	0	pkcfrallocstatic.h
00c22a40	FUN_00c22a40	0	pkcfrallocstatic.h
00c22b40	FUN_00c22b40	0	pkcfrallocstatic.h
00c23370	FUN_00c23370	0	pkctrlist.h
00c23420	FUN_00c23420	0	pkctrlist.h
00c239b0	FUN_00c239b0	0	pkcfrallocstatic.h
00c23c10	FUN_00c23c10	0	pkcfrallocstatic.h
00c23e00	FUN_00c23e00	0	pkcfrallocstatic.h
00c24050	FUN_00c24050	0	pkcfrallocstatic.h
00c25a50	FUN_00c25a50	0	pkctimermanager.cpp
00c25b10	FUN_00c25b10	0	pkctimermanager.cpp
00c29fc0	FUN_00c29fc0	0	pkcsemaphore.cpp
00c2a090	FUN_00c2a090	0	pkcsemaphore.cpp
00c2a150	FUN_00c2a150	0	pkcsemaphore.cpp
00c2ce60	FUN_00c2ce60	0	pkctrlist.h
00c2cf10	FUN_00c2cf10	0	pkctrlist.h
00c2d5e0	FUN_00c2d5e0	0	cinstancemanager.cpp
00c2ebc0	FUN_00c2ebc0	0	pkcautodeletearray.h
00c2f070	FUN_00c2f070	0	pkcautodelete.h
00c2f190	FUN_00c2f190	0	pkcautodelete.h
00c2f2b0	FUN_00c2f2b0	0	pkcautodelete.h
00c312c0	FUN_00c312c0	0	pkcautomap.h
00c31560	FUN_00c31560	0	pkcautomap.h
00c31710	FUN_00c31710	0	pkcautomap.h
00c31810	FUN_00c31810	0	pkcautodeletearray.h
00c31a70	FUN_00c31a70	0	pkserialisecparser.cpp
00c31b90	FUN_00c31b90	0	pkserialisecparser.cpp
00c31db0	FUN_00c31db0	0	pkcautofile.cpp
00c324f0	FUN_00c324f0	0	pkctrarray.cpp
00c327b0	FUN_00c327b0	0	pkctrarray.cpp
00c328b0	FUN_00c328b0	0	pkctrarray.cpp
00c32950	FUN_00c32950	0	pkctrarray.cpp
00c32bf0	FUN_00c32bf0	0	pkctrarray.cpp
00c35510	FUN_00c35510	0	pkcthreadmanager.cpp
00c355e0	FUN_00c355e0	0	pkcthreadmanager.cpp
00c37560	FUN_00c37560	0	pkctrlist.h
00c37610	FUN_00c37610	0	pkctrlist.h
00c388a0	FUN_00c388a0	0	cinstance.cpp
00c38d60	FUN_00c38d60	0	cinstance.cpp
00c392f0	FUN_00c392f0	0	pkcmailbox.h
00c394b0	FUN_00c394b0	0	pkcmailbox.h
00c39670	FUN_00c39670	0	pkcmailbox.h
00c39830	FUN_00c39830	0	pkcmailbox.h
00c399f0	FUN_00c399f0	0	pkcmailbox.h
00c3bf30	FUN_00c3bf30	0	pkcfile.cpp
00c454e0	FUN_00c454e0	0	pkctrlist.h
00c45590	FUN_00c45590	0	pkctrlist.h
00c47b90	FUN_00c47b90	0	pkctrlist.h
00c47c40	FUN_00c47c40	0	pkctrlist.h
00c48640	FUN_00c48640	0	casyncdecoder.cpp
00c48860	FUN_00c48860	0	pkcmailbox.h
00c48e00	FUN_00c48e00	0	pkcstaticqueue.h
00c491e0	FUN_00c491e0	0	cframe.cpp
00c49650	FUN_00c49650	0	ccodaframestreamer.cpp
00c49820	FUN_00c49820	0	ccodaframestreamer.cpp
00c49ff0	FUN_00c49ff0	0	pkcmailbox.h
00c4a1a0	FUN_00c4a1a0	0	pkcbufferedreader.cpp
00c4a3b0	FUN_00c4a3b0	0	pkcbufferedreader.cpp
00c4aa40	FUN_00c4aa40	0	pkcbufferedreader.cpp
00c4ac70	FUN_00c4ac70	0	pkcbufferedreader.cpp
00c4aeb0	FUN_00c4aeb0	0	pkcbufferedreader.cpp
00c4b060	FUN_00c4b060	0	pkcbufferedreader.cpp
00c4b300	FUN_00c4b300	0	pkcbufferedreader.cpp
00c4b640	FUN_00c4b640	0	pkcbufferedreader.cpp
00c4b890	FUN_00c4b890	0	pkcbufferedreader.cpp
00c4bc80	FUN_00c4bc80	0	pkcmailbox.h
00c4c080	FUN_00c4c080	0	pkracbuffer.cpp
00c4c1d0	FUN_00c4c1d0	0	pkracbuffer.cpp
00c4c370	FUN_00c4c370	0	pkracmasterobject.cpp
00c4c440	FUN_00c4c440	0	pkracmasterobject.cpp
00c4c6c0	FUN_00c4c6c0	0	pkracmasterobject.cpp
00c4c7a0	FUN_00c4c7a0	0	pkracmasterobject.cpp
00c4c8b0	FUN_00c4c8b0	0	pkracmasterobject.cpp
00c4cab0	FUN_00c4cab0	0	pkracmasterobject.cpp
00c4cc90	FUN_00c4cc90	0	pkracmasterobject.cpp
00c4cd80	FUN_00c4cd80	0	pkracmasterobject.cpp
00c62a50	FUN_00c62a50	0	c16bitsampleptr.cpp
00c62c70	FUN_00c62c70	0	pkraslaveobject_local.cpp
00c62e60	FUN_00c62e60	0	pkraslaveobject.cpp
00cbeb1a	FUN_00cbeb1a	0	atmos_types.h
00cd3f50	FUN_00cd3f50	0	thing_def.h
