address	current_name	reason	category
0042a5d1	RBTree_Iterator_SetToMaxNode_0042a5d1	ambiguous-or-no-donor-match	container-template
0042a5e2	RBTree_Iterator_SetToMaxNode_0042a5e2	ambiguous-or-no-donor-match	container-template
0043368c	Stub_ReturnVoid_0043368c	ambiguous-or-no-donor-match	thunk-stub-wrapper
004368e0	StdList_Construct_004368e0	ambiguous-or-no-donor-match	initializer-destructor
004369e0	StdList_Construct_004369e0	ambiguous-or-no-donor-match	container-template
0043fc20	StdList_Construct_0043fc20	ambiguous-or-no-donor-match	initializer-destructor
0043fc40	StdList_Construct_0043fc40	ambiguous-or-no-donor-match	initializer-destructor
00440c90	StdList_Construct_00440c90	ambiguous-or-no-donor-match	initializer-destructor
00440cd0	StdList_Construct_00440cd0	ambiguous-or-no-donor-match	initializer-destructor
0044b950	StdList_Construct_0044b950	ambiguous-or-no-donor-match	initializer-destructor
0044b9f0	StdList_Construct_0044b9f0	ambiguous-or-no-donor-match	initializer-destructor
0044c6af	Stub_ReturnVoid_0044c6af	ambiguous-or-no-donor-match	thunk-stub-wrapper
004c5c40	StdList_Construct_004c5c40	ambiguous-or-no-donor-match	initializer-destructor
004c6680	Object_AllocAndStorePtr_004c6680	ambiguous-or-no-donor-match	allocator-wrapper
004c67d0	StdTree_Construct_004c67d0	ambiguous-or-no-donor-match	initializer-destructor
004c6af0	StdTree_Construct_004c6af0	ambiguous-or-no-donor-match	initializer-destructor
004c72a0	Stub_ReturnVoid_004c72a0	ambiguous-or-no-donor-match	thunk-stub-wrapper
004cc200	StdList_Construct_004cc200	ambiguous-or-no-donor-match	initializer-destructor
004cc260	StdList_Construct_004cc260	ambiguous-or-no-donor-match	initializer-destructor
004cc800	StdList_Construct_004cc800	ambiguous-or-no-donor-match	initializer-destructor
004ccc10	StdList_Construct_004ccc10	ambiguous-or-no-donor-match	initializer-destructor
004fe7f0	CollectSoundThemeSwitchDefs	ambiguous-or-no-donor-match	field-accessor
00507070	RebuildStringPairTableFromTree	ambiguous-or-no-donor-match	initializer-destructor
005159a0	StdTree_Construct_005159a0	ambiguous-or-no-donor-match	initializer-destructor
00516e80	StdList_Construct_00516e80	ambiguous-or-no-donor-match	initializer-destructor
00517810	StdTree_Construct_00517810	ambiguous-or-no-donor-match	initializer-destructor
0051a040	StdTree_Construct_0051a040	ambiguous-or-no-donor-match	initializer-destructor
005283a0	StdList_Construct_005283a0	ambiguous-or-no-donor-match	initializer-destructor
00528410	Object_AllocAndStorePtr_00528410	ambiguous-or-no-donor-match	allocator-wrapper
00528480	Object_AllocAndStorePtr_00528480	ambiguous-or-no-donor-match	allocator-wrapper
005284b0	Object_AllocAndStorePtr_005284b0	ambiguous-or-no-donor-match	allocator-wrapper
00528520	Object_AllocAndStorePtr_00528520	ambiguous-or-no-donor-match	allocator-wrapper
00528590	Object_AllocAndStorePtr_00528590	ambiguous-or-no-donor-match	allocator-wrapper
00528c20	StdList_Construct_00528c20	ambiguous-or-no-donor-match	initializer-destructor
00528c60	StdTree_Construct_00528c60	ambiguous-or-no-donor-match	initializer-destructor
00528cf0	StdTree_Construct_00528cf0	ambiguous-or-no-donor-match	initializer-destructor
00528d80	StdTree_Construct_00528d80	ambiguous-or-no-donor-match	initializer-destructor
00528dc0	StdTree_Construct_00528dc0	ambiguous-or-no-donor-match	initializer-destructor
00528e50	StdTree_Construct_00528e50	ambiguous-or-no-donor-match	initializer-destructor
005297a0	Stub_ReturnZero	ambiguous-or-no-donor-match	thunk-stub-wrapper
00553490	Object_AllocAndStorePtr_00553490	ambiguous-or-no-donor-match	allocator-wrapper
00566b70	Object_AllocAndStorePtr_00566b70	ambiguous-or-no-donor-match	allocator-wrapper
00566be0	Object_AllocAndStorePtr_00566be0	ambiguous-or-no-donor-match	allocator-wrapper
00566ca0	Object_AllocAndStorePtr_00566ca0	ambiguous-or-no-donor-match	allocator-wrapper
0056a580	StdTree_Construct_0056a580	ambiguous-or-no-donor-match	initializer-destructor
0056cf70	Object_AllocAndStorePtr_0056cf70	ambiguous-or-no-donor-match	allocator-wrapper
0056cfa0	Object_AllocAndStorePtr_0056cfa0	ambiguous-or-no-donor-match	allocator-wrapper
0056d010	Object_AllocAndStorePtr_0056d010	ambiguous-or-no-donor-match	allocator-wrapper
0056d2c0	StdTree_Construct_0056d2c0	ambiguous-or-no-donor-match	initializer-destructor
0056d350	StdTree_Construct_0056d350	ambiguous-or-no-donor-match	initializer-destructor
0056d390	StdTree_Construct_0056d390	ambiguous-or-no-donor-match	initializer-destructor
0056ddc0	StdTree_Construct_0056ddc0	ambiguous-or-no-donor-match	initializer-destructor
0059adcd	RBTree_Iterator_SetToMaxNode_0059adcd	ambiguous-or-no-donor-match	container-template
005b198d	RBTree_Iterator_SetToMaxNode_005b198d	ambiguous-or-no-donor-match	container-template
005b199e	RBTree_Iterator_SetToMaxNode_005b199e	ambiguous-or-no-donor-match	container-template
005b19af	RBTree_Iterator_SetToMaxNode_005b19af	ambiguous-or-no-donor-match	container-template
005b19c0	RBTree_Iterator_SetToMaxNode_005b19c0	ambiguous-or-no-donor-match	container-template
005ba88b	RBTree_Iterator_SetToMaxNode_005ba88b	ambiguous-or-no-donor-match	container-template
005ba89c	RBTree_Iterator_SetToMaxNode_005ba89c	ambiguous-or-no-donor-match	container-template
005ba8ad	RBTree_Iterator_SetToMaxNode_005ba8ad	ambiguous-or-no-donor-match	container-template
005ba8be	RBTree_Iterator_SetToMaxNode_005ba8be	ambiguous-or-no-donor-match	container-template
005cbfe9	RBTree_Iterator_SetToMaxNode_005cbfe9	ambiguous-or-no-donor-match	container-template
005d839d	RBTree_Iterator_SetToMaxNode_005d839d	ambiguous-or-no-donor-match	container-template
005e0200	Object_AllocAndStorePtr_005e0200	ambiguous-or-no-donor-match	allocator-wrapper
005e0b00	StdTree_Construct_005e0b00	ambiguous-or-no-donor-match	initializer-destructor
005e3080	StdTree_Construct_005e3080	ambiguous-or-no-donor-match	initializer-destructor
005e8e50	Object_AllocAndStorePtr_005e8e50	ambiguous-or-no-donor-match	allocator-wrapper
005e8ff0	StdTree_Construct_005e8ff0	ambiguous-or-no-donor-match	initializer-destructor
005e9320	StdTree_Construct_005e9320	ambiguous-or-no-donor-match	initializer-destructor
005f82d9	RBTree_Iterator_SetToMaxNode_005f82d9	ambiguous-or-no-donor-match	container-template
005f82ea	RBTree_Iterator_SetToMaxNode_005f82ea	ambiguous-or-no-donor-match	container-template
005f8944	StdList_Construct_005f8944	ambiguous-or-no-donor-match	initializer-destructor
005f8f6f	Lua_PushCClosure_005f8f6f	ambiguous-or-no-donor-match	thunk-stub-wrapper
006152c0	StdList_InitEmpty_006152c0	ambiguous-or-no-donor-match	initializer-destructor
00615340	StdList_InitEmpty_00615340	ambiguous-or-no-donor-match	initializer-destructor
006153a0	StdList_InitEmpty_006153a0	ambiguous-or-no-donor-match	initializer-destructor
00615400	StdList_InitEmpty_00615400	ambiguous-or-no-donor-match	initializer-destructor
00615460	StdList_InitEmpty_00615460	ambiguous-or-no-donor-match	initializer-destructor
006154c0	StdList_InitEmpty_006154c0	ambiguous-or-no-donor-match	initializer-destructor
00615580	Ptr_AllocStore_00615580	ambiguous-or-no-donor-match	allocator-wrapper
006155b0	Ptr_AllocStore_006155b0	ambiguous-or-no-donor-match	allocator-wrapper
00615650	Ptr_AllocStore_00615650	ambiguous-or-no-donor-match	allocator-wrapper
00616790	StdList_InitEmpty_00616790	ambiguous-or-no-donor-match	initializer-destructor
006167f0	StdList_InitEmpty_006167f0	ambiguous-or-no-donor-match	initializer-destructor
00616820	StdList_InitEmpty_00616820	ambiguous-or-no-donor-match	initializer-destructor
00616850	StdList_InitEmpty_00616850	ambiguous-or-no-donor-match	initializer-destructor
00616880	StdList_InitEmpty_00616880	ambiguous-or-no-donor-match	initializer-destructor
006168b0	StdList_InitEmpty_006168b0	ambiguous-or-no-donor-match	initializer-destructor
006168e0	StdList_InitEmpty_006168e0	ambiguous-or-no-donor-match	initializer-destructor
00616930	StdList_CtorWithCount_00616930	ambiguous-or-no-donor-match	initializer-destructor
006169c0	StdList_CtorWithCount_006169c0	ambiguous-or-no-donor-match	initializer-destructor
00616a40	StdList_CtorWithCount_00616a40	ambiguous-or-no-donor-match	initializer-destructor
00617140	StdList_CtorWithCount_00617140	ambiguous-or-no-donor-match	initializer-destructor
00617270	StdList_CtorWithCount_00617270	ambiguous-or-no-donor-match	initializer-destructor
00619e30	StdList_CtorWithCount_00619e30	ambiguous-or-no-donor-match	initializer-destructor
00623a80	Ptr_AllocStore_00623a80	ambiguous-or-no-donor-match	allocator-wrapper
00624160	StdList_CtorWithCount_00624160	ambiguous-or-no-donor-match	initializer-destructor
00624520	StdList_CtorWithCount_00624520	ambiguous-or-no-donor-match	initializer-destructor
00630b60	Ptr_AllocStore_00630b60	ambiguous-or-no-donor-match	allocator-wrapper
00630b90	Ptr_AllocStore_00630b90	ambiguous-or-no-donor-match	allocator-wrapper
00630cc0	StdList_CtorWithCount_00630cc0	ambiguous-or-no-donor-match	initializer-destructor
00630d50	StdList_CtorWithCount_00630d50	ambiguous-or-no-donor-match	initializer-destructor
00630f50	StdList_CtorWithCount_00630f50	ambiguous-or-no-donor-match	initializer-destructor
006313e0	StdList_CtorWithCount_006313e0	ambiguous-or-no-donor-match	initializer-destructor
0063ec80	Return_Identity_0063ec80	ambiguous-or-no-donor-match	thunk-stub-wrapper
0063f340	StdList_InitEmpty_0063f340	ambiguous-or-no-donor-match	initializer-destructor
0063f450	StdList_InitEmpty_0063f450	ambiguous-or-no-donor-match	initializer-destructor
006579e0	Vector_PushBackInts_1_2_neg1_006579e0	ambiguous-or-no-donor-match	initializer-destructor
00657ac0	Vector_PushBackInts_2_3_1_00657ac0	ambiguous-or-no-donor-match	initializer-destructor
00662020	Getter_FieldE0_FC	ambiguous-or-no-donor-match	field-accessor
00669510	StdList_InitEmpty_00669510	ambiguous-or-no-donor-match	initializer-destructor
0066a1a0	StdList_InitEmpty_0066a1a0	ambiguous-or-no-donor-match	initializer-destructor
00674e50	Object_FreeInnerAndDelete_00674e50	ambiguous-or-no-donor-match	initializer-destructor
00674e80	Object_FreeInnerAndDelete_00674e80	ambiguous-or-no-donor-match	initializer-destructor
0067aeb0	StdList_InitEmpty_0067aeb0	ambiguous-or-no-donor-match	initializer-destructor
0067af60	Ptr_AllocStore_0067af60	ambiguous-or-no-donor-match	allocator-wrapper
0067afd0	Ptr_AllocStore_0067afd0	ambiguous-or-no-donor-match	allocator-wrapper
0067b040	Ptr_AllocStore_0067b040	ambiguous-or-no-donor-match	allocator-wrapper
0067b570	StdList_InitEmpty_0067b570	ambiguous-or-no-donor-match	initializer-destructor
0067b5f0	StdList_CtorWithCount_0067b5f0	ambiguous-or-no-donor-match	initializer-destructor
0067b680	StdList_CtorWithCount_0067b680	ambiguous-or-no-donor-match	initializer-destructor
0067b710	StdList_CtorWithCount_0067b710	ambiguous-or-no-donor-match	initializer-destructor
0067bc70	StdList_InitEmpty_0067bc70	ambiguous-or-no-donor-match	initializer-destructor
0067bd30	StdList_CtorWithCount_0067bd30	ambiguous-or-no-donor-match	initializer-destructor
0067bdc0	StdList_CtorWithCount_0067bdc0	ambiguous-or-no-donor-match	initializer-destructor
0067be50	StdList_CtorWithCount_0067be50	ambiguous-or-no-donor-match	initializer-destructor
00685ba0	StdList_InitEmpty_00685ba0	ambiguous-or-no-donor-match	initializer-destructor
006864c0	StdList_InitEmpty_006864c0	ambiguous-or-no-donor-match	initializer-destructor
00687480	StdList_InitEmpty_00687480	ambiguous-or-no-donor-match	initializer-destructor
00687910	StdList_InitEmpty_00687910	ambiguous-or-no-donor-match	initializer-destructor
006960a0	Ptr_AllocStore_006960a0	ambiguous-or-no-donor-match	allocator-wrapper
006960d0	Ptr_AllocStore_006960d0	ambiguous-or-no-donor-match	allocator-wrapper
00696590	StdList_CtorWithCount_00696590	ambiguous-or-no-donor-match	initializer-destructor
006965d0	StdList_CtorWithCount_006965d0	ambiguous-or-no-donor-match	initializer-destructor
00696de0	StdList_CtorWithCount_00696de0	ambiguous-or-no-donor-match	initializer-destructor
00696e70	StdList_CtorWithCount_00696e70	ambiguous-or-no-donor-match	initializer-destructor
006db170	StdList_InitEmpty_006db170	ambiguous-or-no-donor-match	initializer-destructor
006db230	StdList_CtorWithCount_006db230	ambiguous-or-no-donor-match	initializer-destructor
006db5a0	StdList_CtorWithCount_006db5a0	ambiguous-or-no-donor-match	initializer-destructor
006db730	StdList_CtorWithCount_006db730	ambiguous-or-no-donor-match	initializer-destructor
006db770	StdList_CtorWithCount_006db770	ambiguous-or-no-donor-match	initializer-destructor
006dbc00	StdList_CtorHeadAtField1_006dbc00	ambiguous-or-no-donor-match	initializer-destructor
006dbc50	StdList_CtorHeadAtField1_006dbc50	ambiguous-or-no-donor-match	initializer-destructor
006dbfe0	StdList_CtorWithCount_006dbfe0	ambiguous-or-no-donor-match	initializer-destructor
006dc1b0	StdList_CtorWithCount_006dc1b0	ambiguous-or-no-donor-match	initializer-destructor
006e4b30	StdList_InitEmpty_006e4b30	ambiguous-or-no-donor-match	initializer-destructor
006e4e10	StdList_InitEmpty_006e4e10	ambiguous-or-no-donor-match	initializer-destructor
006e6930	Ptr_AllocStore_006e6930	ambiguous-or-no-donor-match	allocator-wrapper
006e6ae0	StdList_CtorWithCount_006e6ae0	ambiguous-or-no-donor-match	initializer-destructor
006e7030	StdList_CtorWithCount_006e7030	ambiguous-or-no-donor-match	initializer-destructor
006f09b0	StdList_InitEmpty_006f09b0	ambiguous-or-no-donor-match	initializer-destructor
006f0af0	ObjHolder_AllocStore_0x20_006f0af0	ambiguous-or-no-donor-match	initializer-destructor
006f0b60	ObjHolder_AllocStore_0x88_006f0b60	ambiguous-or-no-donor-match	initializer-destructor
006f0b90	ObjHolder_AllocStore_0x18_006f0b90	ambiguous-or-no-donor-match	initializer-destructor
006f0c00	ObjHolder_AllocStore_0x18_006f0c00	ambiguous-or-no-donor-match	initializer-destructor
006f18f0	ListHead_InitCircular_0xc_006f18f0	ambiguous-or-no-donor-match	allocator-wrapper
006f1a50	TreeHeader_InitSentinel_0x20_006f1a50	ambiguous-or-no-donor-match	allocator-wrapper
006f1ae0	TreeHeader_InitSentinel_0x88_006f1ae0	ambiguous-or-no-donor-match	allocator-wrapper
006f1b20	TreeHeader_InitSentinel_0x18_006f1b20	ambiguous-or-no-donor-match	allocator-wrapper
006f1b60	TreeHeader_InitSentinel_0x18_006f1b60	ambiguous-or-no-donor-match	allocator-wrapper
006f23a0	TreeHeader_InitSentinel_0x20_006f23a0	ambiguous-or-no-donor-match	allocator-wrapper
00718e80	ListHead_InitCircular_0x10_00718e80	ambiguous-or-no-donor-match	allocator-wrapper
00718ea0	ListHead_InitCircular_0x10_00718ea0	ambiguous-or-no-donor-match	allocator-wrapper
00719180	ListHead_InitCircular_0x10_00719180	ambiguous-or-no-donor-match	allocator-wrapper
00719690	ListHead_InitCircular_0x10_00719690	ambiguous-or-no-donor-match	allocator-wrapper
0071f860	ObjHolder_AllocStore_0x34_0071f860	ambiguous-or-no-donor-match	initializer-destructor
007298e0	ListHead_InitCircular_0x1c_007298e0	ambiguous-or-no-donor-match	allocator-wrapper
00729940	ListHead_InitCircular_0x1c_00729940	ambiguous-or-no-donor-match	allocator-wrapper
0072d480	ListHead_InitCircular_0x1c_0072d480	ambiguous-or-no-donor-match	allocator-wrapper
0072d8f0	ListHead_InitCircular_0x1c_0072d8f0	ambiguous-or-no-donor-match	allocator-wrapper
00737f50	ObjHolder_AllocStore_0x24_00737f50	ambiguous-or-no-donor-match	initializer-destructor
0073db00	ListHead_InitCircular_0x10_0073db00	ambiguous-or-no-donor-match	allocator-wrapper
00743200	ListHead_InitCircular_0x10_00743200	ambiguous-or-no-donor-match	allocator-wrapper
00755e50	ObjHolder_AllocStore_0x1c_00755e50	ambiguous-or-no-donor-match	initializer-destructor
00758ae0	ListHead_InitCircular_0x4c_00758ae0	ambiguous-or-no-donor-match	allocator-wrapper
00758d90	ListHead_InitCircular_0x4c_00758d90	ambiguous-or-no-donor-match	allocator-wrapper
0075f780	ListHead_InitCircular_0xc_0075f780	ambiguous-or-no-donor-match	allocator-wrapper
0075f830	ObjHolder_FreeAndDelete_0075f830	ambiguous-or-no-donor-match	initializer-destructor
007602f0	Math_PolygonAngleSumClosureCheck	ambiguous-or-no-donor-match	semantic-logic
007695f0	ObjHolder_AllocStore_0x20_007695f0	ambiguous-or-no-donor-match	initializer-destructor
00769f30	TreeHeader_InitSentinel_0x20_00769f30	ambiguous-or-no-donor-match	allocator-wrapper
0076acf0	TreeHeader_InitSentinel_0x20_0076acf0	ambiguous-or-no-donor-match	allocator-wrapper
0076f9e0	ListHead_InitCircular_0x24_0076f9e0	ambiguous-or-no-donor-match	allocator-wrapper
0076fbf0	ListHead_InitCircular_0x24_0076fbf0	ambiguous-or-no-donor-match	allocator-wrapper
00771b30	ObjHolder_FreeAndDelete_00771b30	ambiguous-or-no-donor-match	initializer-destructor
00776f30	ObjHolder_AllocStore_0x30_00776f30	ambiguous-or-no-donor-match	initializer-destructor
00777520	TreeHeader_InitSentinel_0x30_00777520	ambiguous-or-no-donor-match	allocator-wrapper
00777a00	TreeHeader_InitSentinel_0x30_00777a00	ambiguous-or-no-donor-match	allocator-wrapper
0077ffe0	ListHead_InitCircular_0x14_0077ffe0	ambiguous-or-no-donor-match	allocator-wrapper
00780040	ListHead_InitCircular_0x14_00780040	ambiguous-or-no-donor-match	allocator-wrapper
00782fb0	ObjHolder_AllocStore_0x20_00782fb0	ambiguous-or-no-donor-match	initializer-destructor
00783d50	TreeHeader_InitSentinel_0x20_00783d50	ambiguous-or-no-donor-match	allocator-wrapper
00783fb0	TreeHeader_InitSentinel_0x20_00783fb0	ambiguous-or-no-donor-match	allocator-wrapper
00784fb0	ListHead_InitCircular_0xc_00784fb0	ambiguous-or-no-donor-match	allocator-wrapper
00785d00	ListHead_InitCircular_0xc_00785d00	ambiguous-or-no-donor-match	allocator-wrapper
00792220	ListHead_InitCircular_0xc_00792220	ambiguous-or-no-donor-match	allocator-wrapper
007922a0	ObjHolder_AllocStore_0x2c_007922a0	ambiguous-or-no-donor-match	initializer-destructor
007926f0	TreeHeader_InitSentinel_0x2c_007926f0	ambiguous-or-no-donor-match	allocator-wrapper
00792b30	TreeHeader_InitSentinel_0x2c_00792b30	ambiguous-or-no-donor-match	allocator-wrapper
007977e0	ObjHolder_AllocStore_0x2c_007977e0	ambiguous-or-no-donor-match	initializer-destructor
00797ae0	TreeHeader_InitSentinel_0x2c_00797ae0	ambiguous-or-no-donor-match	allocator-wrapper
00797e30	TreeHeader_InitSentinel_0x2c_00797e30	ambiguous-or-no-donor-match	allocator-wrapper
0079f0b0	ObjHolder_AllocStore_0x14_0079f0b0	ambiguous-or-no-donor-match	initializer-destructor
0079f2a0	TreeHeader_InitSentinel_0x14_0079f2a0	ambiguous-or-no-donor-match	allocator-wrapper
0079f410	TreeHeader_InitSentinel_0x14_0079f410	ambiguous-or-no-donor-match	allocator-wrapper
007a35b0	ListHead_InitCircular_0x10_007a35b0	ambiguous-or-no-donor-match	allocator-wrapper
007a3c60	ListHead_InitCircular_0x10_007a3c60	ambiguous-or-no-donor-match	allocator-wrapper
007a6170	ListHead_InitCircular_0xc_007a6170	ambiguous-or-no-donor-match	allocator-wrapper
007a6320	ListHead_InitCircular_0xc_007a6320	ambiguous-or-no-donor-match	allocator-wrapper
007acb50	ObjHolder_AllocStore_0x18_007acb50	ambiguous-or-no-donor-match	initializer-destructor
007acb80	ObjHolder_AllocStore_0x20_007acb80	ambiguous-or-no-donor-match	initializer-destructor
007acde0	TreeHeader_InitSentinel_0x18_007acde0	ambiguous-or-no-donor-match	allocator-wrapper
00817710	ObjHolder_AllocStore_0x18_00817710	ambiguous-or-no-donor-match	initializer-destructor
00824b40	ListHead_InitCircular_0x5c_00824b40	ambiguous-or-no-donor-match	allocator-wrapper
00824bc0	ListHead_InitCircular_0x10_00824bc0	ambiguous-or-no-donor-match	allocator-wrapper
00824e80	ObjHolder_AllocStore_0x18_00824e80	ambiguous-or-no-donor-match	initializer-destructor
00824ef0	ObjHolder_AllocStore_0x30_00824ef0	ambiguous-or-no-donor-match	initializer-destructor
008254a0	ListHead_InitCircular_0x5c_008254a0	ambiguous-or-no-donor-match	allocator-wrapper
00825540	ListHead_InitCircular_0x10_00825540	ambiguous-or-no-donor-match	allocator-wrapper
00827e20	ListHead_InitCircular_0xc_00827e20	ambiguous-or-no-donor-match	allocator-wrapper
00828c20	ListHead_InitCircular_0xc_00828c20	ambiguous-or-no-donor-match	allocator-wrapper
0082c570	ListHead_InitCircular_0x18_0082c570	ambiguous-or-no-donor-match	allocator-wrapper
0082c900	ListHead_InitCircular_0x18_0082c900	ambiguous-or-no-donor-match	allocator-wrapper
00835180	ObjHolder_AllocStore_0x14_00835180	ambiguous-or-no-donor-match	initializer-destructor
008368f0	ConditionalVirtualDispatch_OnLevelUnload	ambiguous-or-no-donor-match	field-accessor
008697f0	PtrHolder_Alloc_sz18_008697f0	ambiguous-or-no-donor-match	initializer-destructor
0086c5c0	CPersistInfo_InsertionSortStep_0086c5c0	ambiguous-or-no-donor-match	semantic-logic
0086f600	PriorityQueue_PushSift_0086f600	ambiguous-or-no-donor-match	initializer-destructor
0086fa00	CPersistInfo_InsertionSortStep_0086fa00	ambiguous-or-no-donor-match	semantic-logic
008702d0	Handle_InitInvalid_008702d0	ambiguous-or-no-donor-match	field-accessor
008709c0	CWorldDriver_FindClosestMeshVolume_DefaultCall_008709c0	ambiguous-or-no-donor-match	thunk-stub-wrapper
00874ca0	ListSentinel_Ctor_sz10_00874ca0	ambiguous-or-no-donor-match	initializer-destructor
00874d30	ListSentinel_Ctor_sz10_00874d30	ambiguous-or-no-donor-match	initializer-destructor
00876e10	Vector_ComputePotentialGradient_00876e10	ambiguous-or-no-donor-match	initializer-destructor
00883280	ListSentinel_Ctor_sz68_00883280	ambiguous-or-no-donor-match	initializer-destructor
00883300	ListSentinel_Ctor_sz28_00883300	ambiguous-or-no-donor-match	initializer-destructor
00883340	ListSentinel_Ctor_sz44_00883340	ambiguous-or-no-donor-match	initializer-destructor
008833c0	PtrHolder_Alloc_sz20_008833c0	ambiguous-or-no-donor-match	initializer-destructor
008833f0	PtrHolder_Alloc_sz14_008833f0	ambiguous-or-no-donor-match	initializer-destructor
00883be0	ListSentinel_Ctor_sz68_00883be0	ambiguous-or-no-donor-match	initializer-destructor
00883c60	ListSentinel_Ctor_sz28_00883c60	ambiguous-or-no-donor-match	initializer-destructor
00883ca0	ListSentinel_Ctor_sz44_00883ca0	ambiguous-or-no-donor-match	initializer-destructor
00884180	ListSentinel_Ctor_sz68_00884180	ambiguous-or-no-donor-match	initializer-destructor
008841a0	ListSentinel_Ctor_sz28_008841a0	ambiguous-or-no-donor-match	initializer-destructor
008841c0	ListSentinel_Ctor_sz44_008841c0	ambiguous-or-no-donor-match	initializer-destructor
008841e0	StdList_Ctor_sz14_008841e0	ambiguous-or-no-donor-match	initializer-destructor
00884620	StdList_Ctor_sz20_00884620	ambiguous-or-no-donor-match	initializer-destructor
008aee40	PtrHolder_Alloc_sz18_008aee40	ambiguous-or-no-donor-match	initializer-destructor
008aefe0	StdList_Ctor_sz18_008aefe0	ambiguous-or-no-donor-match	initializer-destructor
008afcc0	StdList_Ctor_sz18_008afcc0	ambiguous-or-no-donor-match	initializer-destructor
008b22d0	PtrHolder_Alloc_sz18_008b22d0	ambiguous-or-no-donor-match	initializer-destructor
008b2340	PtrHolder_Alloc_sz18_008b2340	ambiguous-or-no-donor-match	initializer-destructor
008b23b0	PtrHolder_Alloc_sz18_008b23b0	ambiguous-or-no-donor-match	initializer-destructor
008b2790	StdList_Ctor_sz18_008b2790	ambiguous-or-no-donor-match	initializer-destructor
008b2820	StdList_Ctor_sz18_008b2820	ambiguous-or-no-donor-match	initializer-destructor
008b28b0	StdList_Ctor_sz18_008b28b0	ambiguous-or-no-donor-match	initializer-destructor
008b2c20	StdList_Ctor_sz18_008b2c20	ambiguous-or-no-donor-match	initializer-destructor
008b2cb0	StdList_Ctor_sz18_008b2cb0	ambiguous-or-no-donor-match	initializer-destructor
008b2d40	StdList_Ctor_sz18_008b2d40	ambiguous-or-no-donor-match	initializer-destructor
008ebdb0	ListSentinel_Ctor_sz10_008ebdb0	ambiguous-or-no-donor-match	initializer-destructor
008ebff0	ListSentinel_Ctor_sz10_008ebff0	ambiguous-or-no-donor-match	initializer-destructor
008f9f30	ListSentinel_Ctor_szc_008f9f30	ambiguous-or-no-donor-match	initializer-destructor
008fa040	ListSentinel_Ctor_szc_008fa040	ambiguous-or-no-donor-match	initializer-destructor
008fbd20	ListSentinel_Ctor_sz10_008fbd20	ambiguous-or-no-donor-match	initializer-destructor
0090aec0	Manager_ConstructAndRegister_0090aec0	ambiguous-or-no-donor-match	initializer-destructor
0094b730	ReturnTrue_0094b730	ambiguous-or-no-donor-match	thunk-stub-wrapper
00987670	ReturnParam_Identity_00987670	ambiguous-or-no-donor-match	thunk-stub-wrapper
00987700	ReturnParam_Identity_00987700	ambiguous-or-no-donor-match	thunk-stub-wrapper
00999f90	PtrHolder_Alloc_sz14_00999f90	ambiguous-or-no-donor-match	initializer-destructor
009aa690	ListSentinel_Ctor_sz10_009aa690	ambiguous-or-no-donor-match	initializer-destructor
009aa6c0	PtrHolder_Alloc_sz28_009aa6c0	ambiguous-or-no-donor-match	initializer-destructor
009aa6f0	PtrHolder_Alloc_sz28_009aa6f0	ambiguous-or-no-donor-match	initializer-destructor
009aa720	PtrHolder_Alloc_sz18_009aa720	ambiguous-or-no-donor-match	initializer-destructor
009aa750	PtrHolder_Alloc_sz14_009aa750	ambiguous-or-no-donor-match	initializer-destructor
009ac290	ListSentinel_Ctor_sz10_009ac290	ambiguous-or-no-donor-match	initializer-destructor
009b3430	PtrHolder_Alloc_sz18_009b3430	ambiguous-or-no-donor-match	initializer-destructor
009b3f00	StdList_Ctor_sz18_009b3f00	ambiguous-or-no-donor-match	initializer-destructor
009b6f40	StdList_Ctor_sz18_009b6f40	ambiguous-or-no-donor-match	initializer-destructor
009bdec0	ListSentinel_Ctor_sz24_009bdec0	ambiguous-or-no-donor-match	initializer-destructor
009be170	ListSentinel_Ctor_sz24_009be170	ambiguous-or-no-donor-match	initializer-destructor
009c2200	ListSentinel_Ctor_szc_009c2200	ambiguous-or-no-donor-match	initializer-destructor
009c22b0	PtrHolder_Alloc_sz20_009c22b0	ambiguous-or-no-donor-match	initializer-destructor
009c2320	PtrHolder_Alloc_sz14_009c2320	ambiguous-or-no-donor-match	initializer-destructor
009c2540	ListSentinel_Ctor_szc_009c2540	ambiguous-or-no-donor-match	initializer-destructor
009c25f0	StdList_Ctor_sz20_009c25f0	ambiguous-or-no-donor-match	initializer-destructor
009c26e0	StdList_Ctor_sz14_009c26e0	ambiguous-or-no-donor-match	initializer-destructor
009c2b00	StdList_Ctor_sz20_009c2b00	ambiguous-or-no-donor-match	initializer-destructor
009c2bd0	StdList_Ctor_sz14_009c2bd0	ambiguous-or-no-donor-match	initializer-destructor
009c6710	ListSentinel_Ctor_sz14_009c6710	ambiguous-or-no-donor-match	initializer-destructor
009c67b0	ListSentinel_Ctor_szc_009c67b0	ambiguous-or-no-donor-match	initializer-destructor
009c68d0	ListSentinel_Ctor_sz10_009c68d0	ambiguous-or-no-donor-match	initializer-destructor
009c6910	ListSentinel_Ctor_szb8_009c6910	ambiguous-or-no-donor-match	initializer-destructor
009c6ac0	ListSentinel_Ctor_sz14_009c6ac0	ambiguous-or-no-donor-match	initializer-destructor
009c6b60	ListSentinel_Ctor_szc_009c6b60	ambiguous-or-no-donor-match	initializer-destructor
009c7000	ListSentinel_Ctor_sz10_009c7000	ambiguous-or-no-donor-match	initializer-destructor
009c7730	ListSentinel_Ctor_szb8_009c7730	ambiguous-or-no-donor-match	initializer-destructor
009d2840	PtrHolder_Alloc_sz20_009d2840	ambiguous-or-no-donor-match	initializer-destructor
009d2ab0	StdList_Ctor_sz20_009d2ab0	ambiguous-or-no-donor-match	initializer-destructor
009d3890	StdList_Ctor_sz18_009d3890	ambiguous-or-no-donor-match	initializer-destructor
009d46d0	StdList_Ctor_sz20_009d46d0	ambiguous-or-no-donor-match	initializer-destructor
009d7740	ListSentinel_Ctor_sz10_009d7740	ambiguous-or-no-donor-match	initializer-destructor
009d7850	PtrHolder_Alloc_sz14_009d7850	ambiguous-or-no-donor-match	initializer-destructor
009d7b40	StdList_Ctor_sz14_009d7b40	ambiguous-or-no-donor-match	initializer-destructor
009d83b0	Container_AllocAndStorePtr_9d83b0	ambiguous-or-no-donor-match	allocator-wrapper
009eebe0	Container_AllocAndStorePtr_9eebe0	ambiguous-or-no-donor-match	allocator-wrapper
009eec60	Container_AllocAndStorePtr_9eec60	ambiguous-or-no-donor-match	allocator-wrapper
009f0ce0	Container_AllocAndStorePtr_9f0ce0	ambiguous-or-no-donor-match	allocator-wrapper
009f7b60	MapIterator_CountDistance	ambiguous-or-no-donor-match	container-template
009f7d70	MapIterator_CountDistance_9f7d70	ambiguous-or-no-donor-match	container-template
00a215a0	Container_AllocAndStorePtr_a215a0	ambiguous-or-no-donor-match	allocator-wrapper
00a21610	Container_AllocAndStorePtr_a21610	ambiguous-or-no-donor-match	allocator-wrapper
00a2abd0	Container_AllocAndStorePtr_a2abd0	ambiguous-or-no-donor-match	allocator-wrapper
00a2ac00	Container_AllocAndStorePtr_a2ac00	ambiguous-or-no-donor-match	allocator-wrapper
00a39440	Container_AllocAndStorePtr_a39440	ambiguous-or-no-donor-match	allocator-wrapper
00a54160	Container_AllocAndStorePtr_a54160	ambiguous-or-no-donor-match	allocator-wrapper
00a60990	Container_AllocAndStorePtr_a60990	ambiguous-or-no-donor-match	allocator-wrapper
00a7f680	Container_AllocAndStorePtr_a7f680	ambiguous-or-no-donor-match	allocator-wrapper
00a7f6f0	Container_AllocAndStorePtr_a7f6f0	ambiguous-or-no-donor-match	allocator-wrapper
00ad2330	Container_AllocAndStorePtr_ad2330	ambiguous-or-no-donor-match	allocator-wrapper
00ad2360	Container_AllocAndStorePtr_ad2360	ambiguous-or-no-donor-match	allocator-wrapper
00ad23a0	Container_AllocAndStorePtr_ad23a0	ambiguous-or-no-donor-match	allocator-wrapper
00ad2450	Container_AllocAndStorePtr_ad2450	ambiguous-or-no-donor-match	allocator-wrapper
00adb240	Object_AllocateBuffer_adb240	ambiguous-or-no-donor-match	allocator-wrapper
00add130	Callback_InvokePair_add130	ambiguous-or-no-donor-match	initializer-destructor
00b2e7b0	Object_AllocateBuffer_b2e7b0	ambiguous-or-no-donor-match	allocator-wrapper
00b3e790	Object_AllocateBuffer_b3e790	ambiguous-or-no-donor-match	allocator-wrapper
00b43bf0	Object_AllocateBuffer_b43bf0	ambiguous-or-no-donor-match	allocator-wrapper
00b96540	Object_AllocateBuffer_b96540	ambiguous-or-no-donor-match	allocator-wrapper
00b96570	Object_AllocateBuffer_b96570	ambiguous-or-no-donor-match	allocator-wrapper
00b96640	Object_AllocateBuffer_b96640	ambiguous-or-no-donor-match	allocator-wrapper
00bce370	Object_AllocateBuffer_bce370	ambiguous-or-no-donor-match	allocator-wrapper
00bd84f0	Object_AllocateBuffer_bd84f0	ambiguous-or-no-donor-match	allocator-wrapper
00c08880	Object_SetVtable_c08880	ambiguous-or-no-donor-match	thunk-stub-wrapper
00c19f90	Getter_Field84	ambiguous-or-no-donor-match	field-accessor
00c207f0	Object_Destruct_c207f0	ambiguous-or-no-donor-match	initializer-destructor
00c20ef0	IsStateStreaming_2to4	ambiguous-or-no-donor-match	field-accessor
00c29eb0	Ctor_SetVtable_012b40a4	ambiguous-or-no-donor-match	initializer-destructor
00c29f50	Ctor_Init_012b40a4	ambiguous-or-no-donor-match	initializer-destructor
00c2d7b0	CTCInventory_CheckSlotTypeNegative	ambiguous-or-no-donor-match	semantic-logic
00c334d0	CTCHeroStats_GetVectorArraysIfInitialized	ambiguous-or-no-donor-match	initializer-destructor
00c336f0	Constraint_NotifyGlobalManager	ambiguous-or-no-donor-match	semantic-logic
00c359e0	CExclusiveAssert_OnQuestItemUsed_Bool	ambiguous-or-no-donor-match	thunk-stub-wrapper
00c362f0	CSBAgents_BuildAndDispatch_A	ambiguous-or-no-donor-match	semantic-logic
00c36e00	CSBAgents_BuildAndDispatch_SummonerLightning	ambiguous-or-no-donor-match	field-accessor
00c36fb0	CSBAgents_BuildAndDispatch_TavernGame	ambiguous-or-no-donor-match	semantic-logic
00c37000	IntelligentPointer_BuildAndDispatchFloat	ambiguous-or-no-donor-match	semantic-logic
00c37c40	CSBAgents_BuildAndDispatch_CreatureOpinion	ambiguous-or-no-donor-match	initializer-destructor
00c3abf0	SubPrimitiveList_ConstructNodeA	ambiguous-or-no-donor-match	initializer-destructor
00c3b180	SubPrimitiveList_ConstructNodeB	ambiguous-or-no-donor-match	initializer-destructor
00c43de0	DrawAutoPickups_SelectAndDrawPrimitive	ambiguous-or-no-donor-match	semantic-logic
00c43f80	Weapon_ProcessAnimFrameIfReady	ambiguous-or-no-donor-match	semantic-logic
00c44b50	InputEvent_CheckKeyAndGetFrames	ambiguous-or-no-donor-match	field-accessor
00c44dc0	FireballSpell_DispatchScaledDamage	ambiguous-or-no-donor-match	field-accessor
00c592c0	Ctor_SetVtable_012b8f64	ambiguous-or-no-donor-match	initializer-destructor
00c59570	Ctor_ZeroInit_012b8f64	ambiguous-or-no-donor-match	initializer-destructor
00c61ce0	Getter_TripleDeref	ambiguous-or-no-donor-match	field-accessor
00c62a30	StreamBuffer_AdvancePosition	ambiguous-or-no-donor-match	semantic-logic
00c74f60	Ctor_Init_012bf074	ambiguous-or-no-donor-match	initializer-destructor
00c75400	Ctor_Init_012bf074_b	ambiguous-or-no-donor-match	initializer-destructor
00c88e60	Audio_ProcessFilter4Channel	ambiguous-or-no-donor-match	semantic-logic
00c8bae0	Script_GetEntryPointer	ambiguous-or-no-donor-match	field-accessor
00c8c730	Batch_InvokeWithStackArgs_c8c730	ambiguous-or-no-donor-match	semantic-logic
00c92f10	DSP_ComputeRunningMinEnvelope	ambiguous-or-no-donor-match	semantic-logic
00c93080	FFT_ComputeWaveformEnvelope	ambiguous-or-no-donor-match	semantic-logic
00c93b30	Audio_ApplyGainTableToBuffer	ambiguous-or-no-donor-match	semantic-logic
00c94190	Audio_ComputeClampedPosition	ambiguous-or-no-donor-match	semantic-logic
00c942b0	Audio_ComputeLog2WeightedCoeff	ambiguous-or-no-donor-match	semantic-logic
00c9cb60	Math_ComputeByteChunkCount	ambiguous-or-no-donor-match	semantic-logic
00c9e4a0	Audio_CheckBufferRegionActive	ambiguous-or-no-donor-match	semantic-logic
00c9f8c0	Mesh_BlendMorphStreams	ambiguous-or-no-donor-match	semantic-logic
00ca5e70	CritSec_GetDividedValue_Locked	ambiguous-or-no-donor-match	field-accessor
00ca8610	COM_QueryInterface_012a9a24	ambiguous-or-no-donor-match	semantic-logic
00ca86d0	Com_CreateWithFallback	ambiguous-or-no-donor-match	semantic-logic
00ca8d50	Enumerate_QueryInterface_012a9a24	ambiguous-or-no-donor-match	semantic-logic
00ca9c80	Object_AcquireField26	ambiguous-or-no-donor-match	field-accessor
00ca9ec0	GetVectorFields_Locked	ambiguous-or-no-donor-match	initializer-destructor
00caa040	GetBufferOffset_Locked	ambiguous-or-no-donor-match	field-accessor
00cdb550	Alloc_Struct0x24_cdb550	ambiguous-or-no-donor-match	allocator-wrapper
00e245e0	StringList_FindDuplicateEntry	ambiguous-or-no-donor-match	initializer-destructor
00e7f7d0	GetFloatTableEntryByIndex	ambiguous-or-no-donor-match	field-accessor
00e83920	ScriptThingContext_Construct_A	ambiguous-or-no-donor-match	initializer-destructor
00ed7d50	ScriptThingContext_Construct_B	ambiguous-or-no-donor-match	initializer-destructor
00ee91e0	Script_MakeThingsSpeakNumbered	ambiguous-or-no-donor-match	semantic-logic
01229370	GlobalDtor_Free_013ba8ec	ambiguous-or-no-donor-match	initializer-destructor
01229630	GlobalDtor_Free_013bac20	ambiguous-or-no-donor-match	initializer-destructor
0122a2f0	DynamicInit_013bb6a4	ambiguous-or-no-donor-match	initializer-destructor
0122ad60	GlobalDtor_Free_014377f0	ambiguous-or-no-donor-match	initializer-destructor
0122adb0	GlobalDtor_Free_0143b978	ambiguous-or-no-donor-match	initializer-destructor
0132d470	InvalidDecode_HaltStub	ambiguous-or-no-donor-match	invalid-boundary
