address	name	module	checker_verdict	origin	snapshot	declaration_header	sha256	bytes	integrity	integrity_detail	host_cpp20_syntax	compiler_errors	first_blocker	missing_dependencies	vc71_incompatibilities	vc71_features	compile_ready
00401067	entry	_global	PASS	wave3	D:\Documents\FableTLC\rebuild\candidates\snapshots\0x00401067_global_entry.cpp		4eb19f1aa019d4270b84c97426f6ff3cddc1e3bc1e2983ca4eb88abd5ba61fba	6600	PASS		FAIL	9	static assertion failed	_exception;_startupinfo;startupInfoArgs	50	auto:6;nullptr:3;static_assert:11;std-fixed-width:30	0
00401296	__onexit	_global	PASS	wave3	D:\Documents\FableTLC\rebuild\candidates\snapshots\0x00401296_global_onexit.cpp		2d4b2b837dd64603b6c05cb6e0d59ef025aa96b922662ae35ae2f75a5a094efd	519	PASS		PASS	0			0		1
004012ce	__RTC_Initialize	_global	PASS	wave3	D:\Documents\FableTLC\rebuild\candidates\snapshots\0x004012CE_global_RTC_Initialize.cpp		97ddab1f0f288d3647cfd5d3df1ae48ed9596bb2af445723261c976b5942615b	339	PASS		PASS	0			2	nullptr:1;using-alias:1	0
00401356	initterm	_global	PASS	wave3	D:\Documents\FableTLC\rebuild\candidates\snapshots\0x00401356_MSVCR71.DLL_initterm.cpp		76f9b200542becad7649d50717c8865c0f62af79b614aecdb7c106208041a3fe	114	PASS		FAIL	2	expected '(' before '{' token	jmp	0		0
0040135c	__setdefaultprecision	_global	PASS	wave3	D:\Documents\FableTLC\rebuild\candidates\snapshots\0x0040135C_global_setdefaultprecision.cpp		85749a919c76341f799c8e13edbc5ce65929e664e3b541997d753f1a2e600bc1	110	PASS		PASS	0			0		1
0040138c	__SEH_prolog	_global	PASS	wave3	D:\Documents\FableTLC\rebuild\candidates\snapshots\0x0040138C_global_SEH_prolog.cpp		9fc22d5559456d734d00ef2ce7b7da4073f560d241ee760a1d97f46fdd24efea	792	PASS		FAIL	2	expected '(' before '{' token	push	2	std-fixed-width:2	0
004013c7	__SEH_epilog	_global	PASS	wave3	D:\Documents\FableTLC\rebuild\candidates\snapshots\0x004013C7_global_SEH_epilog.cpp		49ffbc5c44f85601075ec1175f7f3fbceac359250ad5dfa1dc87c64d96f3dddf	299	PASS		FAIL	2	expected '(' before '{' token	mov	0		0
004013de	__dllonexit	_global	PASS	wave3	D:\Documents\FableTLC\rebuild\candidates\snapshots\0x004013DE_MSVCR71.DLL_dllonexit.cpp		590b906237e1863ac3a80b896bbad2cc5c0d05efdb184d37b373e2271335bff4	117	PASS		FAIL	2	expected '(' before '{' token	jmp	0		0
00401c00	GFHandleSystemInitError	_global	PASS	wave3	D:\Documents\FableTLC\rebuild\candidates\snapshots\0x00401C00_global_GFHandleSystemInitError.cpp		19358ffaa77be114b2abb2897f4261f99127fe065025b03b44f38401bca6e8e5	9788	PASS		PASS	0			5	static_assert:2;std-fixed-width:3	0
00401f30	GFGetBuildNumber2	_global	PASS	wave3	D:\Documents\FableTLC\rebuild\candidates\snapshots\0x00401F30_global_GFGetBuildNumber2.cpp		09f0c8e5199269c2c3cf9dbcc9e5d7799a5b4a71f3bb3ac5b4d04bef2df73ebc	2569	PASS		PASS	0			8	static_assert:5;std-fixed-width:3	0
00402130	MyDocuments_CheckWritePermissions	_global	PASS	wave3	D:\Documents\FableTLC\rebuild\candidates\snapshots\0x00402130_global_MyDocuments_CheckWritePermissions.cpp		88c6b83f854f71f6faf78beedffaab4cc19bc4fabc88b5a866d3176a9e315421	6575	PASS		PASS	0			29	nullptr:5;static_assert:11;std-fixed-width:8;using-alias:5	0
004022b0	GFInitialise	_global	PASS	wave3	D:\Documents\FableTLC\rebuild\candidates\snapshots\0x004022B0_global_GFInitialise.cpp		b062f10a5bdcfef8018bf4ed3b9a6a1a218ae27016fa07ff83cf82210af7367c	4991	PASS		FAIL	5	invalid use of incomplete type 'struct CDisplayManager'	struct CDisplayManager	47	auto:6;static_assert:9;std-fixed-width:32	0
00403480	_WinMain@16	_global	PASS	wave3	D:\Documents\FableTLC\rebuild\candidates\snapshots\0x00403480_global_WinMain_16.cpp		66b1b6495a82ce235835aecedaa67fb6a658e4fcf2bcb8a1598b26aace97ff04	1865	PASS		PASS	0			16	nullptr:2;static_assert:2;std-fixed-width:6;using-alias:6	0
00403c60	MemCmp_Unsigned16	_global	PASS	wave3	D:\Documents\FableTLC\rebuild\candidates\snapshots\0x00403C60_global_MemCmp_Unsigned16.cpp		8792e14a94594933ed90e48936912abe315d0d7453904592fa448611306607ba	508	PASS		PASS	0			6	auto:1;std-fixed-width:5	0
00404280	WideString_EqualsLen	_global	PASS	wave3	D:\Documents\FableTLC\rebuild\candidates\snapshots\0x00404280_global_WideString_EqualsLen.cpp		e3b27cae494949be85f20323cf0a94580259e20069ef4fbcc95a23e20942cac0	1166	PASS		PASS	0			17	static_assert:3;std-fixed-width:14	0
00404310	CCharString_ComputeCRC32	_global	PASS	wave3	D:\Documents\FableTLC\rebuild\candidates\snapshots\0x00404310_global_CCharString_ComputeCRC32.cpp		fa21a7b0d952db422c26d61babb25753bee3785dbf406dd886f92ecc44fa5d33	796	PASS		PASS	0			9	nullptr:3;static_assert:3;std-fixed-width:3	0
00404690	std_list_node_Init	_global	PASS	wave3	D:\Documents\FableTLC\rebuild\candidates\snapshots\0x00404690_global_std_list_node_Init.cpp		58580018a271a3982a1a6e01944cea95ec7dd5fdf0e2ce7da4d04c8f5d70a76c	590	PASS		PASS	0			6	auto:1;nullptr:1;static_assert:3;std-fixed-width:1	0
004046f0	ListNode_Create_Circular	_global	PASS	wave3	D:\Documents\FableTLC\rebuild\candidates\snapshots\0x004046F0_global_ListNode_Create_Circular.cpp		5061bdbf39b36ffb0794c478e245ff4dfbf69b784dd2c85bcaa13feddebb22e5	596	PASS		PASS	0			6	auto:1;nullptr:1;static_assert:3;std-fixed-width:1	0
00404a90	$E2	_global	PASS	wave3	D:\Documents\FableTLC\rebuild\candidates\snapshots\0x00404A90_global_E2.cpp		2e5a23b28091a5607ed583896cb7af5d35b11074673d7d543cc92436d26dcccb	1175	PASS		PASS	0			20	std-fixed-width:20	0
00405ba0	Std_Move_Backward	_global	PASS	wave3	D:\Documents\FableTLC\rebuild\candidates\snapshots\0x00405BA0_global_Std_Move_Backward.cpp		d03cf41ab059e8167636be8411753f095dd89cfd4e8644d1e9e3b06bffb0c2df	431	PASS		PASS	0			4	auto:1;std-fixed-width:3	0
00406770	$E2	_global	PASS	wave3	D:\Documents\FableTLC\rebuild\candidates\snapshots\0x00406770_global_E2.cpp		545a801f843e0f0bd4a735176adba734b9a1ba496238c4671791b0ba59483cbb	42	PASS		PASS	0			0		1
00409090	Engine_FindPrimitiveInArray	_global	PASS	wave3	D:\Documents\FableTLC\rebuild\candidates\snapshots\0x00409090_global_Engine_FindPrimitiveInArray.cpp		dec9553ae390324de5f8ea086d49a58dbfd073b723e66ab2b647418554ca5d00	2191	PASS		PASS	0			10	nullptr:5;static_assert:1;std-fixed-width:4	0
0040bb90	CUserProfileManager_SaveAndCleanup	_global	PASS	wave3	D:\Documents\FableTLC\rebuild\candidates\snapshots\0x0040BB90_global_CUserProfileManager_SaveAndCleanup.cpp		c0c46c0ceff4612066ae871fbacdf0f16371b1d42e05476bf7538fc2dc2fb741	2109	PASS		PASS	0			22	auto:1;nullptr:1;static_assert:7;std-fixed-width:13	0
0040cec0	CUserProfileManager_Constructor	_global	FAIL	wave3	D:\Documents\FableTLC\rebuild\candidates\snapshots\0x0040CEC0_global_CUserProfileManager_Constructor.cpp		6f9d462f635039a13a752e6fa2e9b73bb943d312ccc247e157b7b6d199a7b464	14968	PASS		PASS	0			99	auto:1;nullptr:18;static_assert:25;std-fixed-width:54;using-alias:1	0
0040e130	Vector_FreeElements	_global	PASS	wave3	D:\Documents\FableTLC\rebuild\candidates\snapshots\0x0040E130_global_Vector_FreeElements.cpp		c7b21f18b5541de663959b0bf1c65c678ea25a9b6941240c368daadc1bf0b123	208	PASS		PASS	0			1	nullptr:1	0
0040e170	Array_LinearSearchInt	_global	PASS	wave3	D:\Documents\FableTLC\rebuild\candidates\snapshots\0x0040E170_global_Array_LinearSearchInt.cpp		3178406a291e3c15f9180dbdef388697be9e6d0c411610011eac4b11ad3fd15e	1470	PASS		PASS	0			0		1
004aacc0	CScriptThing::MsgPerformedAnySpecialAbility	CScriptThing	PASS	wave3	D:\Documents\FableTLC\rebuild\candidates\snapshots\0x004AACC0_global_MsgPerformedAnySpecialAbility_CScriptThing_UBE_NXZ.cpp		c10139bb1a8441baad128066f82321ef46c576e215a9f9a739e58f5babc744eb	940	PASS		FAIL	1	invalid use of incomplete type 'class CScriptThing'	class CScriptThing	3	static_assert:3	0
004aace0	CScriptThing::MsgPerformedAnyAggressiveSpecialAbility	CScriptThing	PASS	wave3	D:\Documents\FableTLC\rebuild\candidates\snapshots\0x004AACE0_global_MsgPerformedAnyAggressiveSpecialAbility_CScriptThing_UBE_NXZ.cpp		bec21d7630bb814fee69f0d129b0d75b0d56b3267fd186d479d9669b29e0903f	1382	PASS		FAIL	1	invalid use of incomplete type 'class CScriptThing'	class CScriptThing	8	auto:3;nullptr:1;static_assert:2;std-fixed-width:1;using-alias:1	0
004aad00	CScriptThing::MsgPerformedAnyNonAggressiveSpecialAbility	CScriptThing	PASS	wave3	D:\Documents\FableTLC\rebuild\candidates\snapshots\0x004AAD00_global_MsgPerformedAnyNonAggressiveSpecialAbility_CScriptThing_UBE_NXZ.cpp		4ffe5f67e239e678f673aef9cc24a61014ff17c200104c63995517f8f4021fa0	1425	PASS		FAIL	1	invalid use of incomplete type 'class CScriptThing'	class CScriptThing	8	auto:3;nullptr:1;static_assert:2;std-fixed-width:1;using-alias:1	0
004aada0	CScriptThing::MsgOpenedChest	CScriptThing	PASS	wave3	D:\Documents\FableTLC\rebuild\candidates\snapshots\0x004AADA0_global_MsgOpenedChest_CScriptThing_UBE_NXZ.cpp		9417493f71cc2ebe516de2eb449c8e411323e6d6a3e5f78e981d84d5c10dde3b	811	PASS		FAIL	1	invalid use of incomplete type 'class CScriptThing'	class CScriptThing	3	static_assert:2;std-fixed-width:1	0
004aaf80	CScriptThing::MsgIsKicked	CScriptThing	PASS	wave3	D:\Documents\FableTLC\rebuild\candidates\snapshots\0x004AAF80_global_MsgIsKicked_CScriptThing_UBE_NXZ.cpp		ac269e63e55a99a9a799bfd5434d59c36201bfcd98aac475ae9f1832b2c31241	1075	PASS		FAIL	1	invalid use of incomplete type 'class CScriptThing'	class CScriptThing	8	auto:3;nullptr:1;static_assert:2;std-fixed-width:1;using-alias:1	0
004ab040	CScriptThing::SetAsUsable	CScriptThing	PASS	wave3	D:\Documents\FableTLC\rebuild\candidates\snapshots\0x004AB040_global_SetAsUsable_CScriptThing_UAEX_N_Z.cpp		39c58caeaec4e17c7c0c6ef3f40021e1c462e89eae329d0fc1cfa31a7493a074	1094	PASS		FAIL	1	invalid use of incomplete type 'class CScriptThing'	class CScriptThing	7	auto:2;nullptr:1;static_assert:3;using-alias:1	0
004fe7f0	CollectSoundThemeSwitchDefs	_global	PASS	wave3	D:\Documents\FableTLC\rebuild\candidates\snapshots\0x004FE7F0_global_CollectSoundThemeSwitchDefs.cpp		2e7828a40d3c64ad27e5535596ad661b9180913f9eb0f86fd76aedf6f5bfd5ab	10371	PASS		FAIL	35	static assertion failed	::LTextTreeWalkThrough;CCharString;CDefinitionManager;CDefPointer;CollectSoundThemeSwitchDefs_PostLookup;CollectSoundThemeSwitchDefs_PreLookup;COptimisedPrimitive;CThingPhysicalSwitchDef;definitionManager;LTextBinNode;LTextBinTree;LTextGroup;LTextTreeWalkThrough;self;soundThemeStorage;symbol	83	auto:8;nullptr:8;static_assert:23;std-fixed-width:43;using-alias:1	0
0050a650	GetMapNavigationAreaInit	CWorldMap	PASS	wave3	D:\Documents\FableTLC\rebuild\candidates\snapshots\0x0050A650_CWorldMap_GetMapNavigationAreaInit.cpp		81519a00f6a9d5a38856fe9c8d7ecfbb15dc4c5a578d68ce707b3a4f7b7f39c0	26227	PASS		FAIL	96	use of enum 'EHeroMorphType' without previous declaration	CFilter_Bind2;CFilter_Bind3;class CTCPhysicsBase;class CVertexBufferWin32;const class CThingSearchTools;CThingCompare_Nearest;CThingFilter_In2DRange;CThingFilter_IsAICreatureAwareOf;CThingFilter_IsAvailableForCreatureInteraction;CThingFilter_IsHuman;CThingFilter_IsIncapacitated;CThingFilter_IsNot;CThingFilter_IsPerceivingThing;CWorldMap;CWorldMap_GetMapNavigationAreaInit_Pair;EHeroMorphType;extraout_EDX;extraout_EDX_00;extraout_EDX_01;extraout_EDX_02;extraout_EDX_03;extraout_EDX_04;extraout_EDX_05;extraout_EDX_06;std;unaff_EDI	93	auto:32;nullptr:19;static_assert:20;std-fixed-width:20;using-alias:2	0
0063a970	SetThemeAtBlock	CWorldMap	PASS	wave3	D:\Documents\FableTLC\rebuild\candidates\snapshots\0x0063A970_CWorldMap_SetThemeAtBlock.cpp		402744448eb603383160796c56eed87a09725d7dc56883da4a9fba6f99055452	681	PASS		FAIL	8	'CWorldMap' has not been declared	C2DCoordI;CWorldMap;EThemePaintType;GetMap;GetMapNumberAt;IsPosChangeable;localCoord	0		0
0063a9e0	CWorldMap::SetThemeBlendAtBlock	CWorldMap	PASS	wave3	D:\Documents\FableTLC\rebuild\candidates\snapshots\0x0063A9E0_CWorldMap_SetThemeBlendAtBlock.cpp		f5f879a47094f90379e3914c8ca43a2ec95271a2ccb469e027bb89e986d46020	773	PASS		FAIL	8	'CWorldMap' has not been declared	C2DCoordI;CWorldMap;EThemePaintType;GetMap;GetMapNumberAt;IsPosChangeable;localCoord	0		0
0063aa50	GetThemeAtBlock	CWorldMap	PASS	wave3	D:\Documents\FableTLC\rebuild\candidates\snapshots\0x0063AA50_CWorldMap_GetThemeAtBlock.cpp		0a0558d9d6c0580f7660800066e366ecb4d2cdba009d1bd5dddae8a1d5a8628d	630	PASS		FAIL	8	'CWorldMap' has not been declared	C2DCoordI;CWorldMap;EThemePaintType;GetMapNumberAt;localCoord;PeekMap	0		0
0063aab0	GetThemeBlendAtBlock	CWorldMap	PASS	wave3	D:\Documents\FableTLC\rebuild\candidates\snapshots\0x0063AAB0_CWorldMap_GetThemeBlendAtBlock.cpp		81e6edba4581b29d79a3991e7086467ceee6f7b8cd404b8f059b8b0fece7baad	675	PASS		FAIL	8	'CWorldMap' has not been declared	C2DCoordI;CWorldMap;EThemePaintType;GetMapNumberAt;localCoord;PeekMap	0		0
00662020	Getter_FieldE0_FC	_global	PASS	wave3	D:\Documents\FableTLC\rebuild\candidates\snapshots\0x00662020_global_Getter_FieldE0_FC.cpp		d4aeb9d05d61cbfbf1174fd1429c28ea207e569294f4fe593014b35e4d6ea302	581	PASS		PASS	0			6	static_assert:2;std-fixed-width:4	0
006b0730	CTCPhysicsBase	CTCPhysicsBase	PASS	wave3	D:\Documents\FableTLC\rebuild\candidates\snapshots\0x006B0730_CTCPhysicsBase_CTCPhysicsBase.cpp		963bd047ac09673b403de51e491effde4a982be766f1141d23854fb55584cf9c	1971	PASS		FAIL	12	'C3DVector' does not name a type	C3DVector;CTCPhysicsBase	14	auto:1;static_assert:9;std-fixed-width:4	0
006e7290	CGameScriptInterface::EndLetterBox	CGameScriptInterface	PASS	wave3	D:\Documents\FableTLC\rebuild\candidates\snapshots\0x006E7290_global_EndLetterBox_CGameScriptInterface_MAEXXZ.cpp		f5b6c5246849bf1ca12d3ec2a16ec84408b371cbf853a43a9095f3a3b523148d	611	PASS		PASS	0			3	auto:1;static_assert:1;std-fixed-width:1	0
006e7340	CGameScriptInterface::GetGameAngleXY	CGameScriptInterface	PASS	wave3	D:\Documents\FableTLC\rebuild\candidates\snapshots\0x006E7340_global_GetGameAngleXY_CGameScriptInterface_UBEMXZ.cpp		d514f37c94c526ee32a63e657d273e86a6be302a9f2e62e04026ed35ef1377d9	1770	PASS		PASS	0			12	auto:5;static_assert:2;std-fixed-width:3;using-alias:2	0
00713140	CActionDoCreatureAction	CActionDoCreatureAction	PASS	wave3	D:\Documents\FableTLC\rebuild\candidates\snapshots\0x00713140_NTCScriptedControl_CActionDoCreatureAction_CActionDoCreatureAction.cpp		3a89d95831d3e364cecb972106916c1d8a9e80da0f05e089e47c6b1d39f5547c	2734	PASS		FAIL	1	invalid use of incomplete type 'class NTCScriptedControl::CActionDoCreatureAction'	class NTCScriptedControl::CActionDoCreatureAction	24	auto:5;static_assert:8;std-fixed-width:10;using-alias:1	0
007266c0	CTCPhysicsBase	CTCPhysicsBase	PASS	wave3	D:\Documents\FableTLC\rebuild\candidates\snapshots\0x007266C0_CTCPhysicsBase_CTCPhysicsBase.cpp		083a9446fbd6a0afffa353a3c9bc590be287c26e541d0b2122cd0021adfdf704	1401	PASS		FAIL	5	static assertion failed	CTCPhysicsBase	16	auto:1;static_assert:6;std-fixed-width:9	0
007602f0	Math_PolygonAngleSumClosureCheck	_global	PASS	wave3	D:\Documents\FableTLC\rebuild\candidates\snapshots\0x007602F0_global_Math_PolygonAngleSumClosureCheck.cpp		a5bfc6823a7d803b112da873043d3c94b2f0d3215a004b17be293e96275bfd47	5367	PASS		FAIL	4	expected '(' before '{' token	fld	16	auto:1;static_assert:6;std-fixed-width:9	0
0081ee60	SetEngineThemeAt	CMap	PASS	wave3	D:\Documents\FableTLC\rebuild\candidates\snapshots\0x0081EE60_CMap_SetEngineThemeAt.cpp		135fa63d58ce2cdc94a245fadd48ea859258797bb9d8d74f7919dc593f5be79a	2736	PASS		FAIL	6	'CMap' has not been declared	AddThemeDefIndexToPalette;CMap;EThemePaintType	14	auto:1;static_assert:8;std-fixed-width:5	0
0081efc0	SetEngineBlendAt	CMap	PASS	wave3	D:\Documents\FableTLC\rebuild\candidates\snapshots\0x0081EFC0_CMap_SetEngineBlendAt.cpp		f1ed34a7c49e64fddb6ed78c63841ff1d814f16c1238b3f21c8e22d4f686867d	2148	PASS		FAIL	5	'CMap' has not been declared	CMap;EThemePaintType	15	auto:3;static_assert:8;std-fixed-width:4	0
0081f090	GetEngineThemeAt	CMap	PASS	wave3	D:\Documents\FableTLC\rebuild\candidates\snapshots\0x0081F090_CMap_GetEngineThemeAt.cpp		beb613144420a5bc321c8ad54b94d3e2e9e27a8f4133c1891ed82e4f73caaf34	3197	PASS		FAIL	6	'CMap' has not been declared	CMap;EThemePaintType	20	auto:1;static_assert:13;std-fixed-width:6	0
0081f170	GetEngineBlendAt	CMap	PASS	wave3	D:\Documents\FableTLC\rebuild\candidates\snapshots\0x0081F170_CMap_GetEngineBlendAt.cpp		b92c61309287ab15ad291dcb1d02366b52e7702f3131fe2cd22fa5b3a632f6cf	2255	PASS		FAIL	8	'CMap' has not been declared	CGameMapCell;CMap;EThemePaintType	15	auto:3;static_assert:8;std-fixed-width:4	0
0082e330	GetTheme	CScriptedMapBrush	PASS	wave3	D:\Documents\FableTLC\rebuild\candidates\snapshots\0x0082E330_CScriptedMapBrush_GetTheme.cpp		a9aff137fd3382b49eca3bd8bfa3b0975d9ae8c1b7190a2adc60789163ce95c5	950	PASS		FAIL	3	'CScriptedMapBrush' has not been declared	CScriptedMapBrush	6	auto:1;static_assert:5	0
0082e3d0	GetThemeBlend	CScriptedMapBrush	PASS	wave3	D:\Documents\FableTLC\rebuild\candidates\snapshots\0x0082E3D0_CScriptedMapBrush_GetThemeBlend.cpp		4126335a555a41e364c5d2718c29a071abe4b5ca2c11d43fae4a461735978d1b	959	PASS		FAIL	3	'CScriptedMapBrush' has not been declared	CScriptedMapBrush	6	auto:1;static_assert:5	0
0082e420	SetThemeBlend	CScriptedMapBrush	PASS	wave3	D:\Documents\FableTLC\rebuild\candidates\snapshots\0x0082E420_CScriptedMapBrush_SetThemeBlend.cpp		80f08182173dc104394cf00d13ecec907a4d5d3dd8d41aa8bdb4f91870672d5b	931	PASS		FAIL	2	'CScriptedMapBrush' has not been declared	CScriptedMapBrush	6	auto:1;static_assert:5	0
008368f0	ConditionalVirtualDispatch_OnLevelUnload	_global	PASS	wave3	D:\Documents\FableTLC\rebuild\candidates\snapshots\0x008368F0_global_ConditionalVirtualDispatch_OnLevelUnload.cpp		c4b673053e7f26909cb7d47e7203ac3bcae13731cc0467ef3ae0866de4edcdd4	1421	PASS		PASS	0			12	auto:2;static_assert:3;std-fixed-width:6;using-alias:1	0
0086c5c0	CPersistInfo_InsertionSortStep_0086c5c0	_global	PASS	wave3	D:\Documents\FableTLC\rebuild\candidates\snapshots\0x0086C5C0_global_CPersistInfo_InsertionSortStep_0086c5c0.cpp		6f66ef3ff1419a9bba6f2c366835cf5925b6a57fab9842ea6c14e2a792b30263	1754	PASS		PASS	0			12	static_assert:4;std-fixed-width:8	0
0086fa00	CPersistInfo_InsertionSortStep_0086fa00	_global	PASS	wave3	D:\Documents\FableTLC\rebuild\candidates\snapshots\0x0086FA00_global_CPersistInfo_InsertionSortStep_0086fa00.cpp		bd87332c12bb65579cc7c9b7890cff354fdf9088d07074f688a3d117439c665b	1753	PASS		PASS	0			12	static_assert:4;std-fixed-width:8	0
008702d0	Handle_InitInvalid_008702d0	_global	PASS	wave3	D:\Documents\FableTLC\rebuild\candidates\snapshots\0x008702D0_global_Handle_InitInvalid_008702d0.cpp		dbed26c0b7663e3bd701931d62fe4c986798bebb693fe920b936af19cae5fc6c	728	PASS		PASS	0			8	static_assert:4;std-fixed-width:4	0
0088e210	CGameScriptInterface::DisplayTime	CGameScriptInterface	PASS	wave3	D:\Documents\FableTLC\rebuild\candidates\snapshots\0x0088E210_global_DisplayTime_CGameScriptInterface_UBEX_N_Z.cpp		49b34530ecf5726c42e10acb6474225e98ea7e3497ad2b72e78e5e8720c84332	212	PASS		PASS	0			0		1
0088e4c0	CGameScriptInterface::FadeScreenIn	CGameScriptInterface	PASS	wave3	D:\Documents\FableTLC\rebuild\candidates\snapshots\0x0088E4C0_global_FadeScreenIn_CGameScriptInterface_UAEXXZ.cpp		60e0b3d9ecd687854b8485b44ff11c0e51b3f857fde11aed736b4a3f3541cee4	958	PASS		PASS	0			8	auto:2;static_assert:2;std-fixed-width:3;using-alias:1	0
0088e500	CGameScriptInterface::FixMovieSequenceCamera	CGameScriptInterface	PASS	wave3	D:\Documents\FableTLC\rebuild\candidates\snapshots\0x0088E500_global_FixMovieSequenceCamera_CGameScriptInterface_UBEX_N_Z.cpp		87a69d4638eb7fa2f7d984e17188a1efca261bb21cd373b7c3acf172f703ef8a	361	PASS		FAIL	1	'reinterpret_cast' from integer to pointer		2	auto:1;std-fixed-width:1	0
0088ec90	CGameScriptInterface::CameraSetCameraPreloadFlag	CGameScriptInterface	PASS	wave3	D:\Documents\FableTLC\rebuild\candidates\snapshots\0x0088EC90_global_CameraSetCameraPreloadFlag_CGameScriptInterface_UBEX_N_Z.cpp		0f85d9e3d6800e2264f7f14741e0036d19ac4ae9a9a5ddc8d8cda8625d808e09	1885	PASS		PASS	0			13	auto:4;static_assert:3;std-fixed-width:5;using-alias:1	0
0088ecc0	CGameScriptInterface::IsCameraInScriptedMode	CGameScriptInterface		wave3	D:\Documents\FableTLC\rebuild\candidates\snapshots\0x0088ECC0_global_IsCameraInScriptedMode_CGameScriptInterface_UBE_NXZ.cpp		8cffe010729492f47363d3e1cbe147446a6d6b58f98412c978040982b79315ad	1468	PASS		PASS	0			8	auto:3;static_assert:2;std-fixed-width:2;using-alias:1	0
0088ece0	CGameScriptInterface::CameraShake	CGameScriptInterface	PASS	wave3	D:\Documents\FableTLC\rebuild\candidates\snapshots\0x0088ECE0_global_CameraShake_CGameScriptInterface_UBEXMM_Z.cpp		8fc1af986887f3470e3b8a155d3ab4c0ec65303c9b9aa34d37a073e89568761e	2424	PASS		PASS	0			14	auto:5;static_assert:3;std-fixed-width:4;using-alias:2	0
0088eda0	CGameScriptInterface::CameraUseScreenEffect	CGameScriptInterface	PASS	wave3	D:\Documents\FableTLC\rebuild\candidates\snapshots\0x0088EDA0_global_CameraUseScreenEffect_CGameScriptInterface_UBEXMMM_Z.cpp		20d17b30bc3c2c30d2d64d9ea1455f87ad85402bdd7f43f9743d1357b26a631c	402	PASS		PASS	0			0		1
0088edb0	CGameScriptInterface::CameraCancelScreenEffect	CGameScriptInterface	PASS	wave3	D:\Documents\FableTLC\rebuild\candidates\snapshots\0x0088EDB0_global_CameraCancelScreenEffect_CGameScriptInterface_UBEXXZ.cpp		995d361e7e32d7634446e6665001395c5b29a4cb1155e796a258ef6ff31bd35d	177	PASS		PASS	0			0		1
0088f450	CGameScriptInterface::IsHeroSleepingEnabled	CGameScriptInterface		wave3	D:\Documents\FableTLC\rebuild\candidates\snapshots\0x0088F450_global_IsHeroSleepingEnabled_CGameScriptInterface_UBE_NXZ.cpp		f479e70c9fce3c97098967a00410951966f5ea0380dee72569a913c5d0e92e45	1137	PASS		PASS	0			12	auto:2;static_assert:2;std-fixed-width:8	0
0088f4a0	CGameScriptInterface::EnableDecals	CGameScriptInterface	PASS	wave3	D:\Documents\FableTLC\rebuild\candidates\snapshots\0x0088F4A0_global_EnableDecals_CGameScriptInterface_UBEX_N_Z.cpp		61d4ec5c7658c4ac38c47374fd8a687ae18bbab13216b89197f957a0cf96f45c	811	PASS		PASS	0			6	auto:1;static_assert:1;std-fixed-width:4	0
0088f620	CGameScriptInterface::EnableSounds	CGameScriptInterface	PASS	wave3	D:\Documents\FableTLC\rebuild\candidates\snapshots\0x0088F620_global_EnableSounds_CGameScriptInterface_UBEX_N_Z.cpp		0d40075bbcdb73648b8ae52bd40550c02dd5a86c1c92d43e8e5c9791e17ea294	1460	PASS		PASS	0			7	auto:1;nullptr:1;static_assert:2;std-fixed-width:2;using-alias:1	0
0088f900	CGameScriptInterface::GetCountdownTimer	CGameScriptInterface	PASS	wave3	D:\Documents\FableTLC\rebuild\candidates\snapshots\0x0088F900_global_GetCountdownTimer_CGameScriptInterface_UBEMXZ.cpp		afc11d3fad94568ae4435a4ca148e6fadf14301f67280b1d88481d30bf562064	593	PASS		PASS	0			5	auto:1;static_assert:1;std-fixed-width:3	0
0088f9e0	CGameScriptInterface::GetGuildSealRecallAngleXY	CGameScriptInterface	PASS	wave3	D:\Documents\FableTLC\rebuild\candidates\snapshots\0x0088F9E0_global_GetGuildSealRecallAngleXY_CGameScriptInterface_UBEMXZ.cpp		526dfbd0d410d8a326b2e21487b181f985160e7f26a2c06260ebb10e7469a8a2	1043	PASS		PASS	0			6	auto:2;static_assert:2;std-fixed-width:2	0
0088fa90	CGameScriptInterface::GetPlayerUsingMeleeDummies	CGameScriptInterface	PASS	wave3	D:\Documents\FableTLC\rebuild\candidates\snapshots\0x0088FA90_global_GetPlayerUsingMeleeDummies_CGameScriptInterface_UAE_NXZ.cpp		4251623a037d8d55c115ebec9f367faef850944c61df785b9f0887ea64a7a773	246	PASS		PASS	0			0		1
0088fab0	CGameScriptInterface::GetPlayerUsingRangedDummies	CGameScriptInterface	PASS	wave3	D:\Documents\FableTLC\rebuild\candidates\snapshots\0x0088FAB0_global_GetPlayerUsingRangedDummies_CGameScriptInterface_UAE_NXZ.cpp		cf89ec1db724a30a0e715199e33f6524056cdad7ce507b900eb516224875d870	248	PASS		PASS	0			0		1
0088fad0	CGameScriptInterface::GetPlayerUsingWillDummies	CGameScriptInterface		wave3	D:\Documents\FableTLC\rebuild\candidates\snapshots\0x0088FAD0_global_GetPlayerUsingWillDummies_CGameScriptInterface_UAE_NXZ.cpp		7a395622bbc94c8ea8aac0a3ee2814de44f93b9c2b3ac8c549f124829794c75f	244	PASS		PASS	0			0		1
0088faf0	CGameScriptInterface::GetCheapHeadLooking	CGameScriptInterface	PASS	wave3	D:\Documents\FableTLC\rebuild\candidates\snapshots\0x0088FAF0_global_GetCheapHeadLooking_CGameScriptInterface_UAE_NXZ.cpp		febdf0cde6a9bd42cd9ad4d5e87536cf256e8cfafb7a43eaea3906622ae3fd17	268	PASS		PASS	0			3	std-fixed-width:3	0
0088fb10	CGameScriptInterface::GetQuitTavernGame	CGameScriptInterface		wave3	D:\Documents\FableTLC\rebuild\candidates\snapshots\0x0088FB10_global_GetQuitTavernGame_CGameScriptInterface_UAE_NXZ.cpp		d292db60f9177f88171fc3fd259a5444b22364798293d96eb396c0af7ae02349	228	PASS		PASS	0			0		1
0088fb30	CGameScriptInterface::GetPrizeTavernTable	CGameScriptInterface		wave3	D:\Documents\FableTLC\rebuild\candidates\snapshots\0x0088FB30_global_GetPrizeTavernTable_CGameScriptInterface_UAE_NXZ.cpp		a2bc79decfdb16a47fdd9a3a26ea19aa7eb67958ff9692aed2b2b09c90e77ebd	232	PASS		PASS	0			0		1
0088fb50	CGameScriptInterface::GetBettingActive	CGameScriptInterface	PASS	wave3	D:\Documents\FableTLC\rebuild\candidates\snapshots\0x0088FB50_global_GetBettingActive_CGameScriptInterface_UAE_NXZ.cpp		f70878f279caeb56d729c0057d2548a37462a013e88716832b981ef118ff92bd	262	PASS		PASS	0			3	std-fixed-width:3	0
0088fb70	CGameScriptInterface::GetBettingAccept	CGameScriptInterface	PASS	wave3	D:\Documents\FableTLC\rebuild\candidates\snapshots\0x0088FB70_global_GetBettingAccept_CGameScriptInterface_UAE_NXZ.cpp		fe8cba90a967e5c2c1aa26b594dfaf7feab953c03f77b8e2951e3d713fa54011	262	PASS		PASS	0			3	std-fixed-width:3	0
0088fbb0	CGameScriptInterface::GetCountBetMoneyDown	CGameScriptInterface	PASS	wave3	D:\Documents\FableTLC\rebuild\candidates\snapshots\0x0088FBB0_global_GetCountBetMoneyDown_CGameScriptInterface_UAE_NXZ.cpp		e0cc4b2630fc63e99feb43bd04391bf92b3a501b1ae4bd9c9e0112d09c8b5708	212	PASS		PASS	0			0		1
0088fbd0	CGameScriptInterface::GetSpotTheAdditionBeaten	CGameScriptInterface		wave3	D:\Documents\FableTLC\rebuild\candidates\snapshots\0x0088FBD0_global_GetSpotTheAdditionBeaten_CGameScriptInterface_UAE_NXZ.cpp		18a0aba388108845ea780264f177038807919342fae07f5e3a9d46dd94847b30	242	PASS		PASS	0			0		1
0088fbf0	CGameScriptInterface::GetGlobalTargetingDistanceOffset	CGameScriptInterface	PASS	wave3	D:\Documents\FableTLC\rebuild\candidates\snapshots\0x0088FBF0_global_GetGlobalTargetingDistanceOffset_CGameScriptInterface_UAEMXZ.cpp		94ee6d35b6f149bc15e70535e492c58b6881713ff897404e1a50003ec8a08546	299	PASS		PASS	0			1	std-fixed-width:1	0
0088fc10	CGameScriptInterface::GetTradingPriceMult	CGameScriptInterface		wave3	D:\Documents\FableTLC\rebuild\candidates\snapshots\0x0088FC10_global_GetTradingPriceMult_CGameScriptInterface_UAEMXZ.cpp		cc9d9f8b165bcc7bbe9733b55647be83b5b569cb3da1168a7652b86b8e68139c	235	PASS		PASS	0			0		1
0088fc30	CGameScriptInterface::GetBoastingEnabled	CGameScriptInterface	PASS	wave3	D:\Documents\FableTLC\rebuild\candidates\snapshots\0x0088FC30_global_GetBoastingEnabled_CGameScriptInterface_UAE_NXZ.cpp		c6d8da015141e354d11637f5c8d7fff594309d829ff27dfc15540127a4269792	266	PASS		PASS	0			3	std-fixed-width:3	0
00890180	CGameScriptInterface::CancelRadialBlurFade	CGameScriptInterface	PASS	wave3	D:\Documents\FableTLC\rebuild\candidates\snapshots\0x00890180_global_CancelRadialBlurFade_CGameScriptInterface_UBEXXZ.cpp		f61e08d264240304b8c4dc6b07ac051a555745bfa0bbbecea46376a624a6c92c	1736	PASS		PASS	0			11	auto:4;static_assert:3;std-fixed-width:3;using-alias:1	0
008901e0	CGameScriptInterface::DisplacementMonochromeEffectColourFadeOut	CGameScriptInterface	PASS	wave3	D:\Documents\FableTLC\rebuild\candidates\snapshots\0x008901E0_global_DisplacementMonochromeEffectColourFadeOut_CGameScriptInterface_UBEXMPAX_Z.cpp		a1e71e783f7d6a2bc10be1e92bd46af51832233d64a5827920e394bb2055d206	2637	PASS		PASS	0			11	auto:4;static_assert:3;std-fixed-width:3;using-alias:1	0
008902b0	CGameScriptInterface::IsHeroChild	CGameScriptInterface		wave3	D:\Documents\FableTLC\rebuild\candidates\snapshots\0x008902B0_global_IsHeroChild_CGameScriptInterface_UBE_NXZ.cpp		82f53b7e1563d22c32084a000805cdc6a0ea8a5300d190fc2a90deb0ecae5ba0	1784	PASS		PASS	0			12	auto:4;nullptr:1;static_assert:2;std-fixed-width:3;using-alias:2	0
00890370	CGameScriptInterface::GetHeroHealth	CGameScriptInterface	PASS	wave3	D:\Documents\FableTLC\rebuild\candidates\snapshots\0x00890370_global_GetHeroHealth_CGameScriptInterface_UBEMXZ.cpp		40a41667dd79343fda33a873037a943e675c9706f360925489289ee5218966c3	1965	PASS		FAIL	1	'reinterpret_cast' from integer to pointer		14	auto:4;nullptr:1;static_assert:3;std-fixed-width:4;using-alias:2	0
008903a0	CGameScriptInterface::GetHeroHealthMax	CGameScriptInterface	PASS	wave3	D:\Documents\FableTLC\rebuild\candidates\snapshots\0x008903A0_global_GetHeroHealthMax_CGameScriptInterface_UBEMXZ.cpp		49e3b03c58b2955d138f2fad82cb5739697c8809b4131e168c3ce7a768c16544	2031	PASS		FAIL	1	'reinterpret_cast' from integer to pointer		14	auto:4;nullptr:1;static_assert:3;std-fixed-width:4;using-alias:2	0
008903d0	CGameScriptInterface::GetHeroHealthPercentage	CGameScriptInterface	PASS	wave3	D:\Documents\FableTLC\rebuild\candidates\snapshots\0x008903D0_global_GetHeroHealthPercentage_CGameScriptInterface_UBEMXZ.cpp		d4731322f48ec7f3cf48c54bb18bb520718999c2a739d202803971f7932a8164	2374	PASS		FAIL	1	'reinterpret_cast' from integer to pointer		14	auto:5;nullptr:1;static_assert:2;std-fixed-width:3;using-alias:3	0
008907e0	CGameScriptInterface::FadeScreenOutUntilNextCallToFadeScreenIn	CGameScriptInterface	PASS	wave3	D:\Documents\FableTLC\rebuild\candidates\snapshots\0x008907E0_global_FadeScreenOutUntilNextCallToFadeScreenIn_CGameScriptInterface_UAEXMM_Z.cpp		acb850e5613f5e41cef5712b05ab45e468e30f0281f760dbcd6202715b138a4e	1239	PASS		PASS	0			10	auto:3;static_assert:2;std-fixed-width:4;using-alias:1	0
00890fc0	CGameScriptInterface::CameraResetToViewBehindHero	CGameScriptInterface	PASS	wave3	D:\Documents\FableTLC\rebuild\candidates\snapshots\0x00890FC0_global_CameraResetToViewBehindHero_CGameScriptInterface_UAEXM_Z.cpp		c4ff38800f16505644ef8aabfb7cfa4cc5c947969338227bfa145e272e845e43	1066	PASS		FAIL	2	expected '(' before '{' token	mov	8	auto:1;static_assert:1;std-fixed-width:6	0
00890ff0	CGameScriptInterface::CameraDefault	CGameScriptInterface	PASS	wave3	D:\Documents\FableTLC\rebuild\candidates\snapshots\0x00890FF0_global_CameraDefault_CGameScriptInterface_UAEXXZ.cpp		628366ed5180d91d43fda71e300fa0e45853bce5afe85fa03bad7819310e01d8	3894	PASS		FAIL	1	'field48' was not declared in this scope	field48	27	auto:9;nullptr:1;static_assert:5;std-fixed-width:8;using-alias:4	0
00891320	CGameScriptInterface::EnableDangerMusic	CGameScriptInterface	PASS	wave3	D:\Documents\FableTLC\rebuild\candidates\snapshots\0x00891320_global_EnableDangerMusic_CGameScriptInterface_UBEX_N_Z.cpp		7535432de7da936fb560610c32265c124a6bb9d5bbc1437d9fc3ee6d5df43ac7	904	PASS		PASS	0			6	static_assert:2;std-fixed-width:4	0
008913c0	CGameScriptInterface::IsHeroInTavernGame	CGameScriptInterface		wave3	D:\Documents\FableTLC\rebuild\candidates\snapshots\0x008913C0_global_IsHeroInTavernGame_CGameScriptInterface_UBE_NXZ.cpp		b33d09a58ee33e094847769e013cd04b39746b4610314608c7e2e37ace9849cb	1333	PASS		PASS	0			7	auto:2;nullptr:1;static_assert:1;std-fixed-width:2;using-alias:1	0
00891520	CGameScriptInterface::FailAllActiveQuests	CGameScriptInterface	PASS	wave3	D:\Documents\FableTLC\rebuild\candidates\snapshots\0x00891520_global_FailAllActiveQuests_CGameScriptInterface_UBEXXZ.cpp		c138dff6b09da2ac570a5da3da0fd32789f0267156c32b0ce5869ccecee1e9d8	558	PASS		FAIL	2	'reinterpret_cast' from integer to pointer		2	auto:1;using-alias:1	0
00891720	CGameScriptInterface::ChangeHeroHealthBy	CGameScriptInterface	PASS	wave3	D:\Documents\FableTLC\rebuild\candidates\snapshots\0x00891720_global_ChangeHeroHealthBy_CGameScriptInterface_UBEXM_N0_Z.cpp		bd9fd4e9bdc2d27690b6ac3cdda6f670842931601f7003aff529521bd5a6e43c	5345	PASS		PASS	0			31	auto:13;nullptr:2;static_assert:5;std-fixed-width:6;using-alias:5	0
00891870	CGameScriptInterface::IsHeroOnQuest	CGameScriptInterface		wave3	D:\Documents\FableTLC\rebuild\candidates\snapshots\0x00891870_global_IsHeroOnQuest_CGameScriptInterface_UBE_NXZ.cpp		342149871f64d5bb77f05257f2c27d906da1087b68bf62c97b1ebc2236fd1327	741	PASS		FAIL	2	'reinterpret_cast' from integer to pointer		2	auto:1;using-alias:1	0
00891c40	CGameScriptInterface::DisplayMoneyBag	CGameScriptInterface	PASS	wave3	D:\Documents\FableTLC\rebuild\candidates\snapshots\0x00891C40_global_DisplayMoneyBag_CGameScriptInterface_UBEX_N_Z.cpp		332d12785237f05e5103b6e063fcb4cfcba4a401aebb286870e494a0ae7f1b0d	600	PASS		PASS	0			5	static_assert:1;std-fixed-width:4	0
00891ea0	CGameScriptInterface::IsHeroAllowedHenchmenInCurrentRegion	CGameScriptInterface		wave3	D:\Documents\FableTLC\rebuild\candidates\snapshots\0x00891EA0_global_IsHeroAllowedHenchmenInCurrentRegion_CGameScriptInterface_UBE_NXZ.cpp		5a7bdff21bb6eb4c330ca3957e673abb8ac3aaa23fd6434504795ddba6fbcf9e	2698	PASS		PASS	0			20	auto:8;nullptr:1;static_assert:4;std-fixed-width:5;using-alias:2	0
00893040	CGameScriptInterface::GetActiveGossipCategoriesSize	CGameScriptInterface	PASS	wave3	D:\Documents\FableTLC\rebuild\candidates\snapshots\0x00893040_global_GetActiveGossipCategoriesSize_CGameScriptInterface_UAEHXZ.cpp		8bb81857d1eb5d45b1781de783a6ceba817683209afdbcc20d3a1f1bf137fecb	315	PASS		FAIL	1	'reinterpret_cast' from integer to pointer		1	auto:1	0
00893050	CGameScriptInterface::GetIsGossipForPlayerSize	CGameScriptInterface	PASS	wave3	D:\Documents\FableTLC\rebuild\candidates\snapshots\0x00893050_global_GetIsGossipForPlayerSize_CGameScriptInterface_UAEHXZ.cpp		be03f7108f1145b3333ac39bec17a2998ad11b09391390001c4f45809985fae6	248	PASS		PASS	0			1	std-fixed-width:1	0
008977f0	CGameScriptInterface::ApplyHeroPenaltyForDeath	CGameScriptInterface	PASS	wave3	D:\Documents\FableTLC\rebuild\candidates\snapshots\0x008977F0_global_ApplyHeroPenaltyForDeath_CGameScriptInterface_UBEXXZ.cpp		9591d2e5916278bd1c77e2c5b18edf0a85007431469fda19a92a4007f612fb54	4950	PASS		FAIL	1	invalid use of incomplete type 'class CGameScriptInterface'	class CGameScriptInterface	30	auto:7;nullptr:1;static_assert:7;std-fixed-width:12;using-alias:3	0
00897aa0	CGameScriptInterface::GetHeroHasMarried	CGameScriptInterface	PASS	wave3	D:\Documents\FableTLC\rebuild\candidates\snapshots\0x00897AA0_global_GetHeroHasMarried_CGameScriptInterface_UBE_NXZ.cpp		68246f96b5ac64aacdb043c2e386505d0337a235086df940da30457bbe30c0f6	4185	PASS		FAIL	2	'reinterpret_cast' from integer to pointer		26	auto:4;nullptr:1;static_assert:8;std-fixed-width:10;using-alias:3	0
00897b10	CGameScriptInterface::GetHeroHasCurrentMarriage	CGameScriptInterface	PASS	wave3	D:\Documents\FableTLC\rebuild\candidates\snapshots\0x00897B10_global_GetHeroHasCurrentMarriage_CGameScriptInterface_UBE_NXZ.cpp		55d6a3c03089e8038958c3c2e82a249abacb45928c6422efa2171df4d67cd540	3628	PASS		FAIL	2	'reinterpret_cast' from integer to pointer		22	auto:3;nullptr:1;static_assert:6;std-fixed-width:9;using-alias:3	0
00897b70	CGameScriptInterface::GetHeroHasDivorcedMarriage	CGameScriptInterface	PASS	wave3	D:\Documents\FableTLC\rebuild\candidates\snapshots\0x00897B70_global_GetHeroHasDivorcedMarriage_CGameScriptInterface_UBE_NXZ.cpp		0f1d72d75dd2202002987cd33f38b967d7bb09fac693b9139f5d8ab813fb466b	4078	PASS		PASS	0			25	auto:5;nullptr:1;static_assert:6;std-fixed-width:10;using-alias:3	0
00897bd0	CGameScriptInterface::GetHeroHasChildren	CGameScriptInterface	PASS	wave3	D:\Documents\FableTLC\rebuild\candidates\snapshots\0x00897BD0_global_GetHeroHasChildren_CGameScriptInterface_UBE_NXZ.cpp		f29269a93493789b33502d95a8a0ff9a03221b0908807d6daa151d1de3e8f60c	3810	PASS		PASS	0			24	auto:5;nullptr:1;static_assert:6;std-fixed-width:9;using-alias:3	0
00897c30	CGameScriptInterface::GetHeroHasMurderedWife	CGameScriptInterface	PASS	wave3	D:\Documents\FableTLC\rebuild\candidates\snapshots\0x00897C30_global_GetHeroHasMurderedWife_CGameScriptInterface_UBE_NXZ.cpp		8e298a31b2b2e4bdc4af49ce037d897427f6156288276acb7b77d8c670639442	3986	PASS		PASS	0			25	auto:5;nullptr:1;static_assert:6;std-fixed-width:10;using-alias:3	0
008986d0	CGameScriptInterface::ConfiscateAllHeroItems	CGameScriptInterface	PASS	wave3	D:\Documents\FableTLC\rebuild\candidates\snapshots\0x008986D0_global_ConfiscateAllHeroItems_CGameScriptInterface_UBEXXZ.cpp		f70c940a8a3ec3ec697d88a54025c3fe2fca6fa256eff1d20b6fb542cbc33e41	6516	PASS		PASS	0			31	auto:9;nullptr:1;static_assert:6;std-fixed-width:12;using-alias:3	0
008987e0	CGameScriptInterface::ConfiscateAllHeroWeapons	CGameScriptInterface	PASS	wave3	D:\Documents\FableTLC\rebuild\candidates\snapshots\0x008987E0_global_ConfiscateAllHeroWeapons_CGameScriptInterface_UBEXXZ.cpp		5e8a2bb20c15a4dc0d93fd4ed374a5692292229134841b9529f89d0e3d93a5b2	4077	PASS		PASS	0			25	auto:6;nullptr:1;static_assert:6;std-fixed-width:9;using-alias:3	0
00898e60	CGameScriptInterface::IsHeroHandLampLit	CGameScriptInterface		wave3	D:\Documents\FableTLC\rebuild\candidates\snapshots\0x00898E60_global_IsHeroHandLampLit_CGameScriptInterface_UBE_NXZ.cpp		cb1075d3ba322476558840117db1d77d3973483f54c6b3c7b6c4aec373b7ed01	3931	PASS		FAIL	2	'reinterpret_cast' from integer to pointer		29	auto:3;nullptr:1;static_assert:8;std-fixed-width:14;using-alias:3	0
008991a0	CGameScriptInterface::IsHeroRenownLevelFull	CGameScriptInterface		wave3	D:\Documents\FableTLC\rebuild\candidates\snapshots\0x008991A0_global_IsHeroRenownLevelFull_CGameScriptInterface_UBE_NXZ.cpp		a3f193a621065388c772106712fc51c5e91f118b6f675fba4b5addf0a73984b2	4672	PASS		FAIL	4	'reinterpret_cast' from integer to pointer		28	auto:8;nullptr:1;static_assert:7;std-fixed-width:9;using-alias:3	0
00899220	CGameScriptInterface::IncreaseHeroRenownLevel	CGameScriptInterface		wave3	D:\Documents\FableTLC\rebuild\candidates\snapshots\0x00899220_global_IncreaseHeroRenownLevel_CGameScriptInterface_UBEXXZ.cpp		f9647fde40a2470a3d617c08ed178981e3cd7a35ee3e6578646027bf95288591	3179	PASS		FAIL	2	'reinterpret_cast' from integer to pointer		26	auto:6;nullptr:1;static_assert:7;std-fixed-width:9;using-alias:3	0
00899560	CGameScriptInterface::GetHeroAge	CGameScriptInterface	PASS	wave3	D:\Documents\FableTLC\rebuild\candidates\snapshots\0x00899560_global_GetHeroAge_CGameScriptInterface_UBEMXZ.cpp		7ce59022cbca2c73475e1bf6370edc75d1f13cd5d2907a470653fd24d3497026	3866	PASS		FAIL	3	'reinterpret_cast' from integer to pointer		26	auto:3;nullptr:1;static_assert:8;std-fixed-width:11;using-alias:3	0
00899700	CGameScriptInterface::GetDistanceHeroCanBeHeardFrom	CGameScriptInterface	PASS	wave3	D:\Documents\FableTLC\rebuild\candidates\snapshots\0x00899700_global_GetDistanceHeroCanBeHeardFrom_CGameScriptInterface_UBEMXZ.cpp		fce82ec1adb61b90affe52619cd972213fd924991be6b00eda7c7f4121a1a6c6	4510	PASS		PASS	0			27	auto:6;nullptr:1;static_assert:7;std-fixed-width:10;using-alias:3	0
00899850	CGameScriptInterface::GetHeroFatness	CGameScriptInterface	PASS	wave3	D:\Documents\FableTLC\rebuild\candidates\snapshots\0x00899850_global_GetHeroFatness_CGameScriptInterface_UBEMXZ.cpp		7d31ed47b8218ffd73a36296def28119ca71a54b7aab7885c15369258ffad689	3946	PASS		FAIL	3	'reinterpret_cast' from integer to pointer		26	auto:3;nullptr:1;static_assert:8;std-fixed-width:11;using-alias:3	0
008998c0	CGameScriptInterface::GetHeroScariness	CGameScriptInterface	PASS	wave3	D:\Documents\FableTLC\rebuild\candidates\snapshots\0x008998C0_global_GetHeroScariness_CGameScriptInterface_UBEMXZ.cpp		f477366750cc20decc11785e10fc07b00d14cb8d6f9c7b26ce10f9d031f96a61	4010	PASS		FAIL	3	'reinterpret_cast' from integer to pointer		26	auto:3;nullptr:1;static_assert:8;std-fixed-width:11;using-alias:3	0
00899930	CGameScriptInterface::GetHeroAttractiveness	CGameScriptInterface	PASS	wave3	D:\Documents\FableTLC\rebuild\candidates\snapshots\0x00899930_global_GetHeroAttractiveness_CGameScriptInterface_UBEMXZ.cpp		f1bf8e0b85cf429bc8583b93d41816082f97e238b2485c594a2229d3d7105492	4405	PASS		PASS	0			30	auto:6;nullptr:1;static_assert:8;std-fixed-width:12;using-alias:3	0
008999a0	CGameScriptInterface::GetHeroWillEnergyLevel	CGameScriptInterface	PASS	wave3	D:\Documents\FableTLC\rebuild\candidates\snapshots\0x008999A0_global_GetHeroWillEnergyLevel_CGameScriptInterface_UBEMXZ.cpp		725a2b1f87332bccb36e6f3e157b8b854559d989bc2676151332fb04ec518275	4819	PASS		FAIL	3	'reinterpret_cast' from integer to pointer		32	auto:7;nullptr:1;static_assert:8;std-fixed-width:12;using-alias:4	0
00899ef0	CGameScriptInterface::GiveHeroMorality	CGameScriptInterface		wave3	D:\Documents\FableTLC\rebuild\candidates\snapshots\0x00899EF0_global_GiveHeroMorality_CGameScriptInterface_UBEXM_Z.cpp		76d9870030fac40314a90126391f29cdd2663416f2d69e680083f2bc27c9da56	3000	PASS		FAIL	1	'ScriptInterfaceContext14* CGameScriptInterface::Context14' is private within this context		15	nullptr:1;static_assert:5;std-fixed-width:8;using-alias:1	0
00899f90	CGameScriptInterface::GetHeroMorality	CGameScriptInterface	PASS	wave3	D:\Documents\FableTLC\rebuild\candidates\snapshots\0x00899F90_global_GetHeroMorality_CGameScriptInterface_UBEMXZ.cpp		5313acbc9475ed97cf694ecbfe1e4f0c2bffa09c2aa9ad2ef047e41810a1fd40	4118	PASS		FAIL	3	'reinterpret_cast' from integer to pointer		25	auto:6;nullptr:1;static_assert:6;std-fixed-width:9;using-alias:3	0
0089a070	CGameScriptInterface::ChangeHeroMoralityDueToTheft	CGameScriptInterface	PASS	wave3	D:\Documents\FableTLC\rebuild\candidates\snapshots\0x0089A070_global_ChangeHeroMoralityDueToTheft_CGameScriptInterface_UBEXXZ.cpp		0d9bc79a36788c211803ac8c539111705c6934df23fd9e58ff928b0b4fa864f0	5630	PASS		PASS	0			37	auto:10;nullptr:1;static_assert:9;std-fixed-width:14;using-alias:3	0
0089a0e0	CGameScriptInterface::ChangeHeroMoralityDueToPicklock	CGameScriptInterface	PASS	wave3	D:\Documents\FableTLC\rebuild\candidates\snapshots\0x0089A0E0_global_ChangeHeroMoralityDueToPicklock_CGameScriptInterface_UBEXXZ.cpp		bb0a45f590117e7f1b17f7de28087e8ea241ec0d95c313034b9789d84b888de7	5728	PASS		PASS	0			37	auto:10;nullptr:1;static_assert:9;std-fixed-width:14;using-alias:3	0
0089b330	CGameScriptInterface::IsHeroNaked	CGameScriptInterface		wave3	D:\Documents\FableTLC\rebuild\candidates\snapshots\0x0089B330_global_IsHeroNaked_CGameScriptInterface_UBE_NXZ.cpp		00418fa6e1c1003664d1658ae99680b615a11271bbef722ea155b2d75d4d7304	3667	PASS		PASS	0			24	auto:5;nullptr:1;static_assert:6;std-fixed-width:9;using-alias:3	0
008a0820	CGameScriptInterface::CancelHeroTeleportEffects	CGameScriptInterface	PASS	wave3	D:\Documents\FableTLC\rebuild\candidates\snapshots\0x008A0820_global_CancelHeroTeleportEffects_CGameScriptInterface_UBEXXZ.cpp		4184f4bf5264e29a271ffab137cb9bb98b70a26d5d2c1e28310300bcf2a4ad09	5545	PASS		PASS	0			35	auto:9;nullptr:2;static_assert:8;std-fixed-width:13;using-alias:3	0
008a1590	CGameScriptInterface::GetBestTimePairs	CGameScriptInterface	PASS	wave3	D:\Documents\FableTLC\rebuild\candidates\snapshots\0x008A1590_global_GetBestTimePairs_CGameScriptInterface_UBEMXZ.cpp		fa19d4128cf33140390c3a5c361f84991e33e058ee0001a0df8c92ecfbec09e5	2996	PASS		FAIL	4	'reinterpret_cast' from integer to pointer		24	auto:2;nullptr:1;static_assert:8;std-fixed-width:10;using-alias:3	0
008a15f0	CGameScriptInterface::GetBestTimeSorting	CGameScriptInterface	PASS	wave3	D:\Documents\FableTLC\rebuild\candidates\snapshots\0x008A15F0_global_GetBestTimeSorting_CGameScriptInterface_UBEMXZ.cpp		a5a501711128106a20e1362fc3f7a083a6220d4390d7735f416a179584398d6c	3012	PASS		FAIL	4	'reinterpret_cast' from integer to pointer		24	auto:2;nullptr:1;static_assert:8;std-fixed-width:10;using-alias:3	0
008a17d0	CGameScriptInterface::GetBestTimeGuessTheAddition	CGameScriptInterface	PASS	wave3	D:\Documents\FableTLC\rebuild\candidates\snapshots\0x008A17D0_global_GetBestTimeGuessTheAddition_CGameScriptInterface_UBEMXZ.cpp		e3ffacb81a53e16a9d7072cda9dbad0c347e57c78e10514eb64c15ec8dbb3c1b	3014	PASS		FAIL	4	'reinterpret_cast' from integer to pointer		24	auto:2;nullptr:1;static_assert:8;std-fixed-width:10;using-alias:3	0
008a78e0	CGameScriptInterface::ClearActiveGossipCategories	CGameScriptInterface	PASS	wave3	D:\Documents\FableTLC\rebuild\candidates\snapshots\0x008A78E0_global_ClearActiveGossipCategories_CGameScriptInterface_UAEXXZ.cpp		8f0771b6d685cae588a3e5d093d6a6f8e06f3a8340e2abec048e4b17b8d2a664	1562	PASS		FAIL	1	invalid use of incomplete type 'class CGameScriptInterface'	class CGameScriptInterface	9	nullptr:1;static_assert:4;std-fixed-width:4	0
008a7930	CGameScriptInterface::ClearIsGossipForPlayer	CGameScriptInterface	PASS	wave3	D:\Documents\FableTLC\rebuild\candidates\snapshots\0x008A7930_global_ClearIsGossipForPlayer_CGameScriptInterface_UAEXXZ.cpp		27c60d95ed831259cff926c050ee4ccd9dee71bfe646055eae2c45417cb0c9ba	1600	PASS		FAIL	1	invalid use of incomplete type 'class CGameScriptInterface'	class CGameScriptInterface	9	nullptr:1;static_assert:3;std-fixed-width:5	0
008ed590	GetRandomObject	CObjectFamilyDef	PASS	primary	D:\Documents\FableTLC\rebuild\candidates\snapshots\0x008ED590_CObjectFamilyDef_GetRandomObject.cpp		df85c99ef2ec41472433a9f48b25ab71240f8915c25d578688a3c6643b7cafa6	1528	PASS		FAIL	10	'CObjectFamilyDef' has not been declared	CObjectFamilyDef;entry;GFROR13;gMainGameComponent;mObjectsBegin;mObjectsEnd;ObjectFamilyEntry	0		0
00a65d30	CMemoryAllocatorFixedSize::ConsolidateFreeAreas	CMemoryAllocatorFixedSize	PASS	wave2	D:\Documents\FableTLC\rebuild\candidates\snapshots\0x00A65D30_global_ConsolidateFreeAreas_CMemoryAllocatorFixedSize_UAEXXZ.cpp		c6a6b9ca9b8aa93efb1723b5f6dfc1403b2e65e626a1380e3c7615a0a7054f98	60	PASS		FAIL	1	'CMemoryAllocatorFixedSize' has not been declared	CMemoryAllocatorFixedSize	0		0
00a65d40	CMemoryAllocatorFixedSize::GetAllocationSize	CMemoryAllocatorFixedSize	PASS	wave2	D:\Documents\FableTLC\rebuild\candidates\snapshots\0x00A65D40_global_GetAllocationSize_CMemoryAllocatorFixedSize_UAEKPAX_Z.cpp		880009ede0157261c8f180a11fbd68eeed9587f5e50b59e088de646d4c9e5794	481	PASS		FAIL	2	'CMemoryAllocatorFixedSize' has not been declared	CMemoryAllocatorFixedSize	3	auto:1;static_assert:1;std-fixed-width:1	0
00a65d50	CMemoryAllocatorFixedSize::GetTotalMemoryControlledByAllocator	CMemoryAllocatorFixedSize	PASS	wave2	D:\Documents\FableTLC\rebuild\candidates\snapshots\0x00A65D50_global_GetTotalMemoryControlledByAllocator_CMemoryAllocatorFixedSize_UAEKXZ.cpp		52dbdc44bb1ed1dfcfa2fd4ec46f225c64167a38738262708a35c87e84b09d0c	1543	PASS		FAIL	2	'CMemoryAllocatorFixedSize' has not been declared	CMemoryAllocatorFixedSize	12	auto:2;nullptr:2;static_assert:4;std-fixed-width:4	0
00a65d70	CMemoryAllocatorFixedSize::GetHeaderOverhead	CMemoryAllocatorFixedSize	PASS	wave3	D:\Documents\FableTLC\rebuild\candidates\snapshots\0x00A65D70_global_GetHeaderOverhead_CMemoryAllocatorFixedSize_UAEKXZ.cpp		6ccaeb8739747d8f213ac3be262917cb01b64639c6c703a8ed86b5f9594c40fc	1384	PASS		FAIL	2	'CMemoryAllocatorFixedSize' has not been declared	CMemoryAllocatorFixedSize	12	auto:3;nullptr:2;static_assert:4;std-fixed-width:3	0
00a65da0	CMemoryAllocatorFixedSize::GetTotalMemoryAllocated	CMemoryAllocatorFixedSize	PASS	wave3	D:\Documents\FableTLC\rebuild\candidates\snapshots\0x00A65DA0_global_GetTotalMemoryAllocated_CMemoryAllocatorFixedSize_UAEKXZ.cpp		479f8ab5470c03fcef25d45567f622a0e926643d1bf4cd18cd592bc6b92e6ab8	1597	PASS		FAIL	2	'CMemoryAllocatorFixedSize' has not been declared	CMemoryAllocatorFixedSize	13	auto:3;nullptr:2;static_assert:5;std-fixed-width:3	0
00a65de0	CMemoryAllocatorFixedSize::GetAllocationSizeIncludingHeader	CMemoryAllocatorFixedSize	PASS	wave3	D:\Documents\FableTLC\rebuild\candidates\snapshots\0x00A65DE0_global_GetAllocationSizeIncludingHeader_CMemoryAllocatorFixedSize_UAEKPAX_Z.cpp		56209ca08c033c8eba8886684aef54cb08209277eb8d428908c0f4ba6dc7df7e	542	PASS		FAIL	2	'CMemoryAllocatorFixedSize' has not been declared	CMemoryAllocatorFixedSize	3	auto:1;static_assert:1;std-fixed-width:1	0
00a65df0	CMemoryAllocatorFixedSize::GetLargestFreeAreaSize	CMemoryAllocatorFixedSize	PASS	wave3	D:\Documents\FableTLC\rebuild\candidates\snapshots\0x00A65DF0_global_GetLargestFreeAreaSize_CMemoryAllocatorFixedSize_UAEKXZ.cpp		37204b2183d9434696d25337ccfedf09649cc5bdbb7200be0b8007b05f46b88f	1551	PASS		FAIL	2	'CMemoryAllocatorFixedSize' has not been declared	CMemoryAllocatorFixedSize	13	auto:2;nullptr:2;static_assert:5;std-fixed-width:4	0
00a65e20	CMemoryAllocatorFixedSize::GetNoFreeAreas	CMemoryAllocatorFixedSize	PASS	wave3	D:\Documents\FableTLC\rebuild\candidates\snapshots\0x00A65E20_global_GetNoFreeAreas_CMemoryAllocatorFixedSize_UAEKXZ.cpp		a2a7768da993330436bbfd3c9d34dc6ed6ab8a700b9cfbf917cbe19290aa612a	1352	PASS		FAIL	2	'CMemoryAllocatorFixedSize' has not been declared	CMemoryAllocatorFixedSize	12	auto:3;nullptr:2;static_assert:4;std-fixed-width:3	0
00a65e50	CMemoryAllocatorFixedSize::GetNoAllocatedAreas	CMemoryAllocatorFixedSize	PASS	wave3	D:\Documents\FableTLC\rebuild\candidates\snapshots\0x00A65E50_global_GetNoAllocatedAreas_CMemoryAllocatorFixedSize_UAEKXZ.cpp		f37e43421d5a3b3ac17f08dac27463c88948f83186c17ccf7bb6333ca0127b07	1084	PASS		FAIL	2	'CMemoryAllocatorFixedSize' has not been declared	CMemoryAllocatorFixedSize	8	auto:2;nullptr:1;static_assert:3;std-fixed-width:2	0
00a65ff0	CMemoryAllocatorFixedSize::CMemoryAllocatorFixedSize	CMemoryAllocatorFixedSize	PASS	wave3	D:\Documents\FableTLC\rebuild\candidates\snapshots\0x00A65FF0_CMemoryAllocatorFixedSize_CMemoryAllocatorFixedSize.cpp		f832bd11862ddb995cf7aedadb2873274379464b6297d7d37efadea67146f549	2986	PASS		FAIL	1	'CMemoryAllocatorFixedSize' does not name a type	CMemoryAllocatorFixedSize	41	auto:1;static_assert:14;std-fixed-width:26	0
00a66550	CMemoryAllocatorFixedSize::GetFragmentation	CMemoryAllocatorFixedSize	PASS	wave3	D:\Documents\FableTLC\rebuild\candidates\snapshots\0x00A66550_global_GetFragmentation_CMemoryAllocatorFixedSize_UAEMXZ.cpp		3badd3e8f8f4cf3f8b45bc6cdce063de38313e9ad4495c63fd5756588468e06d	114	PASS		FAIL	1	'CMemoryAllocatorFixedSize' has not been declared	CMemoryAllocatorFixedSize	0		0
00a76f30	IsAreaBlockedByLines	CNavQuadTree	PASS	wave3	D:\Documents\FableTLC\rebuild\candidates\snapshots\0x00A76F30_CNavQuadTree_IsAreaBlockedByLines.cpp		4d4eb42bf4308b27da3121a409bb894addb0f80791ac77a8ae618e92b9840d39	6581	PASS		FAIL	70	'list' in namespace 'std' does not name a template type	C2DBoxF;C2DLineF;C2DLineList;C2DVector;CNavQuadTree;DAT_0129ba3c;lineLists;std;this_00	24	auto:6;static_assert:15;std-fixed-width:1;using-alias:2	0
00a77480	JoinNavigationLayers	CNavQuadTree	PASS	wave3	D:\Documents\FableTLC\rebuild\candidates\snapshots\0x00A77480_CNavQuadTree_JoinNavigationLayers.cpp		b960e6660157513331d0cda8335b2dd9aa271c794b0185f645aabdf3ef364ed2	3121	PASS		FAIL	23	'C2DVector' does not name a type	C2DVector;CANavQuadTreeNode;CNavQuadTree;local_4;node0;node1	15	auto:1;nullptr:2;static_assert:7;std-fixed-width:5	0
00a77500	VerifyTransitionPoints	CNavQuadTree	PASS	wave3	D:\Documents\FableTLC\rebuild\candidates\snapshots\0x00A77500_CNavQuadTree_VerifyTransitionPoints.cpp		0d6aed52e568ce63728911d194ce56cc0ece5e21022320bb071ba2c74f450631	1785	PASS		FAIL	14	'C2DVector' does not name a type	C2DVector;CANavQuadTreeNode;CNavQuadTree;GetNodeAt	8	auto:1;static_assert:6;std-fixed-width:1	0
00a781a0	UpdateLines	CNavQuadTree	PASS	wave3	D:\Documents\FableTLC\rebuild\candidates\snapshots\0x00A781A0_CNavQuadTree_UpdateLines.cpp		860f6df5547be7e7354d38283b02be8aa7a85669960f5d0191159eef04c42091	16425	PASS		FAIL	45	'C2DVector' does not name a type	C2DBoxF;C2DBoxI;C2DLineF;C2DVector;CNavQuadTree;DAT_0122dcb4;DAT_0123095c;DAT_0125916c;local_1c_line;MapPos;MapWidth;pCVar15	75	auto:9;nullptr:3;static_assert:33;std-fixed-width:30	0
00a793d0	ConnectVerticalMapEdge	CNavQuadTree	PASS	wave3	D:\Documents\FableTLC\rebuild\candidates\snapshots\0x00A793D0_CNavQuadTree_ConnectVerticalMapEdge.cpp		3e56786985c183eaf508f121ccc5655e8eccfa54c9678c318b087caeea7fbea4	12933	PASS		FAIL	42	'CNavConnectorNode' does not name a type	adjacent_node;adjacent_position;C2DVector;CANavQuadTreeNode;CNavConnectorNode;CNavigatorManager;CNavQuadTree;connector_node;CTCMapwho;this_node;this_position	60	auto:3;nullptr:13;static_assert:21;std-fixed-width:23	0
00a79680	ConnectVerticalMapEdge	CNavQuadTree	PASS	wave3	D:\Documents\FableTLC\rebuild\candidates\snapshots\0x00A79680_CNavQuadTree_ConnectVerticalMapEdge.cpp		294fcf69c3357d78304086ab029ea33700e37aec963f81c0510e6ebb336b6d3b	13026	PASS		FAIL	40	'CNavConnectorNode' does not name a type	adjacent_node;C2DVector;CANavQuadTreeNode;CNavConnectorNode;CNavigatorManager;CNavQuadTree;connector_node;CTCMapwho;this_node	58	auto:3;nullptr:13;static_assert:21;std-fixed-width:21	0
00a79b30	Initialise	CNavQuadTreeNode	PASS	wave3	D:\Documents\FableTLC\rebuild\candidates\snapshots\0x00A79B30_CNavQuadTreeNode_Initialise.cpp		907a8b06cbed3736865f4fe75d82b933ebac85c7dbd96f8b4fb6162639b7a7b5	16120	PASS		FAIL	96	'CANavQuadTreeNode' does not name a type	::operator_new;C2DBoxF;C2DVector;CANavQuadTreeNode;CNavNavigableLeafNode;CNavQuadTree;CNavQuadTree_InitializeLeafNode;CNavQuadTreeNode;CNavSwitchableLeafNode;DAT_013d2d2c;ENavQuadTreeNodeType;GoToHigherDetail;local_44;pCVar6;pCVar7;pCVar8;SetBLNode;std	78	auto:3;nullptr:57;static_assert:11;std-fixed-width:7	0
00a7a5e0	InitialiseLines	CNavQuadTree	PASS	wave3	D:\Documents\FableTLC\rebuild\candidates\snapshots\0x00A7A5E0_CNavQuadTree_InitialiseLines.cpp		0eb6e3beb852593537482354f8842fc10da5f1631eb1ab83d66c646c5593bf66	1309	PASS		FAIL	21	'C2DLineF' was not declared in this scope	C2DLineF;CNavQuadTree;DAT_0123095c;MapHeight;MapWidth;UpdateLines	5	static_assert:5	0
00a7a650	LinkToNeighbouringMaps	CNavQuadTree	PASS	wave3	D:\Documents\FableTLC\rebuild\candidates\snapshots\0x00A7A650_CNavQuadTree_LinkToNeighbouringMaps.cpp		c20deb26fc8d3bbe757748bc3b75debafef4778f58dc176d6fdfdbdb6b6e5bf7	3890	PASS		FAIL	24	static assertion failed	CNavigatorManager;CNavQuadTree;ConnectVerticalMapEdge;self	26	auto:1;static_assert:13;std-fixed-width:12	0
00a7a8d0	Initialise	CNavQuadTree	PASS	wave3	D:\Documents\FableTLC\rebuild\candidates\snapshots\0x00A7A8D0_CNavQuadTree_Initialise.cpp		4a40ab8871b27f818d20bdc38d746a7ba933764144c8e66e4ec398a2660fbbaa	27473	PASS		FAIL	96	'C2DLineF' was not declared in this scope	C2DLineF;C2DVector;CANavQuadTreeNode;CNavigationPosition;CNavQuadTree;lineLists;lines;node;nodes;oldLast;point;self;std	142	auto:8;nullptr:29;static_assert:53;std-fixed-width:51;using-alias:1	0
00ab46e0	CMouseDX::GetPos	CMouseDX	PASS	wave2	D:\Documents\FableTLC\rebuild\candidates\snapshots\0x00AB46E0_global_GetPos_CMouseDX_UBEXPAVC2DVector_Z.cpp		e2766c475ffd3c755fcc09cdc5be3766e7ffaa3444f50b11652ca42ba8335dda	666	PASS		FAIL	4	'CMouseDX' has not been declared	C2DVector;CMouseDX;outPos	10	auto:2;static_assert:3;std-fixed-width:5	0
00ab4700	CMouseDX::SetPos	CMouseDX	PASS	wave2	D:\Documents\FableTLC\rebuild\candidates\snapshots\0x00AB4700_global_SetPos_CMouseDX_UAEXPBVC2DVector_Z.cpp		9c7c7fe7f530b709237a09e495b17a98ed91fbb33daae571a89c0c343e999d75	2885	PASS		FAIL	7	'CMouseDX' has not been declared	C2DVector;CMouseDX;fild	21	auto:3;static_assert:7;std-fixed-width:11	0
00ab5390	CMouseDX::SetMouseCursor	CMouseDX	FAIL	wave2	D:\Documents\FableTLC\rebuild\candidates\snapshots\0x00AB5390_global_SetMouseCursor_CMouseDX_UAEXABVCSurface_Z.cpp		fc2363e66f09a8106027b4c90e8bdfe757a8a37a7e2c64c699d1efdb77c89feb	5166	PASS		FAIL	2	'CMouseDX' has not been declared	CMouseDX	54	auto:5;nullptr:2;static_assert:12;std-fixed-width:33;using-alias:2	0
00ab5d00	CMouseDX::CMouseDX	CMouseDX	PASS	wave3	D:\Documents\FableTLC\rebuild\candidates\snapshots\0x00AB5D00_CMouseDX_CMouseDX.cpp		3562559bf3b6ddd922c3fc81a8133cdffd745523c01a598c4344e7615a6fc794	4084	PASS		PASS	0			35	auto:4;static_assert:15;std-fixed-width:15;using-alias:1	0
00ab5f00	CMouseDX::PeekPos	CMouseDX	PASS	wave2	D:\Documents\FableTLC\rebuild\candidates\snapshots\0x00AB5F00_global_PeekPos_CMouseDX_UBEABVC2DVector_XZ.cpp		30ba0b6b8ea0a5c4b5b706005b6f91bb183292825becab5e4d061f7584f00795	337	PASS		FAIL	3	'C2DVector' does not name a type	C2DVector	3	auto:1;static_assert:1;std-fixed-width:1	0
00ab5f10	CMouseDX::SetInputOn	CMouseDX	PASS	wave2	D:\Documents\FableTLC\rebuild\candidates\snapshots\0x00AB5F10_global_SetInputOn_CMouseDX_UAEX_N_Z.cpp		0a77dcda0b79228d7ce4ef4cda5135652b33ffceaf125a72823e66aca27b9dfe	401	PASS		FAIL	2	'CMouseDX' has not been declared	CMouseDX	5	auto:1;static_assert:1;std-fixed-width:3	0
00ab5f20	CMouseDX::SetRecentringOn	CMouseDX	PASS	wave2	D:\Documents\FableTLC\rebuild\candidates\snapshots\0x00AB5F20_global_SetRecentringOn_CMouseDX_UAEX_N_Z.cpp		9b38db0a87b54d7501be9e9169432025e4f9344eab84cfbc95da53e03e73543b	446	PASS		FAIL	2	'CMouseDX' has not been declared	CMouseDX	5	auto:1;static_assert:1;std-fixed-width:3	0
00ab5f30	CMouseDX::IsRecentringOn	CMouseDX	PASS	wave2	D:\Documents\FableTLC\rebuild\candidates\snapshots\0x00AB5F30_global_IsRecentringOn_CMouseDX_UBE_NXZ.cpp		7e8cb4d8f48c7d66c845f2b0c3cc9549e829cef327279678dfcb965c23fcd2a1	378	PASS		FAIL	3	'CMouseDX' has not been declared	CMouseDX	3	auto:1;static_assert:1;std-fixed-width:1	0
00ab5f40	CMouseDX::SetDrawCursor	CMouseDX	PASS	wave2	D:\Documents\FableTLC\rebuild\candidates\snapshots\0x00AB5F40_global_SetDrawCursor_CMouseDX_UAEX_N_Z.cpp		bbdc54f851cc56c5bde2f3901d2813007b1645dc571a982acc3dab2553155f56	428	PASS		FAIL	2	'CMouseDX' has not been declared	CMouseDX	5	auto:1;static_assert:1;std-fixed-width:3	0
00ab5f50	CMouseDX::IsDrawingCursor	CMouseDX	PASS	wave2	D:\Documents\FableTLC\rebuild\candidates\snapshots\0x00AB5F50_global_IsDrawingCursor_CMouseDX_UBE_NXZ.cpp		7e28ea1bb931d705d93b32d8a73f73ff1a253a809ed3e3faddcb573a72c1792a	376	PASS		FAIL	3	'CMouseDX' has not been declared	CMouseDX	3	auto:1;static_assert:1;std-fixed-width:1	0
00ab5f60	CMouseDX::SetMouseFiltering	CMouseDX	PASS	wave2	D:\Documents\FableTLC\rebuild\candidates\snapshots\0x00AB5F60_global_SetMouseFiltering_CMouseDX_UAEX_N_Z.cpp		b193caffb59390f3b97de0228881064c182d81e232e74e7a6a429c688211ba24	464	PASS		FAIL	2	'CMouseDX' has not been declared	CMouseDX	5	auto:1;static_assert:1;std-fixed-width:3	0
00ab5f70	CMouseDX::IsLMBDown	CMouseDX	PASS	wave2	D:\Documents\FableTLC\rebuild\candidates\snapshots\0x00AB5F70_global_IsLMBDown_CMouseDX_UBE_NXZ.cpp		a61429989d1de332c3073aa441b1eb9fd2486bf1a02e1d32ff629ee0ed45bf75	349	PASS		FAIL	3	'CMouseDX' has not been declared	CMouseDX	3	auto:1;static_assert:1;std-fixed-width:1	0
00ab5f80	CMouseDX::IsMMBDown	CMouseDX	PASS	wave2	D:\Documents\FableTLC\rebuild\candidates\snapshots\0x00AB5F80_global_IsMMBDown_CMouseDX_UBE_NXZ.cpp		8d6225452b524fcc42c767f81947764dac181c18899113ea54a92257ccb54c91	349	PASS		FAIL	3	'CMouseDX' has not been declared	CMouseDX	3	auto:1;static_assert:1;std-fixed-width:1	0
00ab5f90	CMouseDX::IsRMBDown	CMouseDX	PASS	wave2	D:\Documents\FableTLC\rebuild\candidates\snapshots\0x00AB5F90_global_IsRMBDown_CMouseDX_UBE_NXZ.cpp		fc178cad4296b678efa53c8b6a5ffea6502c7e4150a5df41708dbcfdc742b92a	349	PASS		FAIL	3	'CMouseDX' has not been declared	CMouseDX	3	auto:1;static_assert:1;std-fixed-width:1	0
00b676a0	CEngineLandscapeRenderer::OnReleaseDefaultPoolResources	CEngineLandscapeRenderer	PASS	wave3	D:\Documents\FableTLC\rebuild\candidates\snapshots\0x00B676A0_global_OnReleaseDefaultPoolResources_CEngineLandscapeRenderer_UAEXXZ.cpp		259dd73c9f573e7a422eccf6220afe50567c53d8ec5cd39177d976800d669f16	1939	PASS		FAIL	7	'CEngineLandscapeMap' does not name a type	CEngineLandscapeMap;CEngineLandscapeRenderer;map	8	auto:2;nullptr:2;static_assert:3;std-fixed-width:1	0
00b687d0	BuildThemes	CEngineLandscapeRenderer	PASS	primary	D:\Documents\FableTLC\rebuild\candidates\snapshots\0x00B687D0_CEngineLandscapeRenderer_BuildThemes.cpp		eef1766b5debe0c1c7e70778fc837be7e1c38dcea5e99dd8d0172d57e2e9f1fc	14219	PASS		FAIL	18	'CEngineLandscapeRenderer' has not been declared	CCharString;CDefinitionManager;CDefPointer;CEngineLandscapeRenderer;CSoundThemeDef;DAT_01436e28;DAT_01436e98;defName;LTextSystem;m_themes;themeSymbol	122	auto:9;nullptr:6;static_assert:6;std-fixed-width:101	0
00b6ca10	CEngineLandscapeRenderer::PeekSceneFilterFlags	CEngineLandscapeRenderer	PASS	wave3	D:\Documents\FableTLC\rebuild\candidates\snapshots\0x00B6CA10_global_PeekSceneFilterFlags_CEngineLandscapeRenderer_UBEKXZ.cpp		c029fc45581674eadd1d93ffa18e85a846a4e3f316495f03d7f77a5777bfead2	89	PASS		FAIL	2	'CEngineLandscapeRenderer' has not been declared	CEngineLandscapeRenderer	0		0
00bdc130	CEngineLandscapeMap::RelocateData	CEngineLandscapeMap	PASS	wave3	D:\Documents\FableTLC\rebuild\candidates\snapshots\0x00BDC130_global_RelocateData_CEngineLandscapeMap_EAEXJPAX0J_Z.cpp		98226687a2e5e9335ae64ad3b18de1e758b52a471341a9ce835081fb03b584a3	70	PASS		FAIL	1	'CEngineLandscapeMap' has not been declared	CEngineLandscapeMap	0		0
00bdc180	UpdateBackgroundLOD	CEngineLandscapeMap		primary	D:\Documents\FableTLC\rebuild\candidates\snapshots\0x00BDC180_CEngineLandscapeMap_UpdateBackgroundLOD.cpp		881c7ec9b8186f795ddcf9b6d9614addc6c872b94416943b5b7a21b67cbcbe15	3001	PASS		FAIL	1	'LS_LOADING_STATUS' does not name a type	LS_LOADING_STATUS	8	nullptr:8	0
00bdc510	UpdateForeground	CEngineLandscapeMap	FAIL	primary	D:\Documents\FableTLC\rebuild\candidates\snapshots\0x00BDC510_CEngineLandscapeMap_UpdateForeground.cpp		ecfcdef59d981c8561ea15ee03ee0154a6427f34f8031411947c978f307f8d93	17591	PASS		FAIL	35	'CEngineLandscapePatch' does not name a type; did you mean 'CEngineLandscapeMapLayout'?	CAnimationEntry;CBankFileAsyncData;CBankFileAsyncEntry;CEngineLandscapeMap;CEngineLandscapePatch;LS_LOADING_STATUS;pair;QuadricOptimiserInternals	50	auto:2;nullptr:18;static_assert:12;std-fixed-width:16;using-alias:2	0
00bdd0e0	OpenStaticMap	CEngineLandscapeMap	PASS	primary	D:\Documents\FableTLC\rebuild\candidates\snapshots\0x00BDD0E0_CEngineLandscapeMap_OpenStaticMap.cpp		77aa152ae1668bf280fd181a17fbf176804d1d701feeb3daba8c6e202d288648	3578	PASS		FAIL	6	'CEngineLandscapeMap' has not been declared	CDataInputStream;CEngineLandscapeMap;CEngineStaticMapFileBlockManager;inputStream;pStaticMapFileBlockManager	15	nullptr:6;std-fixed-width:9	0
00bdf010	OpenStaticMap	CLocalDetailCacheMap	PASS	primary	D:\Documents\FableTLC\rebuild\candidates\snapshots\0x00BDF010_CLocalDetailCacheMap_OpenStaticMap.cpp		0bcde9bff5adb44bf283b0c554d12cf37c4a0a528e825fe7c366614d462e49ca	3195	PASS		FAIL	6	'CLocalDetailCacheMap' has not been declared	CDataInputStream;CEngineStaticMapFileBlockManager;CLocalDetailCacheMap;in;pStaticMapFileBlockManager	25	auto:3;static_assert:7;std-fixed-width:15	0
00be6f70	Render	CLandscapeBackgroundPatch	PASS	primary	D:\Documents\FableTLC\rebuild\candidates\snapshots\0x00BE6F70_CLandscapeBackgroundPatch_Render.cpp		27aae76cea74c3d2d374670935ef867a8753e573a2c74f7157647420e81c9dc0	38338	PASS		FAIL	96	'CLandscapeBackgroundPatch' has not been declared	::operator_new;C4DVector;CFrameData;CGraphicFrameData;CGraphicInfoFrame;CLandscapeBackgroundPatch;CMatrix3x4;CPixelShader;CRenderManagerCore;CRenderStateManager;CResource;CShaderRenderManager;CVertexShader;DAT_01396dc8;DAT_01396dcc;DAT_01396dd0;DAT_01396f68;DAT_01396f78;DAT_01436e14;DAT_01436e18;DAT_01436e24;DAT_01436e98;DAT_01436ea0;DAT_01436ea8;mgr;pFrameData;pGraphicFrameData;pInfoFrame;pRenderManager;pRenderStateManager;pResource	339	auto:37;nullptr:12;std-fixed-width:290	0
00be7d70	Load	CLandscapeBackgroundPatch	FAIL	retry	D:\Documents\FableTLC\rebuild\candidates\snapshots\0x00BE7D70_CLandscapeBackgroundPatch_Load.cpp		e47ec0c8daec6986cb75c89f8ebe824425af435c5f56d698820b2a110b84ecfb	26696	PASS		FAIL	6	'CLandscapeBackgroundPatch' has not been declared	CDataInputStream;CLandscapeBackgroundPatch;in	184	auto:25;lambda:9;nullptr:21;static_assert:31;std-fixed-width:98	0
00be8920	LoadCompressed	CLandscapeBackgroundPatch	PASS	retry	D:\Documents\FableTLC\rebuild\candidates\snapshots\0x00BE8920_CLandscapeBackgroundPatch_LoadCompressed.cpp		23bdbe778c50c2eaf6b8ae6c9067ced1ae315e2274b4c43d71fff003b2ffac4b	5645	PASS		FAIL	6	'CLandscapeBackgroundPatch' has not been declared	CLandscapeBackgroundPatch;CMemoryDataInputStream;stream	33	auto:1;static_assert:25;std-fixed-width:7	0
00beaaa0	CEngineScreenEffectOutlineGlow::~CEngineScreenEffectOutlineGlow	CEngineScreenEffectOutlineGlow	PASS	primary	D:\Documents\FableTLC\rebuild\candidates\snapshots\0x00BEAAA0_CEngineScreenEffectOutlineGlow_FinishWithDynamicTextures.cpp	D:\Documents\FableTLC\rebuild\include\candidates\00beaaa0.hpp	a18fb5c88153c847801e036ca3c6625642c9e1991a529645078dca3732a1fec8	862	PASS		PASS	0			6	auto:1;nullptr:2;static_assert:2;std-fixed-width:1	0
00beb4d0	CEngineScreenEffectOutlineGlow::ScalarDeletingDestructor	CEngineScreenEffectOutlineGlow	PASS	primary	D:\Documents\FableTLC\rebuild\candidates\snapshots\0x00BEB4D0_CEngineScreenEffectOutlineGlow_FinishWithDynamicTextures.cpp		0c6522facd45d1dc0f20768febb588f13ba700625e8ce8337c9a75b5a42f2cdf	1035	PASS		FAIL	18	'CEngineLandscapeMemoryManager' does not name a type	CEngineLandscapeMemoryManager;CEngineScreenEffectOutlineGlow;CTexture;LandscapeLayerList__InsertNode;texture	6	nullptr:4;static_assert:1;std-fixed-width:1	0
00bebed0	CEnginePrimitiveManagerMeshBase::GetComposedTexture	CEnginePrimitiveManagerMeshBase	PASS	primary	D:\Documents\FableTLC\rebuild\candidates\snapshots\0x00BEBED0_CEnginePrimitiveManagerMeshBase_GetComposedTexture.cpp		2d638fae0ab298ccfcab69c3367b1216658bb8f81770806535067665f51bbc7c	5233	PASS		FAIL	1	'CTexture' does not name a type	CTexture	31	auto:4;lambda:1;nullptr:6;static_assert:10;std-fixed-width:10	0
00bec000	CEnginePrimitiveManagerMeshBase::PreloadDiffuseTexture	CEnginePrimitiveManagerMeshBase	PASS	primary	D:\Documents\FableTLC\rebuild\candidates\snapshots\0x00BEC000_CEnginePrimitiveManagerMeshBase_PreloadDiffuseTexture.cpp		e6338364959c96633ed3adf4e971f4177c640091d715f0f179dcf4907ea1258d	11645	PASS		FAIL	48	'CEnginePrimitiveManagerMeshBase' has not been declared	::operator_new;C3DMeshMaterial;CCompositeSurfaceInfo;CEngineInternalPrimitiveMorphInfo;CEnginePrimitiveManagerMeshBase;CFrameData;CGraphicDataBank;CGraphicInfoFrame;CKeyPairCompareLess;CResource;CVectorMap;GetAcceptablePreloadMipmap;GetComposedTexture;pFrameData;pResource	110	auto:6;lambda:4;nullptr:12;static_assert:9;std-fixed-width:79	0
00bec470	CEnginePrimitiveManagerMeshBase::PreloadBumpTexture	CEnginePrimitiveManagerMeshBase	PASS	primary	D:\Documents\FableTLC\rebuild\candidates\snapshots\0x00BEC470_CEnginePrimitiveManagerMeshBase_PreloadBumpTexture.cpp		398b92b0fc23bfa4e042309dab2b5917866606cc2256fe71d5586a64cbe73431	9814	PASS		FAIL	55	'CEnginePrimitiveManagerMeshBase' has not been declared	::operator_new;C3DMeshMaterial;CCompositeSurfaceInfo;CEngineInternalPrimitiveMorphInfo;CEnginePrimitiveManagerMeshBase;CFrameData;CGraphicDataBank;CGraphicInfoFrame;CKeyPairCompareLess;CResource;CVectorMap;GetAcceptablePreloadMipmap;GetComposedTextureFn;pFrameData;pInfoFrame;pResource	80	auto:6;nullptr:10;static_assert:5;std-fixed-width:57;using-alias:2	0
00bec950	CEnginePrimitiveManagerMeshBase::GetOverlaidTextures	CEnginePrimitiveManagerMeshBase	PASS	primary	D:\Documents\FableTLC\rebuild\candidates\snapshots\0x00BEC950_CEnginePrimitiveManagerMeshBase_GetOverlaidTextures.cpp		3ac63c0ab3a632349a1e2f5af5de02833b98ff32deb7303a97e46fbd2ea298d2	14152	PASS		FAIL	51	'CEnginePrimitiveManagerMeshBase' has not been declared	appearanceId;CArray;CEnginePrimitiveManagerMeshBase;CEngineTextureDecal;CFrameData;CGraphicInfoFrame;CResource;CTexture;overlaidTextures;pFrameData;pGraphicDataBank;pInfoFrame;pResource	83	auto:7;nullptr:10;static_assert:24;std-fixed-width:42	0
00bf3840	CEngineLandscapePatch::CanRelocateData	CEngineLandscapePatch	PASS	wave3	D:\Documents\FableTLC\rebuild\candidates\snapshots\0x00BF3840_global_CanRelocateData_CEngineLandscapePatch_EBE_NJ_Z.cpp		b3015202da0a9eca3c61741457a7ba12d979f32ae61c84511cb6632bb104d5e3	723	PASS		FAIL	3	'CEngineLandscapePatch' has not been declared	CEngineLandscapePatch	5	auto:1;static_assert:2;std-fixed-width:2	0
00bf3980	CEngineLandscapePatch::RelocateData	CEngineLandscapePatch	PASS	wave3	D:\Documents\FableTLC\rebuild\candidates\snapshots\0x00BF3980_global_RelocateData_CEngineLandscapePatch_EAEXJPAX0J_Z.cpp		6c74ccfa93b50db8cbcfdd466cf4149a966df1a848e51aaa4c7ae1a2214aca9e	3473	PASS		FAIL	2	'CEngineLandscapePatch' has not been declared	CEngineLandscapePatch	18	auto:4;nullptr:7;static_assert:4;std-fixed-width:3	0
00bf3a90	LoadHeader	CEngineLandscapePatch	PASS	primary	D:\Documents\FableTLC\rebuild\candidates\snapshots\0x00BF3A90_CEngineLandscapePatch_LoadHeader.cpp	D:\Documents\FableTLC\rebuild\include\candidates\00bf3a90.hpp	d62f2a1b536b71ce809f6ac3db0e7436d24053c4302de7ec3eabb330fc588a3c	3186	PASS		PASS	0			22	auto:2;static_assert:4;std-fixed-width:16	0
00bf3b60	LoadForegroundPatch	CEngineLandscapePatch	FAIL	retry	D:\Documents\FableTLC\rebuild\candidates\snapshots\0x00BF3B60_CEngineLandscapePatch_LoadForegroundPatch.cpp		031ed120f1af5bf92d87f1ecd5b100b503d800bed6c461ff3e445c93f52888c1	20438	PASS		FAIL	39	'CAnimationEntry' was not declared in this scope	CAnimationEntry;CAnimationPair;CBankFileAsyncData;CCountedPointer;CEngineLandscapeMap;CEngineLandscapePatch;CLandscapeLayerMesh;CWaterPatchMesh;LS_LOADING_STATUS;QuadricOptimiserInternals;std	86	auto:7;lambda:1;nullptr:20;static_assert:17;std-fixed-width:40;using-alias:1	0
00bf4130	LoadTextures	CEngineLandscapePatch	PASS	primary	D:\Documents\FableTLC\rebuild\candidates\snapshots\0x00BF4130_CEngineLandscapePatch_LoadTextures.cpp	D:\Documents\FableTLC\rebuild\include\candidates\00bf4130.hpp	c4088e13f72969defccabef7050dc5c8b44c848a6c98474ed36c966135368973	2185	PASS		PASS	0			18	auto:4;std-fixed-width:14	0
00bf4220	UpdateForeground	CEngineLandscapePatch	FAIL	primary	D:\Documents\FableTLC\rebuild\candidates\snapshots\0x00BF4220_CEngineLandscapePatch_UpdateForeground.cpp		82bbaf6212ae0338a5308ecc8c236044db5f20eac5b43970112169a368525641	7839	PASS		FAIL	1	'LS_LOADING_STATUS' does not name a type	LS_LOADING_STATUS	3	nullptr:3	0
00bf4570	RenderForeground	CEngineLandscapePatch	FAIL	primary	D:\Documents\FableTLC\rebuild\candidates\snapshots\0x00BF4570_CEngineLandscapePatch_RenderForeground.cpp		43c703f4dd6da597a0cb1e405c52816d0e414bfe884f7b078173dd20d58f1da2	54796	PASS		FAIL	96	'CEngineLandscapePatch' has not been declared	__ftol2;_DAT_0122dedc;_DAT_01230a08;C3DBoundingBox;C4DVector;CColorBufferDepthPackParameters;CEngineLandscapePatch;CEngineLightingManager;CEngineLocalLightArray;CEnginePrimitiveThemeChannelDesc;CEngineShadowRenderer;CGraphicFrameData;CGraphicInfoFrame;ClipPatch;CMatrix3x4;CRenderManagerCore;CRenderStateManager;CShaderRenderManager;CShadowRendererSceneData;currentProjectedMode;DAT_01396dc8;DAT_01396de8;DAT_01396f6c;DAT_01396f78;DAT_013bc470;DAT_013bc800;DAT_013bc801;DAT_013cb508;DAT_013d2880;DAT_01436e14;DAT_01436e18;DAT_01436e60;DAT_01436e9c;DAT_01436ea0;DAT_01436ea8;pLocalLights;pRenderStateManager;RenderForegroundWater;savedVertexShaderState;shadowSceneData	497	auto:17;lambda:2;nullptr:27;static_assert:16;std-fixed-width:435	0
00bf5c20	CEngineLandscapeRenderer::GetForegroundVertexShader	CEngineLandscapeRenderer	PASS	primary	D:\Documents\FableTLC\rebuild\candidates\snapshots\0x00BF5C20_CEngineLandscapeRenderer_GetForegroundSpotLightVertexShader.cpp		ed600429d5fbaa897434caff7158170643e263aa05a4deee8ca2072dc1df118b	540	PASS		FAIL	1	'CVertexShader' does not name a type	CVertexShader	1	auto:1	0
00bf5c60	CEngineLandscapeRenderer::GetForegroundSpotLightVertexShader	CEngineLandscapeRenderer	PASS	primary	D:\Documents\FableTLC\rebuild\candidates\snapshots\0x00BF5C60_CEngineLandscapeRenderer_GetForegroundSpotLightVertexShader.cpp		6c3ade9af8f0511ce1de98d87420460b04c842abd0bc105f73686abc9fb7c5e1	930	PASS		FAIL	2	'CEngineLandscapeRenderer' has not been declared	CEngineLandscapeRenderer	4	auto:1;static_assert:2;std-fixed-width:1	0
00bf5ca0	CEngineLandscapeRenderer::GetForegroundShadowedVertexShader	CEngineLandscapeRenderer	PASS	primary	D:\Documents\FableTLC\rebuild\candidates\snapshots\0x00BF5CA0_CEngineLandscapeRenderer_GetForegroundBumpShadowedVertexShader.cpp		c9b11ea4b43411a41e3af59b6a4875d033dead4a06a37ed75a02dcd84d6c7891	982	PASS		FAIL	1	'CVertexShader' does not name a type	CVertexShader	6	auto:2;static_assert:3;std-fixed-width:1	0
00bf5cd0	CEngineLandscapeRenderer::GetForegroundBumpShadowedVertexShader	CEngineLandscapeRenderer	PASS	primary	D:\Documents\FableTLC\rebuild\candidates\snapshots\0x00BF5CD0_CEngineLandscapeRenderer_GetForegroundBumpShadowedVertexShader.cpp		5e5b861fa678ecf03f31499066ad72ddbe47bef4b3515b23a753446c1a43f6ec	743	PASS		FAIL	2	'CEngineLandscapeRenderer' has not been declared	CEngineLandscapeRenderer	3	auto:1;static_assert:1;std-fixed-width:1	0
00bf5d00	CEngineLandscapeRenderer::GetForegroundSpotShadowedVertexShader	CEngineLandscapeRenderer	PASS	primary	D:\Documents\FableTLC\rebuild\candidates\snapshots\0x00BF5D00_CEngineLandscapeRenderer_GetForegroundBumpShadowedVertexShader.cpp		c350252de5b0c1753cd8280bd80f627fb236fcc151db0184a915c4e074136419	1174	PASS		FAIL	1	'CVertexShader' does not name a type	CVertexShader	6	auto:2;static_assert:3;std-fixed-width:1	0
00bf6720	UpdateTesselation	CLandscapeBackgroundTreeNode	PASS	primary	D:\Documents\FableTLC\rebuild\candidates\snapshots\0x00BF6720_CLandscapeBackgroundTreeNode_UpdateTesselation.cpp		7083bfe7765e30243fba01f84e8d881503793adb8666cc614849a145850f4cde	242	PASS		FAIL	3	'CLandscapeBackgroundTreeNode' has not been declared	CLandscapeBackgroundTreeNode;m_bTesselationUpdated;m_pLoadTask	1	nullptr:1	0
00bf7400	LoadHeader	CLandscapeBackgroundTreeNode	PASS	primary	D:\Documents\FableTLC\rebuild\candidates\snapshots\0x00BF7400_CLandscapeBackgroundTreeNode_LoadHeader.cpp		838c46c4c3d23a1d8eec26a6eba9267d0e3388a18be6279bca2adec870568c08	12161	PASS		FAIL	4	'CLandscapeBackgroundTreeNode' has not been declared	CDataInputStream;CLandscapeBackgroundTreeNode;in	85	auto:7;static_assert:5;std-fixed-width:73	0
00bf8810	UpdateStaticLOD	CLandscapeBackgroundTreeNode	PASS	primary	D:\Documents\FableTLC\rebuild\candidates\snapshots\0x00BF8810_CLandscapeBackgroundTreeNode_UpdateStaticLOD.cpp		b5cc343f8c72b8798d2114ee75e2b26f1147343b4444015087ef309ae84ce7f0	10165	PASS		FAIL	1	'LS_LOADING_STATUS' does not name a type	LS_LOADING_STATUS	49	nullptr:7;static_assert:22;std-fixed-width:20	0
00bfd420	CLandscapeLayerMesh	CLandscapeLayerMesh	PASS	wave3	D:\Documents\FableTLC\rebuild\candidates\snapshots\0x00BFD420_CLandscapeLayerMesh_CLandscapeLayerMesh.cpp		8bb06be6640d459cc4fa61acf06020b1d7c794c877041a0a36c589c8419d46bf	4210	PASS		FAIL	1	'CLandscapeLayerMesh' does not name a type	CLandscapeLayerMesh	47	auto:1;static_assert:23;std-fixed-width:23	0
00bfddd0	CLandscapeLayerMesh	CLandscapeLayerMesh	PASS	wave3	D:\Documents\FableTLC\rebuild\candidates\snapshots\0x00BFDDD0_CLandscapeLayerMesh_CLandscapeLayerMesh.cpp		685b012f8f012ea063f6c9c4fad4fdd21e12d057aed6ef3c944d019795a194f5	4322	PASS		FAIL	29	'CGraphicInfoFrame' does not name a type	CEngineLandscapeMap;CGraphicInfoFrame;CIndexBuffer;CLandscapeLayerMesh;CVertex;CVertexBufferWin32;LANDSCAPE_TEXTURE_MAPPING_DIRECTION	30	auto:1;nullptr:6;static_assert:22;std-fixed-width:1	0
00bfe050	LoadForeground	CLandscapeLayerMesh	PASS	retry	D:\Documents\FableTLC\rebuild\candidates\snapshots\0x00BFE050_CLandscapeLayerMesh_LoadForeground.cpp		dbdb4c7d340db6389498d7e48290261da3f65f37ceaf60b6d0e3258f49c40644	26931	PASS		FAIL	6	'CLandscapeLayerMesh' has not been declared	CDataInputStream;CEngineTexturePalette;CLandscapeLayerMesh;stream;texturePalette	234	auto:15;nullptr:3;static_assert:30;std-fixed-width:186	0
00c19f90	Getter_Field84	_global	PASS	wave3	D:\Documents\FableTLC\rebuild\candidates\snapshots\0x00C19F90_global_Getter_Field84.cpp		6acc46bd74b4524df62e316a0db28adcee205db7fb0a8cf79f863ffdf777e60d	338	PASS		PASS	0			4	static_assert:1;std-fixed-width:3	0
00c20ef0	IsStateStreaming_2to4	_global	PASS	wave3	D:\Documents\FableTLC\rebuild\candidates\snapshots\0x00C20EF0_global_IsStateStreaming_2to4.cpp		79d8c7239011daddd81317c4835576fbe2bc145509fb7acff63fd32b15be3e8f	582	PASS		PASS	0			6	static_assert:1;std-fixed-width:5	0
00c2d7b0	CTCInventory_CheckSlotTypeNegative	_global	PASS	wave3	D:\Documents\FableTLC\rebuild\candidates\snapshots\0x00C2D7B0_global_CTCInventory_CheckSlotTypeNegative.cpp		e56249223d6447ff7a3dced90fe252dbaff60329fdf4c9661df15e0c8b2e824b	493	PASS		PASS	0			5	static_assert:1;std-fixed-width:4	0
00c336f0	Constraint_NotifyGlobalManager	_global	PASS	wave3	D:\Documents\FableTLC\rebuild\candidates\snapshots\0x00C336F0_global_Constraint_NotifyGlobalManager.cpp		61b6e30c2eb8410988927999f6976e2b0782fe8ca68f1a3aeaad15e4eb719960	1818	PASS		PASS	0			21	auto:7;nullptr:1;static_assert:4;std-fixed-width:9	0
00c362f0	CSBAgents_BuildAndDispatch_A	_global	PASS	wave3	D:\Documents\FableTLC\rebuild\candidates\snapshots\0x00C362F0_global_CSBAgents_BuildAndDispatch_A.cpp		2931f6213e5ae040444d8057b447e5c5f5bd666fc95faf6a1698dc5b0e29db25	1706	PASS		PASS	0			13	auto:3;static_assert:3;std-fixed-width:5;using-alias:2	0
00c36e00	CSBAgents_BuildAndDispatch_SummonerLightning	_global	PASS	wave3	D:\Documents\FableTLC\rebuild\candidates\snapshots\0x00C36E00_global_CSBAgents_BuildAndDispatch_SummonerLightning.cpp		105d135107b91dca3d86cd4b11a5b9b253bd0da8ef0c4b519372569e65d3a365	1495	PASS		PASS	0			10	auto:2;static_assert:2;std-fixed-width:4;using-alias:2	0
00c36fb0	CSBAgents_BuildAndDispatch_TavernGame	_global	PASS	wave3	D:\Documents\FableTLC\rebuild\candidates\snapshots\0x00C36FB0_global_CSBAgents_BuildAndDispatch_TavernGame.cpp		9792d4039e5a559f85e382f69720dc49a36b53a56bea864542005bc0d9ff3c06	1687	PASS		FAIL	2	expected '(' before '{' token	jmp	10	auto:2;static_assert:2;std-fixed-width:4;using-alias:2	0
00c37000	IntelligentPointer_BuildAndDispatchFloat	_global	PASS	wave3	D:\Documents\FableTLC\rebuild\candidates\snapshots\0x00C37000_global_IntelligentPointer_BuildAndDispatchFloat.cpp		5115fb87d56256548e85fcea1958d460b70ec0468fa8d4c618205c64a683571d	1482	PASS		PASS	0			9	auto:2;static_assert:2;std-fixed-width:4;using-alias:1	0
00c3b900	CLandscapeLayerMesh	CLandscapeLayerMesh	PASS	wave3	D:\Documents\FableTLC\rebuild\candidates\snapshots\0x00C3B900_CLandscapeLayerMesh_CLandscapeLayerMesh.cpp		40888bd20aa1a99531d5c7f373e605e95edfa2355ea32d660f704c551774128a	1978	PASS		FAIL	19	'CEngineLandscapeMap' does not name a type	CEngineLandscapeMap;CGraphicInfoFrame;PTR_DAT_0139c900	15	auto:1;nullptr:3;static_assert:9;std-fixed-width:2	0
00c43de0	DrawAutoPickups_SelectAndDrawPrimitive	_global	PASS	wave3	D:\Documents\FableTLC\rebuild\candidates\snapshots\0x00C43DE0_global_DrawAutoPickups_SelectAndDrawPrimitive.cpp		773dc9d7c09e8779ca01092f72b1d8a0a3e72624f28edaea4e43f8c9c72f9c05	2098	PASS		PASS	0			19	auto:2;static_assert:5;std-fixed-width:11;using-alias:1	0
00c43f80	Weapon_ProcessAnimFrameIfReady	_global	PASS	wave3	D:\Documents\FableTLC\rebuild\candidates\snapshots\0x00C43F80_global_Weapon_ProcessAnimFrameIfReady.cpp		ef33e9edc4f0505c81a47e6bb6591f685d11ce7862e08cd0b5b36c98755ca546	1845	PASS		FAIL	2	expected '(' before '{' token	mov	13	static_assert:1;std-fixed-width:12	0
00caf580	CEngineLandscapePatch::Destructor	CEngineLandscapePatch	PASS	wave3	D:\Documents\FableTLC\rebuild\candidates\snapshots\0x00CAF580_CEngineLandscapePatch_Destructor.cpp		1f09e3366efbca1896a6a72e47b68d11875bac4dd93733bbea27bc56e24b8fcf	4306	PASS		FAIL	6	invalid use of incomplete type 'class CCharString'	class CCharString;class CEngineLandscapePatch	30	auto:1;nullptr:1;static_assert:7;std-fixed-width:17;using-alias:4	0
00caf680	CEngineLandscapePatch::AllocateTask	CEngineLandscapePatch	PASS	wave3	D:\Documents\FableTLC\rebuild\candidates\snapshots\0x00CAF680_CEngineLandscapePatch_AllocateTask.cpp		b2770325c42288a196c670cf8b67f89ef2ca305156f49de7ee0cf9013ade7b4c	2195	PASS		FAIL	6	'CEngineLandscapePatch' has not been declared	CEngineLandscapePatch;REVERSED_FUNCTION	28	auto:1;nullptr:1;static_assert:1;std-fixed-width:25	0
