address	name	length	bytes
0088f560	CGameScriptInterface::EntityCastLightningAtTarget	3	c20800
0088fb90	CGameScriptInterface::GetBettingAmount	6	a120ae3b01c3
0088e080	CGameScriptInterface::GetConstantFPS	6	a150553701c3
0088e920	CGameScriptInterface::SetAllowScreenFadingIfAlreadyFaded	10	8a44240488412dc20400
0088fe70	CGameScriptInterface::GetDayCount	10	8b41048b481c8b4114c3
006e7d30	CGameScriptInterface::SetCreatureCreationDelayFrames	10	8b44240489414cc20400
0088f930	CGameScriptInterface::AutoSave	11	8b49046a00e8a611c1ffc3
0088fb60	CGameScriptInterface::SetBettingAccept	12	8a442404a21eae3b01c20400
0088fb40	CGameScriptInterface::SetBettingActive	12	8a442404a21dae3b01c20400
0088fc20	CGameScriptInterface::SetBoastingEnabled	12	8a442404a2d8333801c20400
0088fae0	CGameScriptInterface::SetCheapHeadLooking	12	8a442404a21bae3b01c20400
0088fba0	CGameScriptInterface::SetCountBetMoneyDown	12	8a442404a224ae3b01c20400
0088fbe0	CGameScriptInterface::SetGlobalTargetingDistanceOffset	12	8b442404a328ae3b01c20400
0088fa80	CGameScriptInterface::SetPlayerUsingMeleeDummies	12	8a442404a218ae3b01c20400
0088faa0	CGameScriptInterface::SetPlayerUsingRangedDummies	12	8a442404a219ae3b01c20400
0088fac0	CGameScriptInterface::SetPlayerUsingWillDummies	12	8a442404a21aae3b01c20400
0088fb20	CGameScriptInterface::SetPrizeTavernTable	12	8a442404a2d0333801c20400
0088fb00	CGameScriptInterface::SetQuitTavernGame	12	8a442404a21cae3b01c20400
0088fbc0	CGameScriptInterface::SetSpotTheAdditionBeaten	12	8a442404a225ae3b01c20400
0088fc00	CGameScriptInterface::SetTradingPriceMult	12	8b442404a3d4333801c20400
0088fb80	CGameScriptInterface::SetBettingAmount	12	8b442404a320ae3b01c20400
004aa890	CScriptThing::IsDead	14	8b01ff902c010000f6d81bc040c3
00890960	CGameScriptInterface::GetNextInOpinionAttitudeGraph	14	8b4424048b0485004b2601c20400
0088e910	CGameScriptInterface::SetAllowScreenFadingOnNextRegionChange	16	8b41048a4c24048888db000000c20400
0088f460	CGameScriptInterface::SetExperienceSpendingAsEnabled	16	8b41048a4c24048888d6000000c20400
0088f440	CGameScriptInterface::SetHeroSleepingAsEnabled	16	8b41048a4c24048888d9000000c20400
0088f430	CGameScriptInterface::SetRegionTextDisplayAsActive	16	8b41048a4c24048888df000000c20400
0088f940	CGameScriptInterface::SetSavingAsEnabled	16	8b41048a4c24048888d7000000c20400
0088f470	CGameScriptInterface::SetSummonerDeathExplosionAffectsHero	16	8b41048a4c24048888e1000000c20400
0088f410	CGameScriptInterface::SetTeleportingAsActive	16	8b41048a4c24048888d5000000c20400
0088ec70	CGameScriptInterface::EntityClearMaxNumberOfAttackers	18	8b5424048b016aff52ff903c070000c20400
0088e090	CGameScriptInterface::SetAllSoundsAsMuted	20	8b44240450e806f2b7ff8bc8e89fa2b7ffc20400
0089cd30	CGameScriptInterface::CanThingBe_NearlySeen_ByOtherThing	20	8b4424088b5424046a025052e8cffbffffc20800
0089cd10	CGameScriptInterface::CanThingBe_Seen_ByOtherThing	20	8b4424088b5424046a015052e8effbffffc20800
0089cd50	CGameScriptInterface::CanThingBe_Smelled_ByOtherThing	20	8b4424088b5424046a035052e8affbffffc20800
008a7ec0	CGameScriptInterface::EntitySetThingAsAllyOfThing	20	8b4424088b5424046a015052e82f42ffffc20800
0088fe50	CGameScriptInterface::GetDayOfWeek	20	8b41048b481c8b411499b907000000f7f98bc2c3
0088e110	CGameScriptInterface::GiveHeroTitle	20	8b5424048b016a016aff52ff90e4010000c20400
008a9db0	CGameScriptInterface::AddRumourCategory	21	8b442404518bcc50e8734e0f00e89e480000c20400
00892e80	CGameScriptInterface::ActivateQuest	23	8b4424048b0dfc893b016a016a0150e87c1bc2ffc20400
0088e130	CGameScriptInterface::GiveHeroWeapon	23	8b5424088b01528b5424086aff52ff90e4010000c20800
008cfe30	CGameScriptThing::GetHomePos	24	8b51348b44240489108b51388950048b493c894808c20400
00890970	CGameScriptInterface::GetOpinionAttitudeAsString	24	8b4424048d0c85d0ab3b01518b4c240ce82be61000c20800
0088f480	CGameScriptInterface::ApplyScriptBrush	25	8b49048b4424048b116a0150ff52308bc8e87af0c6ffc20400
00891c80	CGameScriptInterface::UpdateMiniGameInfoBar	29	8b4424048b0d90873b018b89c80100006a006a0050e86332dbffc20400
00891680	CGameScriptInterface::GetMostRecentValidUsedTargetName	29	a1fc893b01568b74240805b0000000508bcee899d510008bc65ec20400
00892050	CGameScriptInterface::SetHUDEnabled	30	8a44240484c08b0d90873b017408e86d54baffc20400e8d563baffc20400
008901c0	CGameScriptInterface::DisplacementMonochromeEffectColourFadeTo	32	8b41048b5424088b48188b4424048b8964190000526a0150e89381e2ffc20800
00891c60	CGameScriptInterface::DisplayMiniGameInfo	32	8b4424088b4c24048b1590873b016a0050518b8ac8010000e81629dcffc20800
0088e3d0	CGameScriptInterface::MiniMapAllowRouteBetweenRegions	33	8b44240c8b5424088b4904508b442408528b1150ff52308bc8e882e5c6ffc20c00
008a9e30	CGameScriptInterface::AddGossipVillage	34	8b442408518bcc50e8f34d0f008b542408518bcc52e8e64d0f00e8c1490000c20800
008a9dd0	CGameScriptInterface::AddNewRumourToCategory	34	8b442408518bcc50e8534e0f008b542408518bcc52e8464e0f00e8f1470000c20800
0088f6e0	CGameScriptInterface::EntitySetAllStategroupsEnabled	34	8b4c24048b01ff502c85c0741280781001750c8b4c2408518bc8e8e10bfaffc20800
0088f9b0	CGameScriptInterface::GetGuildSealRecallPos	36	8b49048b91540100008b44240481c15401000089108b51048950048b4908894808c20400
0088fd60	CGameScriptInterface::IsEntityInLimbo	36	8b4c24048b01ff502c85c074128a8091000000a8017508c0e8052401c2040032c0c20400
008915b0	CGameScriptInterface::SetBoastAsFailed	36	8b442408568b35fc893b01518bcc50e86cd610008b4c240c518bcee8b0e2c1ff5ec20800
00891550	CGameScriptInterface::IsBoastTaken	36	8b442408568b35fc893b01518bcc50e8ccd610008b4c240c518bcee8a0e2c1ff5ec20800
00891580	CGameScriptInterface::RemoveBoast	36	8b442408568b35fc893b01518bcc50e89cd610008b4c240c518bcee880e8c1ff5ec20800
008915e0	CGameScriptInterface::SetBoastAsCompleted	36	8b442408568b35fc893b01518bcc50e83cd610008b4c240c518bcee8f0e2c1ff5ec20800
00890220	CGameScriptInterface::IsEntityWieldingMeleeWeapon	37	8b4c24048b01ff502c85c07413f6809100000001750a8bc8e86313e1ffc2040032c0c20400
00890250	CGameScriptInterface::IsEntityWieldingRangedWeapon	37	8b4c24048b01ff502c85c07413f6809100000001750a8bc8e8b313e1ffc2040032c0c20400
00890690	CGameScriptInterface::EntityAttachToScript	38	8b4c24048b01ff502c85c07416f6809100000001750d8b4c2408518d4858e8fde81000c20800
008a0ee0	CGameScriptInterface::IsThingADoor	38	8b4c24048b01ff502c85c07414f6809100000001750bf64024407405b001c2040032c0c20400
0088f6b0	CGameScriptInterface::EntitySetStategroupEnabled	39	8b4c24048b01ff502c85c074178078100175118b4c240c8b54240851528bc8e8fc0bfaffc20c00
004abe60	CScriptThing::MsgWhoKilledMe	40	8b410485c0568b742408750e518bcee81c0000008bc65ec204008b10568bc8ff524c8bc65ec20400
0088fc90	CGameScriptInterface::HeroHasExpression	40	8b4914e8d89cbbff8bc8e82181bfff85c07410f680910000000175078bc8e9ddc6e1ff32c0c20400
008a0f10	CGameScriptInterface::IsThingSmashable	40	8b4c24048b01ff502c85c07416f6809100000001750d8b4828f6c5407405b001c2040032c0c20400
008a0e80	CGameScriptInterface::IsThingABed	41	8b4c24048b01ff502c85c07417f6809100000001750ef74024000020007405b001c2040032c0c20400
008a0eb0	CGameScriptInterface::IsThingAChest	41	8b4c24048b01ff502c85c07417f6809100000001750ef74024000000107405b001c2040032c0c20400
008a0f40	CGameScriptInterface::IsThingSearchable	41	8b4c24048b01ff502c85c07417f6809100000001750ef74024000000107405b001c2040032c0c20400
008a9e00	CGameScriptInterface::RemoveRumourCategory	41	8b442404508d4c2408e8224e0f008d4c240451b944ae3b01e8034600008d4c2404e8ba4c0f00c20400
004aa9e0	CScriptThing::GetCurrentMapName	42	8b490485c9568b742408751268ece843018bcee838424f008bc65ec204008b0156ff50208bc65ec20400
004aaa10	CScriptThing::GetHomeMapName	42	8b490485c9568b742408751268ece843018bcee808424f008bc65ec204008b0156ff50248bc65ec20400
00890280	CGameScriptInterface::IsEntityAbleToAttack	42	8b4c24048b01ff502c85c07418f6809100000001750f8bc8e843f1fcff84c00f95c0c2040032c0c20400
006e76e0	CGameScriptInterface::SetTimer	44	51568d713c8d44240c508d4c2408518bcee8ebc0eaff8b0e8b4424043bc15e74078b54240c89501459c20800
00890400	CGameScriptInterface::GetHealth	46	8b4c24048b01ff502c85c07418f6809100000001750ff6406c027409d980b4000000c20400d905dcde2201c20400
006e7710	CGameScriptInterface::GetTimer	46	51568d713c8d44240c508d4c2408518bcee81a0500008b0e8b4424043bc15e74078b401459c2040033c059c20400
0088f980	CGameScriptInterface::SetGuildSealRecallLocation	46	8b41048b542404568b32055401000089308b72048970048b52088950088b41048b4c240c8988600100005ec20800
008a96c0	CGameScriptInterface::SetCategoryActivity	47	8b442404508d4c2408e862550f008d4c240451b92cae3b01e8334800008a5424088d4c24048810e8f4530f00c20800
00890010	CGameScriptInterface::SetEnvironmentThemeWeightAllChannels	47	8b44240456508bf1e893c6bbff8bc8e8ecd3110085c07e138b4c240c8b5604518b4a18506a01e84536e2ff5ec20800
0088fee0	CGameScriptInterface::TransitionToTheme	47	8b44240456508bf1e8c3c7bbff8bc8e81cd5110085c07e138b4c240c8b5604518b4a18506a01e8c539e2ff5ec20800
006e7300	CGameScriptInterface::IsCameraPosOnScreen	49	518b41048b48348b118d042450ff522884c074178b0c248b4424088b1150ff520c84c07406b00159c2040032c059c20400
00890090	CGameScriptInterface::SetEnvironmentThemeWeightExternals	49	8b44240456508bf1e813c6bbff8bc8e86cd3110085c07e158b4c240c8b5604518b4a18506a016a00e84335e2ff5ec20800
0088ffb0	CGameScriptInterface::TransitionToThemeExternals	49	8b44240456508bf1e8f3c6bbff8bc8e84cd4110085c07e158b4c240c8b5604518b4a18506a016a00e82338e2ff5ec20800
008aa050	CGameScriptInterface::RemoveGossip	50	518d442408508d4c2404e8d14b0f008d0c2451b944ae3b01e8b34300008d0c24e86b4a0f008d4c2408e8624a0f0059c20400
008aa510	CGameScriptInterface::RemoveGossipFactions	50	518d442408508d4c2404e811470f008d0c2451b95cae3b01e8f33e00008d0c24e8ab450f008d4c2408e8a2450f0059c20400
008aa2b0	CGameScriptInterface::RemoveGossipVillages	50	518d442408508d4c2404e871490f008d0c2451b950ae3b01e8534100008d0c24e80b480f008d4c2408e802480f0059c20400
0088e340	CGameScriptInterface::GetRegionName	50	568bf18b4e048b01ff50348bc8e8fecdc6ff85c07e158b4e048b1150ff52348bc8e81adec6ff83c0185ec3b804d83b015ec3
0088e300	CGameScriptInterface::IsRegionLoaded	51	8b442404568bf18b4e048b115750ff52348bc8e8f8dec6ff8b4e048bf88b01ff50348bc8e827cec6ff3bf85f0f94c05ec20400
00890430	CGameScriptInterface::ModifyThingHealth	51	8b4c24048b01ff502c85c07423f6809100000001751af6406c0274148b4c240c8b10518b4c240c518bc8ff92ec000000c20c00
0088fcc0	CGameScriptInterface::GiveHeroAbility	52	8b4914e8a89cbbff8bc8e8f180bfff85c0741ef680910000000175158b4c24088b5424046a016aff51528bc8e89fc9e1ffc20800
00892df0	CGameScriptInterface::ClearAllRumbles	53	8b4914e8786bbbff8bc8e8c14fbfff85c07421f680910000000175188bc8e88d4ec3ff8b0d88833b018b512c8b0cc28b01ff6048c3
0088e0b0	CGameScriptInterface::SetSoundThemesAsEnabledForRegion	54	8b442404568bf18b4e048b1150ff52348bc8e849e1c6ff85c07e178b4e04508b01ff50308bc8e8b5d3c6ff8a4c240c8848565ec20800
00891880	CGameScriptInterface::GetActiveQuestName	55	a1fc893b018b808800000085c0568b7424088bce740f83c03050e891d310008bc65ec204006aff680ed72201e83fd310008bc65ec20400
008a9720	CGameScriptInterface::SetActiveGossipCategories	56	518d442408508d4c2404e801550f008d0c2451b92cae3b01e8d34700008a54240c8d0c248810e895530f008d4c2408e88c530f0059c20800
00890f00	CGameScriptInterface::EntitySetAbleToBeEngagedInCombat	57	8b4c24048b01ff502c85c07429f68091000000017520f6406c02741a8a4c24088a90bc000000c0e10532ca80e12032d18890bc000000c20800
00890ec0	CGameScriptInterface::EntitySetEvadeAllHits	57	8b4c24048b01ff502c85c07429f68091000000017520f6406c02741a8a4c24088a90bc000000c0e10332ca80e10832d18890bc000000c20800
00890e80	CGameScriptInterface::EntitySetNegateAllHits	57	8b4c24048b01ff502c85c07429f68091000000017520f6406c02741a8a4c24088a90bc000000c0e10432ca80e11032d18890bc000000c20800
0088f850	CGameScriptInterface::EntitySetDeedReactionsEnabled	59	51566aff8bf168885927018d4c240ce88cf310008b4c24108b06518b4c24108d54240852518bceff90380900008d4c2404e85af210005e59c20800
0088f810	CGameScriptInterface::EntitySetOpinionReactionsEnabled	59	51566aff8bf16840fd25018d4c240ce8ccf310008b4c24108b06518b4c24108d54240852518bceff90380900008d4c2404e89af210005e59c20800
0088f7d0	CGameScriptInterface::EntitySetSleepEnabled	59	51566aff8bf1684c8127018d4c240ce80cf410008b4c24108b06518b4c24108d54240852518bceff90380900008d4c2404e8daf210005e59c20800
0088fdc0	CGameScriptInterface::SetTimeOfDay	60	d9442404d8152c822301dfe0f6c4017513d8252c822301d8152c822301dfe0f6c40174edd80d88dc22018b4104518b481cd91c24e817bae2ffc20400
0088f890	CGameScriptInterface::PlayAVIMovie	63	e80bdab7ff8a480c84c974088a80cd000000eb040fb6400d8b4c24046a006a006a0068000080bf506a006a006a006a006a00ba1b000000e8248ed9ffc20400
00891820	CGameScriptInterface::AddQuestRegion	63	8b442408568bf18b4e048b1150ff52348bc8e8d9a9c6ff85c07e208b4e04508b01ff50348bc8e835a9c6ff5e894424088b0dfc893b01e9a520c2ff5ec20800
008aa4d0	CGameScriptInterface::ClearGossipFactions	64	518d442408508d4c2404e851470f008d0c2451b95cae3b01e8f346f0ff8b50048b0852518bc8e86f8eb8ff8d0c24e8dd450f008d4c2408e8d4450f0059c20400
008aa270	CGameScriptInterface::ClearGossipVillages	64	518d442408508d4c2404e8b1490f008d0c2451b950ae3b01e85349f0ff8b50048b0852518bc8e8cf90b8ff8d0c24e83d480f008d4c2408e834480f0059c20400
00897150	CGameScriptInterface::UnSetThingAndCarriedItemsNotAffectedByScreenFilter	64	8b4c24048b01ff502cf6402840742e568d4c24088d7044518bcec744240c46000000e8a97eb7ff8b76043bc674058338467e028bc68b4004c6401c005ec20400
0088fe90	CGameScriptInterface::FastForwardTimeTo	65	d9442404d8152c822301dfe0f6c4017513d8252c822301d8152c822301dfe0f6c40174ed8b442408d80d88dc220150518b4904d91c248b491ce852b8e2ffc20800
008aa480	CGameScriptInterface::GetGossipFactionsSize	66	51568d44240c508d4c2408e8a0470f008d4c240451b95cae3b01e84147f0ff8b088b70042bf18d4c2404c1fe02e82e460f008d4c240ce825460f008bc65e59c20400
008a9fc0	CGameScriptInterface::GetGossipSize	66	51568d44240c508d4c2408e8604c0f008d4c240451b944ae3b01e8014cf0ff8b088b70042bf18d4c2404c1fe02e8ee4a0f008d4c240ce8e54a0f008bc65e59c20400
008aa220	CGameScriptInterface::GetGossipVillagesSize	66	51568d44240c508d4c2408e8004a0f008d4c240451b950ae3b01e8a149f0ff8b088b70042bf18d4c2404c1fe02e88e480f008d4c240ce885480f008bc65e59c20400
006e7410	CGameScriptInterface::NewScriptFrame	66	8b0d38283d018a410584c075348b01ff50088b0d38283d018a410584c075228b15fc893b018b82880000008b4808568b712ce82964dbff8b561c89561889461c5ec3
00890040	CGameScriptInterface::SetEnvironmentThemeWeightAllInternals	67	8b4424045557508be9e862c6bbff8bc8e8bbd311008bf885ff7e23538b5c241456be010000008b4d048b491853576a0156e88a35e2ff4683fe047eea5e5b5f5dc20800
0088ff30	CGameScriptInterface::TransitionToThemeAllInternals	67	8b4424045557508be9e872c7bbff8bc8e8cbd411008bf885ff7e23538b5c241456be010000008b4d048b491853576a0156e89a38e2ff4683fe047eea5e5b5f5dc20800
00890870	CGameScriptInterface::SetFactionAsAlliedToFaction	69	8b542404568bf18b46048b48545752e84c8be2ff8b5424108bf88b46048b485452e83a8be2ff85ff8bf0741485f67410568bcfe8388ce2ff578bcee8308ce2ff5f5ec20800
00890910	CGameScriptInterface::SetFactionAsEnemyToFaction	69	8b542404568bf18b46048b48545752e8ac8ae2ff8b5424108bf88b46048b485452e89a8ae2ff85ff8bf0741485f67410568bcfe8e88be2ff578bcee8e08be2ff5f5ec20800
008908c0	CGameScriptInterface::SetFactionAsNeutralToFaction	69	8b542404568bf18b46048b48545752e8fc8ae2ff8b5424108bf88b46048b485452e8ea8ae2ff85ff8bf0741485f67410568bcfe8188ce2ff578bcee8108ce2ff5f5ec20800
0089c4c0	CGameScriptInterface::EntityClearPersonalityOverride	70	8b4c24048b01ff502c85c074368b482884ed792f568d4c24088d7044518bcec744240c4f000000e8342bb7ff8b76043bc6740583384f7e028bc68b4804e80e5edeff5ec20400
00891490	CGameScriptInterface::RemoveQuestCardFromGuild	72	8b4424048b0dfc893b0150e8d0e1c1ff508d4c2408e886d71000680ed722018d4c2408e8a8d4100084c074108d4c2404518b0dfc893b01e824eec1ff8d4c2404e80bd61000c20400
008a0c10	CGameScriptInterface::EntityGetAppearanceSeed	73	8b4c24048b01ff502c85c07439f64020087433568d4c24088d7044518bcec744240c03000000e8e5e3b6ff8b76043bc674058338037e028bc68b40048b50188b44240c89105ec20800
006e7690	CGameScriptInterface::DeregisterTimer	74	51568d713c8d44240c508d4c2408518bcee83bc1eaff8b4c24048b063bc874258d500c528d50085283c0045051e88c2cd4ff83c41085c0740950e84573510083c404ff4e045e59c20400
0089c510	CGameScriptInterface::OpinionSourceSetAsAttentionGrabbing	74	8b4c24048b01ff502c85c0743af74028000001007431568d4c24088d7044518bcec744240c50000000e8e22ab7ff8b76043bc674058338507e028bc68b40048a54240c8850775ec20800
008a0bc0	CGameScriptInterface::EntitySetAppearanceSeed	76	8b4c24048b01ff502c85c0743cf64020087436568d4c24088d7044518bcec744240c03000000e835e4b6ff8b76043bc674058338037e028bc68b40048b54240c528bc8e85878e8ff5ec20800
0089c380	CGameScriptInterface::EntitySetOpinionAttitudeEnabled	79	8b4c24048b01ff502c85c0743f8b482884ed7938568d4c24088d7044518bcec744240c4f000000e8742cb7ff8b76043bc6740583384f7e028bc68b40048b50248a4424108b4c240c8804115ec20c00
0089c330	CGameScriptInterface::EntitySetOpinionDeedTypeEnabled	79	8b4c24048b01ff502c85c0743f8b482884ed7938568d4c24088d7044518bcec744240c4f000000e8c42cb7ff8b76043bc6740583384f7e028bc68b40048b503c8a4424108b4c240c8804115ec20c00
0089c3d0	CGameScriptInterface::EntitySetOpinionReactionEnabled	79	8b4c24048b01ff502c85c0743f8b482884ed7938568d4c24088d7044518bcec744240c4f000000e8242cb7ff8b76043bc6740583384f7e028bc68b40048b50308a4424108b4c240c8804115ec20c00
008950e0	CGameScriptInterface::ManuallyResetTrap	79	8b4c24048b01ff502c85c0743df7402c000000207434568d4c24088d7044518bcec744240c7d000000e8129fb7ff8b76043bc6740583387d7e028bc68b4804e8e82aefffb0015ec2040032c0c20400
00895090	CGameScriptInterface::ManuallyTriggerTrap	79	8b4c24048b01ff502c85c0743df7402c000000207434568d4c24088d7044518bcec744240c7d000000e8629fb7ff8b76043bc6740583387d7e028bc68b4804e8b432efffb0015ec2040032c0c20400
0089c850	CGameScriptInterface::RemoveOpinionDeedStillSearchingForWitnesses	79	8b4c24048b01ff502c85c0743ff74028000002007436568d4c24088d7044518bcec744240c51000000e8a227b7ff8b76043bc674058338517e028bc68b40048b54240c528bc8e88590e2ff5ec20800
00892f80	CGameScriptInterface::SetQuestAsCompleted	79	8b442410538b5c240c568b74240c578bf98b4c241850518b0dfc893b015356e88cedc1ff84db7515a04157370184c0740c8b0dfc893b0156e8a3d1c1ff680000803f8bcfe82742e5ff5f5e5bc21000
00892fd0	CGameScriptInterface::SetQuestAsFailed	79	8b442410538b5c240c568b74240c578bf98b4c241850518b0dfc893b015356e88cf2c1ff84db7515a04157370184c0740c8b0dfc893b0156e853d1c1ff680000803f8bcfe8d741e5ff5f5e5bc21000
00890820	CGameScriptInterface::FadeScreenOut	80	8b410c8a90bc00000084d25374168a412d84c074098b542410c1ea10eb0b32c05bc20c00668b5424128b5c2410518bc48870038850028b54241088188878018b44240c5250e8066be5ffb0015bc20c00
00891d50	CGameScriptInterface::GetThingWithUID	81	8b44240c8b49048b54240856508b0152ff500c8bc8e816d0c8ff85c08b742408740e568bc8e8d660c3ff8bc65ec20c008bcee849851000c7068c8c2301c7460400000000c74608000000008bc65ec20c00
008961b0	CGameScriptInterface::ClearHeroEnemyOfGuards	83	8b4c24048b01ff502c85c07443f6809100000001753af64024047434568d4c24088d7044518bcec744240c22000000e83c8eb7ff8b76043bc674058338227e028bc68b4004c780d4000000000000005ec20400
0089e130	CGameScriptInterface::EntitySetMaxNumberOfAttackers	83	8b4c24048b01ff502c85c07443f6809100000001753af74024000040007431568d4c24088d7044518bcec744240c36000000e8b90eb7ff8b76043bc674058338367e028bc68b40048b54240c8950445ec20800
00896210	CGameScriptInterface::IsSleepingTime	83	8b4c24048b01ff502c85c07441f68091000000017538f64024047432568d4c24088d7044518bcec744240c22000000e86c03baff8b76043bc674058338227e028bc68b4804e8ad2adcff5ec2040032c0c20400
00891070	CGameScriptInterface::CameraUseCameraPoint	83	578bf98b4c240c8b01ff502c85c0743ff680910000000175368b486085c9742f568bf18b16ff92200100008b4c241c8b17518b4c241c518b4c241c51508b44241c83c60c56508bcfff926c0600005e5fc21400
0088fd00	CGameScriptInterface::EntitySetInLimbo	84	8b4c24048b0156ff502c8bf085f67440f68691000000017537538b5c2410538bcee8ca8fc3ff84db740c8a44241484c07404b001eb0232c08a9e92000000c0e00632c38acb244032c8888e920000005b5ec20c00
00896270	CGameScriptInterface::EnableGuards	85	8b4c24048b01ff502c85c07445f6809100000001753cf64024047436568d4c24088d7044518bcec744240c22000000e87c8db7ff8b76043bc674058338227e028bc68b40048b54240c528bc8e89961dcff5ec20800
00896060	CGameScriptInterface::SetVillageLimbo	85	8b4c24048b01ff502c85c07445f6809100000001753cf64024047436568d4c24088d7044518bcec744240c22000000e88c8fb7ff8b76043bc674058338227e028bc68b40048b54240c528bc8e8bd62dcff5ec20800
008978e0	CGameScriptInterface::EntitySetAsAbleToRegionFollowWhenMarried	86	8b4c24048b01ff502c85c07446f6809100000001753df74038000080007434568d4c24088d7044518bcec744240cd7000000e80977b7ff8b76043bc674088138d70000007e028bc68b40048a54240c88501c5ec20800
00898fa0	CGameScriptInterface::GetHeroGold	86	518b4914e8c709bbff8bc8e810eebeff85c0743ef68091000000017535f6402010742f568d70448d442404508bcec744240804000000e84560b7ff8b76043bc674058338047e028bc68b40048b403c5e59c333c059c3
0089a150	CGameScriptInterface::GetHeroWillEnergy	86	518b4914e817f8baff8bc8e860dcbeff85c0743ef68091000000017535f6402010742f568d70448d442404508bcec744240804000000e825c4b9ff8b76043bc674058338047e028bc68b40048b40585e59c333c059c3
0089a1b0	CGameScriptInterface::GetHeroWillEnergyMax	86	518b4914e8b7f7baff8bc8e800dcbeff85c0743ef68091000000017535f6402010742f568d70448d442404508bcec744240804000000e8c5c3b9ff8b76043bc674058338047e028bc68b40048b405c5e59c333c059c3
008a1300	CGameScriptInterface::StartSneaking	87	518b4914e86786baff8bc8e8b06abeff85c07441f68091000000017538f7402400004000742f568d70448d442404508bcec744240836000000e8e2dcb6ff8b76043bc674058338367e028bc68b4804e80c62eaff5e59c3
0089ef30	CGameScriptInterface::SetMoralityChangingAsEnabled	88	518b4914e837aabaff8bc8e8808ebeff85c07440f68091000000017537f64020107431568d70448d442404508bcec744240804000000e8b500b7ff8b76043bc674058338047e028bc68b40048a4c240c88482c5e59c20400
00897880	CGameScriptInterface::GetHeroTitle	88	518b4914e8e720bbff8bc8e83005bfff85c07440f680910000000175378b4824f6c502742f568d70448d442404508bcec744240829000000e86377b7ff8b76043bc674058338297e028bc68b40048b40105e59c333c059c3
008a0f70	CGameScriptInterface::SetReadableObjectText	88	8b4c24048b01ff502c85c07448f6809100000001753f8b4820f6c5207437568d4c24088d7044518bcec744240c0d000000e87ae0b6ff8b76043bc6740583380d7e028bc68b40048b54240c528d4818e80ca80f005ec20800
00895130	CGameScriptInterface::SetTrapAsActive	88	8b4c24048b01ff502c85c07448f7402c00000020743f568d4c24088d7044518bcec744240c7d000000e8c29eb7ff8b76043bc6740583387d7e028bc68b48048a44240c84c05e7408e88a2aefffc20800e8792aefffc20800
00897c90	CGameScriptInterface::GetNumberOfTimesHeroHasHadSex	89	518b4914e8d71cbbff8bc8e82001bfff85c07441f68091000000017538f64020107432568d70448d442404508bcec744240804000000e8e5e8b9ff8b76043bc674058338047e028bc68b40048b80540100005e59c333c059c3
00899060	CGameScriptInterface::SetHeroAbleToGainExperience	90	518b4914e80709bbff8bc8e850edbeff85c07442f680910000000175398b482cf6c5017431568d70448d442404508bcec744240868000000e8835fb7ff8b76043bc674058338687e028bc68b40048a4c240c88483c5e59c20400
0089aff0	CGameScriptInterface::EntitySetCombatAbility	90	8b4c24048b01ff502c85c0744af68091000000017541f74024000001007438568d4c24088d7044518bcec744240c30000000e8f93fb7ff8b76043bc674058338307e028bc68b40048b54240c6a01528bc8e8ca91e9ff5ec20800
00899cf0	CGameScriptInterface::GetPlayerCreatureCombatMultiplierRunningNumHits	90	518b4914e877fcbaff8bc8e8c0e0beff85c07442f680910000000175398b482cf6c5017431568d70448d442404508bcec744240868000000e883c8b9ff8b76043bc674058338687e028bc68b4804e85dc6e3ff5e59c333c059c3
00891ef0	CGameScriptInterface::IsHeroAllowedHenchmenInRegion	90	8b442404568bf18b4e048b1150ff52348bc8e809a3c6ff85c07e398b4e04508b01ff50348bc8e865a2c6ff8b482485c974228b5104428bc2895104538a99890000004889410475058b11ff52048ac35b5ec20400b0015ec20400
008962d0	CGameScriptInterface::EnableVillagerDefTypes	90	8b4c24048b01ff502c85c0744af68091000000017541f6402404743b568d4c24088d7044518bcec744240c22000000e81c8db7ff8b76043bc674058338227e028bc68b5424108b4c240c8b400452518bc8e81c4edcff5ec20c00
00898540	CGameScriptInterface::SetGuardsIgnoreCrimes	91	518b4914e82714bbff8bc8e870f8beff85c07443f6809100000001753af74028000002007431568d70448d442404508bcec744240851000000e8a26ab7ff8b76043bc674058338517e028bc68b40048a4c240c88482d5e59c20400
00897db0	CGameScriptInterface::SetHeroAsHavingHadGaySex	91	518b4914e8b71bbbff8bc8e80000bfff85c07443f6809100000001753af64020107434568d70448d442404508bcec744240804000000e83572b7ff8b76043bc674058338047e028bc68b40048a4c240c8888590100005e59c20400
00897d50	CGameScriptInterface::SetHeroAsHavingHadSex	91	518b4914e8171cbbff8bc8e86000bfff85c07443f6809100000001753af64020107434568d70448d442404508bcec744240804000000e89572b7ff8b76043bc674058338047e028bc68b40048a4c240c8888580100005e59c20400
008984e0	CGameScriptInterface::SetWeaponOutCrimeEnabled	91	518b4914e88714bbff8bc8e8d0f8beff85c07443f6809100000001753af74028000002007431568d70448d442404508bcec744240851000000e8026bb7ff8b76043bc674058338517e028bc68b40048a4c240c88482c5e59c20400
00897090	CGameScriptInterface::SetWhetherToFailQuestOnDeath	91	518b4914e8d728bbff8bc8e8200dbfff85c07443f6809100000001753af64020107434568d70448d442404508bcec744240804000000e8557fb7ff8b76043bc674058338047e028bc68b40048a4c240c8888740100005e59c20400
00897cf0	CGameScriptInterface::SetNumberOfTimesHeroHasHadSex	91	518b4914e8771cbbff8bc8e8c000bfff85c07443f6809100000001753af64020107434568d70448d442404508bcec744240804000000e8f572b7ff8b76043bc674058338047e028bc68b40048b4c240c8988540100005e59c20400
0089ec60	CGameScriptInterface::CreatureGeneratorAddTriggerer	92	8b4c24048b015657ff502c8b4c24108b118bf0ff522c8bf8f746240000002074368d44240c83c644508bcec74424103d000000e88803b7ff8b76043bc6740583383d7e028bc6f6476c088b40047408578bc8e8c9bfeaff5f5ec20800
0089ecc0	CGameScriptInterface::CreatureGeneratorRemoveTriggerer	92	8b4c24048b015657ff502c8b4c24108b118bf0ff522c8bf8f746240000002074368d44240c83c644508bcec74424103d000000e82803b7ff8b76043bc6740583383d7e028bc6f6476c088b40047408578bc8e8c9b4eaff5f5ec20800
0089a270	CGameScriptInterface::SetThingAsKilled	92	518b4914e8f7f6baff8bc8e840dbbeff85c07444f7402000001000743b568d70448d442404508bcec744240814000000e87b4db7ff8b76043bc674058338147e028bc68b4c240c8b118b7004ff522c508bcee8f3c3d3ff5e59c20400
0089a210	CGameScriptInterface::GetHeroWillEnergyPercentage	93	518b4914e857f7baff8bc8e8a0dbbeff85c07445f6809100000001753cf64020107436568d70448d442404508bcec744240804000000e865c3b9ff8b76043bc674058338047e028bc68b4804e81903ceffe80a4836005e59c333c059c3
00899c90	CGameScriptInterface::GetPlayerCreatureCombatMultiplier	93	518b4914e8d7fcbaff8bc8e820e1beff85c07442f680910000000175398b482cf6c5017431568d70448d442404508bcec744240868000000e8e3c8b9ff8b76043bc674058338687e028bc68b4804e88dc8e3ff5e59c3b80100000059c3
008a1650	CGameScriptInterface::GetBestScoreBlackjack	94	518b4914e81783baff8bc8e87067beff85c07446f6809100000001753df64020107437568d70448d442404508bcec744240804000000e8254fb9ff8b76043bc674058338047e028bc68b4004d98080010000e8c9d335005e59c333c059c3
008a16b0	CGameScriptInterface::GetBestScoreCoinGolfOakVale	94	518b4914e8b782baff8bc8e81067beff85c07446f6809100000001753df64020107437568d70448d442404508bcec744240804000000e8c54eb9ff8b76043bc674058338047e028bc68b4004d98084010000e869d335005e59c333c059c3
008a1710	CGameScriptInterface::GetBestScoreCoinGolfSnowSpire	94	518b4914e85782baff8bc8e8b066beff85c07446f6809100000001753df64020107437568d70448d442404508bcec744240804000000e8654eb9ff8b76043bc674058338047e028bc68b4004d98088010000e809d335005e59c333c059c3
008a1770	CGameScriptInterface::GetBestScoreShoveHaPenny	94	518b4914e8f781baff8bc8e85066beff85c07446f6809100000001753df64020107437568d70448d442404508bcec744240804000000e8054eb9ff8b76043bc674058338047e028bc68b4004d9808c010000e8a9d235005e59c333c059c3
0088e2a0	CGameScriptInterface::IsLevelLoaded	94	8b442404568bf18b4e048b115750ff52348bc8e8c8d5c6ff8bf885ff75075f32c05ec204008b4e048b01ff50348b10578bc8ff522884c0741e8b4e048b0157ff50348bc8e817edc6ff84c0750a5fb8010000005ec204005f33c05ec20400
0088ead0	CGameScriptInterface::EntitySetAsDamageable	95	56578b7c240c8b078bf18bcfff902c01000084c074448b178bcfff522cf6406c0274378a88bc0000008a90bc000000538b5c241432cb80e10132d1538890bc0000008b16578bceff92380800008b0653578bceff903c0800005b5f5ec20800
00899140	CGameScriptInterface::GetHeroRenownLevel	95	518b4914e82708bbff8bc8e880ecbeff85c07446f6809100000001753df6402010742f568d70448d442404508bcec744240804000000e835d4b9ff8b76043bc674058338047e028bc68b40048b40705e59c38b04248b407059c383c8ff59c3
008a12a0	CGameScriptInterface::GetNumHousesOwned	95	518b4914e8c786baff8bc8e8206bbeff85c07447f6809100000001753ef64020107438568d70448d442404508bcec744240804000000e8d552b9ff8b76043bc674058338047e028bc68b48048b81e40000000381e00000005e59c333c059c3
00899000	CGameScriptInterface::GiveHeroExperience	95	518b4914e86709bbff8bc8e8b0edbeff85c07447f6809100000001753e8b482cf6c5017436568d70448d442404508bcec744240868000000e8e35fb7ff8b76043bc674058338687e028bc68b4c240c8b4004518bc8e866e7e3ff5e59c20400
0088e6f0	CGameScriptInterface::AreEntitiesEnemies	96	56578b7c240c8b078bcfff902c01000084c074308b7424108b168bceff922c01000084c0741e8b068bceff502c8b178bcf8bf0ff522c8bd68bc8e8c1ebedff5f5ec208005f32c05ec20800cccccccccc83f9037c0883f90a7f03b001c332c0c3
0089b3f0	CGameScriptInterface::SetHeroAsWearing	96	518b4914e877e5baff8bc8e8c0c9beff85c07448f6809100000001753ff74020000004007436568d70448d442404508bcec744240812000000e8f23bb7ff8b76043bc674058338127e028bc68b4c240c8b4004518bc8e8f28cd1ff5e59c20400
